Rank,Medal,School,Team,Solved,Penalty,Dirt,A,B,C,D,E,F,G,H,I,J,K,L,M
1,Gold,北京大学,上帝和他的工具人们,10,1045,0.23,+2(18),+1(194),+1(24),-7,+1(86),+1(30),,+1(54),+1(279),+2(108),,+2(141),+1(51)
2,Gold,上海交通大学,不朽之夜,9,931,0.25,+3(47),,+1(31),,+1(109),+1(26),,+2(180),+1(192),+1(118),,+1(77),+1(91)
3,Gold,南京大学,咖啡鸡,9,992,0.25,+1(20),-2,+1(13),,+1(74),+1(52),,+2(91),+1(160),+1(273),,+3(217),+1(32)
4,Gold,上海交通大学,燕返,9,1552,0.52,+1(26),+4(265),+3(28),,+2(77),+2(80),,+3(96),+1(296),+1(276),,,+2(208)
5,Gold,浙江大学,Legilimens,8,849,0.27,+1(44),,+2(31),-3,+1(98),+2(61),,+2(183),-3,+1(189),,+1(111),+1(72)
6,Gold,东南大学,艾斯易悠-都行,8,1234,0.42,+2(72),,+1(27),,+3(228),+1(66),,+3(145),+1(266),+2(223),,,+1(87)
7,Gold,北京大学,我们队的队名长达十七个字，你们能秒我？,7,852,0.3,+1(100),,+1(15),,+1(188),+1(135),,+2(246),,,,+1(34),+3(74)
8,Gold,华东师范大学,_,7,968,0.36,+3(55),,+1(46),,+1(150),+2(86),,+2(237),,-6,,+1(204),+1(110)
9,Gold,北京大学,全场队名最正常的队,7,1015,0.3,+1(87),,+1(36),,+3(206),+1(70),,,,+1(270),,+2(173),+1(113)
10,Gold,上海大学,你以为你CF过了四题,7,1067,0.53,+1(69),,+1(41),,+1(128),+3(43),,+4(253),,+2(211),,,+3(162)
11,Gold,北京航空航天大学,一号位,7,1199,0.58,+3(65),,+3(57),,+2(207),+1(49),,,,+3(288),,+1(98),+4(235)
12,Gold,中山大学,中山大学_午餐不见了,7,1202,0.58,+5(120),,+1(30),,+3(201),+1(59),,-15,,+2(224),,+3(272),+2(96)
13,Gold,清华大学,灰胡椒,7,1384,0.72,+5(232),,+3(25),,+3(183),+4(75),,+5(153),-5,-3,,+1(213),+4(143)
14,Gold,复旦大学,喵喵流,6,641,0.57,+2(48),,+1(23),,+4(183),+1(28),,+5(136),,,,-3,+1(63)
15,Gold,浙江大学,Extraterrestrial,6,717,0.14,+1(32),,+1(25),,+1(232),+1(94),,+2(212),,-4,,,+1(102)
16,Gold,浙江大学,Immortal Shield,6,754,0.4,+1(17),,+1(32),,+1(215),+2(93),,+3(205),,-3,,-8,+2(112)
17,Gold,厦门大学,趁热,6,867,0.45,+3(79),,+2(31),,+3(238),+1(85),,,,+1(191),,-3,+1(143)
18,Gold,中山大学,中山大学_职业鸽手,6,910,0.53,+1(46),,+2(29),,+3(256),+1(51),,+2(167),,,,-3,+4(221)
19,Gold,复旦大学,小小青蛙不输风雨,6,975,0.53,+2(73),,+4(57),,+2(148),+1(87),,-8,,+1(198),,,+3(272)
20,Gold,广东工业大学,最大瘤,6,1033,0.45,+1(44),,+1(18),,+4(291),+2(166),,,,,,+1(190),+2(224)
21,Gold,电子科技大学,UESTC_Dove,6,1069,0.66,+1(80),,+5(90),,+4(239),+2(85),,,,-3,,+4(197),+2(138)
22,Gold,清华大学,我带你们打,6,1137,0.75,+1(101),,+1(33),,+12(211),+1(18),,,,,,+6(286),+3(128)
23,Gold,北京师范大学,古手羽入,6,1292,0.64,+4(253),,+1(28),,+1(175),+1(89),,,,+1(230),,-4,+9(297)
24,Gold,清华大学,恶膜铭铭秒没命,6,1345,0.72,+3(88),,+4(75),,+5(224),+2(176),,,-2,-9,,+3(290),+5(172)
25,Gold,电子科技大学,UESTC_Sakura,5,479,0.16,+1(56),,+1(32),,-4,+1(16),,-7,,+1(222),,-4,+2(133)
26,Gold,浙江师范大学,???,5,495,0.54,+3(18),,+1(20),,+1(133),+2(44),,-18,,,,,+4(160)
27,Gold,北京航空航天大学,试炼者,5,538,0.5,+1(33),,+1(40),,+5(194),+2(74),,,,-8,,,+1(97)
28,Gold,同济大学,荠蒻,5,596,0.61,+4(48),,+2(22),,+4(194),+1(93),,-21,,,,,+2(79)
29,Silver,北京邮电大学,假面骑士,5,661,0.44,+1(57),,+2(32),,+3(197),+1(82),,,,-3,,,+2(213)
30,Silver,中国地质大学（武汉）,胜天半子,5,690,0.37,+1(84),,+2(32),,+2(256),+1(58),,+2(200),,,,,-3
30,Silver,北京航空航天大学,萌新求带,5,690,0.5,+2(101),,+1(14),,+3(221),+3(95),,,,,,,+1(159)
32,Silver,东华大学,宇宙世界无敌,5,746,0.37,+1(128),,+1(26),,+2(181),+1(54),,+3(297),,,,,
33,Silver,浙江农林大学,白昼之光,5,748,0.64,+2(55),,+2(25),,+4(259),+5(137),,,,+1(92),,,-11
34,Silver,浙江工业大学,ZJUT5,5,779,0.64,+1(42),,+1(20),,+3(176),+1(64),,,,,,,+8(297)
35,Silver,山东大学（威海）,最强蛐蛐,5,792,0.44,+2(165),,+3(37),,-6,+2(119),,,,+1(266),,,+1(125)
36,Silver,中国海洋大学,如何让新生爱上acm,5,797,0.5,+5(147),,+1(22),,+1(224),+2(67),,,,,-2,,+1(237)
37,Silver,山东理工大学,丰神如玉世无双,5,799,0.5,+2(101),,+2(21),,-3,+1(122),,+2(250),,,,,+3(205)
38,Silver,江苏科技大学,还好没考后缀自动机,5,800,0.61,+2(70),,+1(25),,+5(257),+1(59),,,,-5,,,+4(229)
39,Silver,浙江中医药大学,数学与编程,5,826,0.44,+1(46),,+2(23),,+2(297),+3(164),,,,,,,+1(216)
40,Silver,浙江工业大学,汤姆熊猫,5,843,0.44,+2(98),,+1(26),,-6,+2(113),,,,+1(272),,,+3(254)
41,Silver,温州大学,阿尔法队,5,857,0.66,+2(55),,+2(45),,-5,+4(191),,,,,,+1(218),+6(148)
42,Silver,东南大学,该学英语了,5,883,0.7,+1(63),,+1(23),,+4(175),+2(94),,,,,,,+9(288)
43,Silver,华中科技大学,春田花花幼稚园,5,885,0.58,+2(68),,+1(34),,-4,+2(141),,,,+2(281),,,+5(221)
44,Silver,大连理工大学,mob,5,903,0.61,+4(111),,+3(97),,+2(236),+1(95),,,,-3,,,+3(204)
45,Silver,武汉大学,能吃能睡带不动,5,924,0.58,+1(97),,+3(81),,+2(236),+1(73),,,-3,,,,+5(297)
46,Silver,西北工业大学,铸铁成金,5,969,0.64,+3(96),,+3(49),,+3(244),+1(104),,,,,,,+4(296)
47,Silver,河海大学,我永远喜欢由比滨结衣,4,330,0,+1(44),,+1(27),,+1(178),+1(81),,,,,,,-2
48,Silver,杭州师范大学,Tree-AC,4,392,0,+1(66),,+1(24),,+1(221),+1(81),,,,,,,
49,Silver,中山大学,中山大学_星云,4,428,0.33,+1(96),,+1(31),,+3(222),+1(39),,,,,,,-5
50,Silver,南京大学,No Response,4,472,0.5,+3(123),,+2(35),,,+1(73),,,,,,,+2(161)
51,Silver,河南农业大学,30iq,4,482,0.5,+2(99),,+2(26),,-3,+1(64),,,,,,,+3(213)
52,Silver,中国人民大学,我就是把键盘敲烂了也不用IDE,4,487,0.5,+3(110),,+1(21),,-5,+1(55),,,,,,-3,+3(221)
53,Silver,山东大学,棉花糖,4,499,0.33,+2(134),,+1(16),,+2(231),+1(78),,,,,,,
54,Silver,长安大学,随机星,4,504,0.5,+2(103),,+2(47),,,+1(104),,,,,,,+3(170)
55,Silver,宁波工程学院,牛顿的烈焰激光剑,4,505,0.5,+3(91),,+1(25),,-5,+2(126),,,,,,,+2(183)
55,Silver,中国石油大学（华东）,一发玄学试试水，全靠暴力出奇迹,4,505,0.5,+3(41),,+1(24),,+1(219),+3(141),,,,,,,-2
57,Silver,上海大学,魔菜队,4,541,0.42,+2(121),,+1(30),,+3(254),+1(76),,-2,,,,,
58,Silver,西北大学,carry jwj,4,558,0.6,+5(111),,+3(16),,+1(246),+1(65),,,,,,,-5
59,Silver,重庆大学,这座城，又多了三个打铁的人,4,567,0.5,+2(57),,+2(35),,,+1(115),,,,,,,+3(280)
60,Silver,重庆邮电大学,菜的魔力转圈圈,4,572,0.63,+3(103),,+3(46),,-8,+1(94),,,,-2,,,+4(189)
61,Silver,哈尔滨工业大学,哈工大没有空调,4,577,0.55,+1(87),,+1(24),,,+2(67),,,,,,,+5(299)
62,Silver,广州大学,我钟意食烧鸡翼,4,579,0.42,+2(104),,+2(38),,+2(228),+1(149),,,,-3,,,
63,Silver,青岛大学,单皮奶,4,608,0.42,+1(102),,+2(43),,+2(276),+2(127),,-3,,,,,
64,Silver,电子科技大学,UESTC_Ycuf,4,612,0.5,+2(86),,+1(67),,+2(236),+3(143),,,,,,,-4
65,Silver,国防科技大学,听党指挥,4,622,0.63,+2(82),,+1(15),,+7(291),+1(94),,,,-3,,,
66,Silver,武汉大学,珞珈山老演员,4,631,0.66,+3(44),,+1(37),,+7(293),+1(97),,-2,,-2,,,-2
67,Silver,西北工业大学,你的菜名从爱尔兰到契丹无人不知无人不晓,4,632,0.63,+4(277),,+3(48),,,+1(35),,,,,,-5,+3(132)
68,Silver,北京理工大学,I题是个签到题,4,643,0.6,+1(75),,+3(40),,,+3(115),,,,,,,+3(293)
69,Silver,湘潭大学,我太南了,4,645,0.6,+1(83),,+3(53),,+4(222),+2(167),,,,,,,-3
70,Silver,北京邮电大学,输出五分钟，点餐两小时,4,646,0.6,+1(74),,+2(35),,+4(283),+3(134),,,,,,,-4
71,Silver,浙江大学宁波理工学院,自由探戈,4,660,0.6,+3(144),,+3(19),,+3(247),+1(130),,,,,,,-5
72,Silver,东南大学,打完这场我就退役,4,664,0.66,+2(111),,+3(52),,-2,+2(81),,,,-3,,,+5(260)
73,Silver,哈尔滨工业大学,楼上带哥队名真好听,4,671,0.63,+1(48),,+6(70),,-8,+3(203),,,,,,,+1(210)
74,Silver,华南理工大学,SCUT_鸽子固定器,4,686,0.55,+1(79),,+2(42),,+5(279),+1(186),,,,,,,-8
75,Silver,杭州电子科技大学,太空人,4,693,0.55,-7,,+1(27),,,+1(83),,,,+1(206),,,+6(277)
76,Silver,西安交通大学,对对,4,695,0.63,+2(105),,+4(79),,-3,+2(75),,,,,,,+3(296)
77,Silver,南京航空航天大学,教练我想穿裙子,4,730,0.71,+1(85),,+2(57),,+10(277),+1(111),,,,,,,-4
78,Silver,浙江工商大学,我们一定会有女朋友的,4,733,0.6,+4(92),,+3(46),,,+1(198),,,,,,,+2(277)
79,Silver,山东大学,本题唯一指定算法,4,751,0.73,+2(61),,+2(65),,,+4(133),,+7(272),,,,,-5
80,Silver,北京理工大学,北湖函数,4,760,0.42,+2(171),,+1(37),,+2(296),+2(196),,,,,,,
81,Silver,中国石油大学（华东）,我想过六级,4,774,0.66,+3(114),,+2(51),,+4(290),+3(159),,,,,,,
81,Silver,西安电子科技大学,睡梦罗汉拳,4,774,0.78,+2(59),,+1(24),,+14(299),+2(92),,,,,,,-5
83,Silver,华南农业大学,大三索,4,782,0.55,+4(256),,+1(21),,,+3(126),,+1(279),,,,-4,-5
84,Silver,太原理工大学,明向故事,4,799,0.69,+2(157),,+6(127),,,+1(96),,,,,,,+4(239)
85,Silver,南华大学,我爱北京天安门,4,872,0.63,+3(146),,+2(58),,,+4(246),,-2,,,,,+2(282)
86,Bronze,青岛科技大学,白珍珠的泡沫爱慕,4,907,0.81,+4(87),,+1(25),,+15(296),+2(139),,,,,,,-5
87,Bronze,华南理工大学,今天队友到齐了吗,4,928,0.76,+2(107),,+5(105),,+5(274),+5(182),,,,-3,,,-6
88,Bronze,西安交通大学,外柔内刚,4,955,0.71,+4(132),,+7(152),,+2(279),+1(192),,,,,,,
89,Bronze,北京师范大学,大风吹,4,1006,0.81,+8(191),,+4(56),,+6(294),+4(105),,,,,,,-2
90,Bronze,西安交通大学,真签完到就金啊都,4,1068,0.75,+6(283),,+5(207),,+4(295),+1(43),,,,,,,
91,Bronze,湖南文理学院,AC自动机,3,148,0.25,+2(14),,+1(39),,-3,+1(75),,,,,,,-6
92,Bronze,台州学院,最大牛,3,197,0.25,+1(89),,+2(26),,-5,+1(62),,,,,,,-2
93,Bronze,深圳大学,爆零,3,198,0.25,+1(87),,+2(27),,-6,+1(64),,,,,,,
94,Bronze,南京邮电大学,三相之力,3,219,0.4,+3(89),,+1(35),,,+1(55),,,,-2,,,-2
95,Bronze,江苏科技大学,AC一题XYC捐赠一件装备,3,230,0.25,+1(115),,+2(27),,,+1(68),,,,,,,-10
96,Bronze,南开大学,常WA,3,236,0.25,+2(120),,+1(22),,,+1(74),,,,,,,-6
97,Bronze,杭州电子科技大学,三文鱼,3,237,0.4,+3(78),,+1(23),,,+1(96),,,,,,,-2
98,Bronze,山东师范大学,沈佳宜好菜啊,3,258,0.25,+1(62),,+1(40),,-18,+2(136),,,,,,,
99,Bronze,中国矿业大学（北京）,京矿小队,3,269,0.5,+3(72),,+1(16),,,+2(121),,,,,,,-13
100,Bronze,北京化工大学,不是很懂你们Div1,3,275,0.25,+2(98),,+1(49),,,+1(108),,,,,,,-7
101,Bronze,南京理工大学,这次想好叫啥名,3,282,0.25,+1(98),,+2(45),,,+1(119),,,,,,,-5
102,Bronze,成都东软学院,喷火龙,3,290,0.25,+2(107),,+1(38),,,+1(125),,,,,,,-7
103,Bronze,南京大学,皮卡丘永不为奴,3,294,0.57,+3(115),,+3(26),,,+1(73),,,,,,-10,
104,Bronze,武汉大学,能吃能睡带得动,3,309,0.57,+2(94),,+1(43),,,+4(92),,,-7,,,,-7
105,Bronze,华南理工大学,SCUT_赌徒,3,312,0.57,+3(131),,+3(32),,-2,+1(69),,,,,,-5,
106,Bronze,哈尔滨工业大学（威海）,蓝莓蛋挞,3,315,0.4,+2(71),,+1(36),,,+2(168),,,,,,,-8
106,Bronze,四川大学,稍等，我们想一个队名,3,315,0.25,+2(176),,+1(34),,,+1(85),,,,,,,-4
108,Bronze,福州大学,憨批熊,3,316,0.4,+1(70),,+2(29),,,+2(177),,,,,,,
109,Bronze,中国石油大学（华东）,苦练自动机,3,322,0.62,+3(89),,+4(28),,,+1(105),,,,,,,
110,Bronze,东北农业大学,七面埋伏,3,328,0.25,+2(182),,+1(49),,,+1(77),,,,,-2,,-2
111,Bronze,浙江理工大学,围着火炉吃西瓜,3,336,0.62,+6(120),,+1(16),,,+1(100),,,,,,,-4
111,Bronze,福建师范大学,我样例过了！,3,336,0.5,+4(166),,+1(27),,,+1(83),,,,,,,-3
113,Bronze,西北工业大学,你看这个锅它又大又圆,3,340,0.4,+3(190),,+1(28),,,+1(82),,,,,,,-3
113,Bronze,华东理工大学,瑟瑟发抖,3,340,0.4,+1(142),,+1(96),,,,,,,,,-3,+3(62)
115,Bronze,郑州大学,我不要你觉得,3,351,0.4,+1(80),,+2(55),,,+2(176),,,,,,,-4
115,Bronze,北京交通大学,和，断幺九,3,351,0.5,+3(119),,+1(36),,-4,+2(136),,,,,,,
117,Bronze,长春工业大学,两个露琪亚，一人一个,3,352,0.25,+2(125),,+1(26),,,+1(181),,,,,,,-10
118,Bronze,华东师范大学,玉米炒葡萄,3,359,0.62,+1(24),,+3(63),,-5,+4(172),,,,,,,-7
119,Bronze,湘潭大学,教练我们想要坐飞机,3,361,0.4,+1(121),,+2(24),,-6,+2(176),,,,,,,
120,Bronze,东北大学秦皇岛分校,NEUQ-来帮学长找妹子,3,365,0.5,+4(110),,+1(58),,,+1(137),,,,,,,-8
121,Bronze,北京邮电大学,垃圾全家桶,3,370,0.57,+3(149),,+1(26),,-8,+3(115),,,,,,,
122,Bronze,南京航空航天大学,犹豫，就会白给,3,372,0.5,+3(187),,+1(38),,,+2(87),,,,,,,-4
123,Bronze,绍兴文理学院元培学院,榜一扛着火车跑了,3,373,0.5,+3(172),,+2(21),,,+1(120),,,,,,,-12
124,Bronze,河南理工大学,犹豫就会败北,3,388,0.5,+3(81),,+1(34),,,+2(213),,,,,,,-8
125,Bronze,哈尔滨工程大学,沧桑旅者,3,390,0.4,+3(130),,+1(31),,,+1(189),,,,,,,-2
126,Bronze,山东理工大学,"你好,徐州",3,391,0.7,+5(88),,+2(34),,,+3(129),,,,,,,-10
126,Bronze,广东工业大学,闪光六连,3,391,0.5,+1(102),,+2(53),,,+3(176),,,,,,,-6
128,Bronze,大连理工大学,青春野狼,3,393,0.5,+1(134),,+3(43),,,+2(156),,,,-2,,,
129,Bronze,江南大学,WFT,3,397,0.57,+4(130),,+1(39),,,+2(148),,,,,,,-6
130,Bronze,南京工业大学,南工喷壶,3,398,0.57,+4(156),,+1(66),,,+2(96),,,,,,,
131,Bronze,南京理工大学,抽象艺术家,3,410,0.66,+6(79),,+1(24),,,+2(187),,,,,,,-10
132,Bronze,山东理工大学,华灯初上,3,412,0.25,+1(226),,+1(36),,,+2(130),,,,,,,-5
133,Bronze,西南交通大学,集体翻车,3,422,0.62,+2(177),,+4(75),,,+2(70),,,,,,,-4
133,Bronze,南开大学,大人，时代变了,3,422,0.5,+4(239),,+1(45),,,+1(78),,,,,,,-4
135,Bronze,南方科技大学,南方科技大学_叙斯特伦,3,425,0.62,+3(217),,+2(11),,-3,+3(97),,,,,,,-6
136,Bronze,浙江财经大学,doctor~现在还不能休息哟,3,431,0.62,+4(100),,+3(89),,-5,+1(142),,,,,,,-8
137,Bronze,山东大学,看我倒拔KD树,3,434,0.57,+2(122),,+3(70),,,+2(162),,,,,,,
138,Bronze,中国矿业大学,AD钙,3,440,0.57,+4(194),,+2(56),,,+1(110),,,,,,,-4
139,Bronze,电子科技大学中山学院,CDZSC_再来一发,3,445,0.25,+1(200),,+2(60),,,+1(165),,,,,,,-7
140,Bronze,长沙理工大学,嘤洋怪琦,3,454,0.62,+4(128),,+3(52),,,+1(174),,,,,,,-2
140,Bronze,上海大学,格物致知,3,454,0.57,+5(260),,+1(31),,-2,+1(83),,,,,,,
142,Bronze,江南大学,菜的魔力转圈圈,3,455,0.4,+2(148),,+1(41),,,+2(226),,,,,,,-2
143,Bronze,东北大学,队名被改了,3,456,0.62,+5(203),,+2(61),,-3,+1(92),,,,,,,-8
144,Bronze,郑州轻工业大学,我有两块牌，一块是铁，另一块也是铁,3,461,0.4,+3(190),,+1(69),,-4,+1(162),,,,,,,
145,Bronze,东北大学秦皇岛分校,NEUQ-Team Defy,3,468,0.5,+4(147),,+1(34),,,+1(227),,,,,,,-6
146,Bronze,华中科技大学,黑糖珍珠圣代,3,479,0.62,+4(234),,+3(48),,,+1(97),,,,,,,-2
147,Bronze,南京理工大学,中饭要吃三份才能过题,3,480,0.66,+5(206),,+3(43),,,+1(111),,,,,,,-7
148,Bronze,杭州电子科技大学,轮到我了,3,483,0.72,+8(201),,+1(45),,,+2(77),,,,,,,-6
148,Bronze,合肥学院,番茄乐园,3,483,0.25,+2(199),,+1(26),,,+1(238),,,,,,,-15
148,Bronze,东北大学,星象仪,3,483,0.57,+3(204),,+2(68),,-7,+2(131),,,,,,,
151,Bronze,常州大学,给榜一倒一杯卡布奇诺,3,485,0.4,+2(129),,+1(72),,,+2(244),,,,,,,
152,Bronze,南阳理工学院,哆啦WA梦,3,489,0.57,+4(279),,+1(37),,,+2(93),,,,,,,
152,Bronze,湖南科技大学,匿名群友,3,489,0.62,+5(205),,+1(45),,,+2(139),,,,,,,-5
154,Bronze,中国矿业大学,cumt2-2,3,493,0.57,+3(106),,+1(38),,,+3(269),-2,,,,,,
155,Bronze,东北大学秦皇岛分校,NEUQ-DevDev,3,496,0.5,+1(125),,+1(41),,,+4(270),,,,,,,
156,Bronze,北京师范大学珠海分校,忘记注册,3,504,0.57,+3(133),,+1(45),,,+3(246),,,,,,,-5
157,Bronze,南京晓庄学院,全体起立,3,511,0.7,+7(248),,+1(22),,,+2(101),,,,,,,
157,Bronze,宁波大学,CF想AK一次,3,511,0.5,+4(221),,+1(27),,,+1(203),,,,,,,
159,Bronze,南京师范大学,敏行队,3,512,0.66,+5(254),,+1(24),,,+3(114),,,,,,,
160,Bronze,东北农业大学,毋须三人，一人即可坐断钢筋,3,517,0.5,+2(159),,+2(71),,,+2(227),,,,,,,
161,Bronze,肇庆学院,阿仙奴,3,526,0.4,+1(153),,+3(93),,,+1(240),,,,,,,
162,Bronze,东北大学,辉耀,3,530,0.62,+3(253),,+2(93),,,+3(84),,,,,,,
162,Bronze,东北林业大学,1234567,3,530,0.5,+1(107),,+1(72),,,+4(291),,,,,,,
164,Bronze,福建工程学院,队名,3,531,0.62,+3(238),,+4(93),,,+1(100),,,,,,,-7
165,Bronze,苏州大学,树上停滞机,3,537,0.57,+4(129),,+2(60),,,+1(268),,,,,,,-6
166,Bronze,浙江科技学院,和山车神,3,548,0.7,+6(213),,+2(45),,,+2(150),,,,,,,
167,Bronze,中国计量大学现代科技学院,现科一队,3,553,0.62,+5(256),,+2(53),,,+1(144),,,,,,,-4
168,Bronze,北京理工大学,雨女无瓜,3,563,0.7,+7(133),,+1(30),,,+2(260),,,,,,,-6
169,Bronze,闽南师范大学,天佐,3,571,0.66,+7(225),,+1(24),,,+1(202),,,,,,,-5
170,Bronze,天津大学,月下带花树,3,573,0.57,+2(174),,+3(94),,,+2(225),,,,,,,-3
170,,南京邮电大学,莫比乌斯演我,3,573,0.5,+1(248),,+2(58),,,+3(207),,,,,,,-2
172,,西南民族大学,SMU_起点,3,580,0.62,+2(134),,+1(77),,,+5(269),,,,,,,
173,,中北大学,最菜�,3,581,0.5,+2(240),,+1(19),,,+3(262),,,,,,,
174,,湖南工业大学,拖延症,3,584,0.72,+3(172),,+5(50),,,+3(202),,,,,,,-3
175,,南昌大学,supernova,3,594,0.66,+6(233),,+1(31),,,+2(210),,,,,,,-4
176,,中国矿业大学徐海学院,禁止吸烟,3,598,0.7,+3(232),,+3(32),,,+4(194),,,,,,,-2
177,,中南林业科技大学,正方形,3,604,0.57,+2(264),,+3(55),,,+2(205),,,,,,,
178,,南京航空航天大学,咕^6,3,605,0.7,+2(171),,+3(62),,,+5(232),,,,-2,,,
179,,长春理工大学,我的队友也很暴躁,3,611,0.72,+6(239),,+3(43),,,+2(169),,,,-2,,,
180,,南开大学,想起高兴的事情,3,620,0.7,+4(204),,+2(31),,,+4(245),,,,,,,
181,,中国矿业大学（北京）,鑫鑫向荣,3,621,0.76,+3(80),,+6(83),,,+4(258),,,,,,,-2
182,,江苏科技大学（张家港）,胜利,3,622,0.76,+3(186),,+1(23),,,+9(213),,,,,,,-3
183,,东北师范大学,焰起孤山,3,626,0.5,+2(174),,+1(100),,,+3(292),,,,,,,
184,,齐鲁工业大学,!_!,3,627,0.78,+3(70),,+7(174),,-4,+4(163),,,,,,,
185,,北京林业大学,极光永昼,3,633,0.62,+2(247),,+2(119),,,+4(167),,,,,,,-5
186,,河南理工大学,自闭三人行,3,636,0.66,+4(242),,+2(114),,,+3(160),,,,,,,-4
187,,福州大学,鸽鸽我们来惹,3,641,0.66,+6(251),,+2(79),,,+1(191),,,,,,,-4
188,,南昌航空大学,听取wa声一片,3,645,0.66,+4(114),,+3(143),,-6,+2(268),,,,,,,
189,,广东工业大学,暴力仙女,3,650,0.72,+4(110),,+4(106),,,+3(274),,,,,,,-2
190,,哈尔滨学院,可乐鸡,3,651,0.7,+7(232),,+1(16),,,+2(263),,,,,,,
191,,武汉科技大学,monster,3,659,0.72,+4(152),,+3(53),,,+4(294),,,,,,,
192,,西南石油大学,鸡你美死了,3,661,0.66,+4(198),,+3(111),,,+2(232),,,,,,,-6
193,,江西师范大学,请多关照,3,664,0.72,+5(258),,+1(80),,,+5(166),,,,,,,
194,,中原工学院,请来三套鼠标键盘,3,675,0.66,+4(278),,+1(33),,,+4(244),,,,,,,
195,,合肥工业大学,以上队伍成绩无效,3,679,0.83,+8(137),,+3(25),,,+7(217),,,,,,,-4
196,,南京信息工程大学,你在干啥,3,687,0.78,+4(239),,+8(174),,,+2(54),,,,,,,-2
197,,大连海事大学,风花雪月,3,692,0.57,+1(81),,+4(245),,,+2(286),,,,,,,
198,,烟台大学,三个火枪手,3,695,0.72,+5(231),,+5(126),,,+1(178),,,,,,,
199,,合肥工业大学宣城校区,虚拟键盘写代码,3,719,0.76,+2(187),,+2(40),,,+9(292),,,,,,,-2
200,,东华大学,什么,3,726,0.57,+3(230),,+2(156),,,+2(260),,,,,,,
201,,中国石油大学（北京）,像海和浪花一朵,3,729,0.72,+4(291),,+3(32),,,+4(246),,,,,,,
202,,华南师范大学,WAAAAS_SCNU,3,731,0.75,+3(169),,+4(127),,,+5(255),,,,,,,
203,,北京交通大学,球大不溜球,3,735,0.75,+6(228),,+5(266),,,+1(61),,,,,,,
204,,长沙学院,一个顶俩,3,758,0.78,+3(214),,+3(35),,,+8(289),,,,,,,
205,,哈尔滨理工大学,哈理工2019秋15,3,763,0.76,+3(264),,+9(158),,,+1(141),,,,,,,
206,,南京邮电大学,柠檬加醋,3,767,0.75,+5(266),,+2(31),,,+5(290),,,,,,,
207,,南通大学,我觉得我写的每一行代码都是诗,3,799,0.78,+7(233),,+3(55),,,+4(291),,,,,,,
208,,吉林大学,流浪气球,3,804,0.7,+4(257),,+5(154),,,+1(253),,,,,,,-3
209,,湖南大学,队列,3,824,0.82,+9(283),,+6(116),,,+2(145),,,,,,,
210,,华中科技大学,队伍名六个字,3,838,0.81,+5(260),,+7(145),,,+4(173),,,,,,,-2
211,,山东科技大学,奋进号,3,903,0.86,+5(187),,+4(42),,,+14(274),,,,,,,
212,,哈尔滨工业大学（深圳）,达克日食者号,3,953,0.84,+9(285),,+8(105),,,+2(243),,,,,,,
213,,中南大学,玩的开心,3,1049,0.82,+8(266),,+6(259),,-4,+3(244),,,,,,,
214,,山东科技大学,三叉戟号,2,160,0,,,+1(36),,,+1(124),,,,,,,-5
214,,太原理工大学,三个火枪手,2,160,0.33,+2(97),,+1(43),,,-14,,,,,,,
216,,青岛理工大学,逆光飞行,2,173,0.5,+3(94),,+1(39),,,-9,,,,,,,
217,,中国矿业大学,cumt2-1,2,189,0.5,+2(108),,+2(41),,,-12,,,,,,,
218,,华中农业大学,测评姬二分,2,206,0,-8,,+1(52),,,+1(154),,,,,,,
219,,吉林大学,给评测机倒一杯卡布奇诺,2,208,0.33,+1(132),,+2(56),,,-3,,,,,,,
220,,河北工业大学,应用回归分析,2,213,0.33,-6,,+2(47),,,+1(146),,,,,,,
221,,河海大学,英语杀我,2,216,0.33,+2(139),,+1(57),,,-5,,,,,,,
222,,暨南大学,看看你们花里胡哨的队名,2,257,0.33,-5,,+2(110),,,+1(127),,,,,,,
223,,广东外语外贸大学,铁头娃,2,268,0.6,+4(137),,+1(71),,,-4,,,,,,,
224,,南阳理工学院,唐宋元明清,2,294,0.33,-5,,+1(58),,,+2(216),,,,,,,
225,,中国地质大学（北京）,吃瓜键盘侠,2,303,0.71,-4,,+3(44),,,+4(159),,,,,,,
226,,杭州电子科技大学信息工程学院,信工六队,2,312,0.75,-8,,+4(51),,,+4(141),,,,,,,
227,,大连理工大学,我太难了队,2,315,0.5,,,+2(64),,,+2(211),,,,,,,-9
228,,河南大学,键盘侠,2,325,0.66,+3(138),,+3(107),,,-5,,,,,,-2,-2
229,,苏州大学,键盘冒xie,2,327,0.75,+7(185),,+1(22),,,-16,,,,,,,
230,,安徽大学,anti-sterotype,2,332,0.71,-10,,+3(47),,,+4(185),,,,,,,
231,,南阳师范学院,百因必有果,2,334,0.5,-7,,+2(186),,,+2(108),,,,,,,
232,,南京林业大学,帮队友找女朋友+QQ943312676?,2,340,0.33,-9,,+1(118),,,+2(202),,,,,,,
233,,南昌航空大学,花里胡哨过样例，心细胆大出奇迹,2,356,0.66,+5(239),,+1(37),,,-2,,,,,,,
234,,南京信息工程大学,苟在心里,2,360,0.71,+4(206),,+3(54),,-7,-4,,,,,,,
235,,浙江大学城市学院,一定来,2,372,0.6,-7,,+1(23),,,+4(289),,,,,,,
236,,成都理工大学,AC or not AC,2,390,0.5,-10,,+3(74),,,+1(276),,,,,,,
237,,华中师范大学,兄弟买挂不,2,391,0.71,-4,,+5(128),,,+2(163),,,,,,,
238,,西北农林科技大学,铜,2,393,0.66,+4(281),,+2(32),,,-8,,,,,,,
239,,信息工程大学,小酥饼,2,423,0.6,+4(283),,+1(80),,,-8,,,,,,,
240,,黑龙江大学,加帕里哲学三轮车,2,430,0.8,-2,,+5(77),,-5,+5(193),,,,,,,
241,,西南科技大学,二分找答案,2,443,0.75,+5(264),,+3(59),,,,,,,,,,
242,,山东财经大学,鸡山村三队（女队）,2,449,0.83,,,+2(26),,,+10(223),,,,,,,
242,,天津大学仁爱学院,小贼贼啊,2,449,0.66,+3(258),,+3(111),,,-4,,,,,,,
244,,湖北工业大学,老实巴交,2,450,0.71,+2(274),,+5(76),,,-18,,,,-2,,,
245,,吉首大学,三只小猪,2,482,0.75,+3(125),,+5(237),,,-4,,,,,,,
246,,贵州大学,GZU-ACM,2,502,0.8,-4,,+7(72),,,+3(270),,,,,,,
247,,临沂大学,已经没什么可以害怕的了,2,503,0.8,+1(223),,+9(120),,,-2,,,,,,,
248,,南京晓庄学院,欲言又止,2,518,0.6,+4(197),,-2,,,+1(261),,,,,,,-2
249,,福州大学,木大木大,2,577,0.77,+6(179),,-13,,,+3(258),,,,,,,
250,,江西财经大学,比楼上少一题,2,716,0.9,-21,,+5(55),,,+16(281),,,,,,,
251,,河海大学,我不做题了，jojo,1,28,0,-6,,+1(28),,,-15,,,,,,,
252,,华东交通大学,我太难了,1,35,0,,,+1(35),,,-5,,,,,,,-4
253,,中国传媒大学,拿不到牌全单身,1,36,0,-4,,+1(36),,,-16,,,,,,,
254,,成都信息工程大学,银河以南，为彦而燃,1,49,0,-12,,+1(49),,,,,,,,,,
255,,安阳工学院,猴子派来的小队,1,53,0.5,,,+2(33),,,-15,,,,,,,
256,,鲁东大学,星星之火,1,54,0,-7,,+1(54),,,-2,,,,,,,
257,,中国计量大学,AC自动机,1,73,0.5,,,+2(53),,,-4,,,,,,,
258,,西南交通大学峨眉校区,柠檬自动机,1,86,0.66,-6,,+3(46),,,,,,,,,,
259,,南京工业大学,怎么都队,1,94,0.5,-7,,+2(74),,,-12,,,,,,,
260,,河南理工大学,第一次来徐州吃什么好,1,128,0.66,-2,,+3(88),,,,,,,,,,
261,,郑州大学,练习时长两年半,1,132,0.66,-8,,+3(92),,,-3,,,,,,,-6
262,,湖南师范大学,清风赛尔,1,151,0.66,,,+3(111),,,-3,,,,,,,
263,,江西师范大学,时常联系,1,157,0.5,,,+2(137),,,-4,,,,,,,
264,,郑州轻工业大学,学弟带我飞,1,164,0.5,-4,,+2(144),,,,,,,,,,
265,,山东农业大学,ACCCCC,1,186,0.8,-4,,+5(106),,,-6,,,,,,,
266,,苏州大学,钢铁是怎样练成的,1,218,0.75,,,+4(158),,,-12,,,,,,,
267,,深圳职业技术学院,除了AC队,1,234,0.8,-2,,+5(154),,,-4,,,,,,,
268,,北京师范大学,起得很好的队名.cpp,1,238,0.8,,,+5(158),,,-2,,,,,,,
269,,天津大学仁爱学院,爱喝汽水,1,242,0.66,,,+3(202),,,-14,,,,,,,
269,,哈尔滨理工大学,哈理工2019秋111,1,242,0.83,-2,,+6(142),,,,,,,,,,
271,,徐州工程学院,零零四,1,263,0.85,-3,,+7(143),,,,,,,,,,
272,,南京邮电大学通达学院,从打铁开始,1,274,0.75,,,-16,,,+4(214),,,,,,,
273,,西安邮电大学,无限猴子,1,303,0.8,-2,,+5(223),,,-6,,,,,,,
274,,徐州工程学院,代码练习生,1,353,0.87,,,+8(213),,,-4,,,,,,,
275,,中国矿业大学,cumt1-1,1,373,0.93,-2,,+16(73),,,-14,,,,,,,
276,,徐州工程学院,少即是多,1,492,0.91,-5,,+12(272),,,-2,,,,,,,
277,,南京晓庄学院,九头蛇万岁,0,0,0,-3,,-2,,,,,,,,,,
277,,江西师范大学,初来乍到,0,0,0,,,-5,,,-3,,,,,,,
277,,中南民族大学,依唔玛,0,0,0,,,-15,,,,,,,,,,
277,,天津工业大学,路上一道辙,0,0,0,,,-14,,,,,,,,,,
277,,常熟理工学院,多行不E必自闭,0,0,0,-2,,-4,,,,,,,,,,
277,,江苏建筑职业技术学院,苏建院Top,0,0,0,-2,,-5,,,-2,,,,,,,
277,,江苏师范大学,小星星,0,0,0,,,-4,,,-3,,,,,,,
277,,江苏师范大学,复仇者,0,0,0,-2,,-5,,,,,,,,,,
277,,陆军工程大学,使命,0,0,0,,,-19,,,,,,,,,,
