Rank,School,Team,Solved,Penalty,Medal,Member1,Member2,Member3,A,B,C,D,E,F,G,H,I,J,K
1,清华大学,三个顶俩,11,1238,Gold,朱震霆,闫书弈,王修涵,+1(4),+1(114),+1(27),+1(250),+1(109),+1(87),+2(287),+2(49),+2(155),+1(28),+2(48)
2,清华大学,查查查乐乐,9,1282,Gold,邹逍遥,金策,吴作凡,+1(2),+1(133),+1(31),,+2(206),+1(189),-1,+3(94),+2(281),+1(71),+5(115)
3,浙江大学,Runespoor,9,1295,Gold,李彦奎,张清棋,吕耀维,+1(5),+1(159),+1(41),,+1(270),+3(283),,+2(96),+2(186),+3(91),+1(44)
4,清华大学,吃西瓜三人组,8,661,Gold,钟知闲,高睿泉,徐海珂,+1(4),+1(113),+1(26),,,+1(187),-1,+2(105),+2(69),+1(102),+1(15)
5,中山大学,中山大学_昙花,8,906,Gold,林一诺,李洋,黄镇,+1(2),+1(152),+3(52),,,+1(149),-2,+2(73),+1(219),+3(113),+1(46)
6,北京航空航天大学,咕咕鸽,8,1097,Gold,伍俊洁,钟梓皓,邓一兴,+1(9),+1(277),+1(48),,-1,+1(206),,+2(81),+3(245),+1(93),+2(58)
7,北京大学,叠猫猫,8,1302,Gold,周笑鸥,翁伊嘉,邓茵琳,+1(6),+1(168),+1(32),,,+2(276),+6(287),+2(177),-2,+1(93),+2(103)
8,复旦大学,小小青蛙不输风雨,7,826,Gold,高庆麾,耿明睿,裘家浩,+1(2),+1(155),+1(43),,,+2(214),,+3(122),,+2(104),+2(86)
9,浙江大学,Wheatfield with Crows,7,899,Gold,邓浩然,陈昱文,林思仪,+1(27),+2(282),+1(50),,,+1(224),,+2(164),-9,+1(70),+2(22)
10,杭州电子科技大学,五点共圆,7,958,Gold,顾奕臻,祝之禺,陈惇显,+1(4),+1(276),+1(35),,,-3,,+2(158),+2(201),+4(165),+1(19)
11,浙江大学,Peccadet,7,978,Gold,孙典圣,李昌栋,卢旻昊,+1(5),+1(181),+2(60),,,+2(232),,+2(100),-1,+3(160),+4(80)
12,浙江大学,除你武器,7,1062,Gold,章可循,杨沛霖,余奥洋,+1(7),+1(221),+1(32),,,+2(296),,+2(252),,+2(130),+1(64)
13,浙江理工大学,钻石羊,7,1191,Gold,林航宇,杨昊泽,罗晨宇,+1(14),+1(248),+3(70),,,+2(242),,+1(169),-7,+1(117),+5(191)
14,北京大学,会想会码不会调,7,1229,Gold,祝天然,杨帆,毛一琛,+1(9),+1(246),+1(57),,,+5(195),,+3(206),+5(283),-4,+1(33)
15,华东师范大学,acm.ecnu.edu.cn:1001,7,1262,Gold,张羽戈,林方欣,周亦然,+1(16),+1(284),+2(42),,,+4(235),,+2(243),,+8(180),+1(22)
16,南京大学,Calabash!,6,762,Gold,陈劭源,王淳扬,王冬杨,+3(14),+1(212),+1(92),,,-10,,+2(43),,+1(82),+6(159)
17,北京理工大学,森の妖精,6,775,Gold,龙水彬,沈云汉,周赫斌,+1(3),+1(243),+1(39),,,,,+2(21),-9,+7(296),+1(33)
18,北京大学,AK Team,6,777,Gold,孙耀峰,马龙,陈齐治,+1(6),,+1(82),,+2(241),+2(109),,-6,,+1(142),+2(137)
19,电子科技大学,UESTC_POP,6,781,Gold,欧阳韬,潘训涛,彭俊强,+1(7),+1(189),+1(77),,,,,+2(106),-3,+4(264),+2(38)
20,烟台大学,伊丽莎白,6,807,Gold,李超,肖毅欣,徐心雨,+1(3),+1(261),+3(65),,,,,+2(89),,+3(235),+1(54)
21,哈尔滨工业大学,伏尔甘,6,818,Gold,章金凯,鲍克勤,于金鹭,+1(4),+1(275),+3(70),,,,,+3(181),-1,+2(122),+2(46)
22,中国人民大学,口古合鸟,6,840,Gold,罗碚,刘书玮,陈志朋,+1(6),+1(110),+4(40),,,,,+6(253),-5,+2(177),+1(74)
23,中国人民大学,我舅知道！,6,853,Gold,杨铭基,丁海鹏,徐炜,+1(9),+1(190),+1(43),,,-3,,+2(219),,+3(128),+4(144)
24,重庆大学,这题不是随便搞吗,6,866,Gold,张博唬,徐茂凯,汪啸宇,+1(8),+1(260),+2(29),,,,,+3(59),,+9(225),+1(65)
25,华中科技大学,黑色切鸽者,6,873,Gold,罗宇兵,王宇轩,鲁清新,+1(11),+1(210),+1(89),,,,,+2(97),,+3(240),+3(126)
26,中南大学,我们去南京吃什么？,6,1027,Gold,刘佳妮,罗泰帅,罗龙光,+1(8),,+1(98),,,+3(291),,+2(190),,+2(235),+2(105)
27,北京航空航天大学,打不赢电脑,6,1054,Gold,彭毛小民,廖纪童,姜圣虎,+1(3),+1(297),+1(47),,,,,+7(271),,+5(174),+1(62)
28,华南理工大学,SCUT_星辰闪耀,6,1287,Gold,郑炜城,王一帆,潘伟健,+1(3),+1(267),+1(46),,,,,+2(153),,+20(284),+2(114)
29,南京理工大学,跃迁引擎,5,486,Gold,马靖豪,王兵,颜俊梁,+1(3),,+2(54),,,+1(238),,-12,-4,+1(136),+1(35)
30,福州大学,大熊软糖,5,499,Gold,吴媛媛,傅滨,李进,+1(7),+2(206),+1(34),,,-5,,-7,-6,+2(121),+2(71)
31,西南交通大学,白给,5,510,Silver,蒋欣洋,许沂聪,康梦瑶,+1(9),,+1(78),,,,,+1(112),,+1(229),+2(62)
32,安徽大学,墙角猫,5,512,Silver,陈昱翔,汪敏瑞,王唯臣,+1(22),,+1(70),,,,,+2(146),,+1(179),+1(75)
33,南方科技大学,南方科技大学_追猪者,5,513,Silver,姚寅喆,张文灏,朱泓霖,+1(13),,+3(53),,,,-8,+2(137),,+1(122),+2(108)
34,四川大学,Dreamer,5,545,Silver,任子尧,曾祥瑞,魏子豪,+1(12),,+2(85),,,+1(275),,+1(112),,-8,+1(41)
35,北京理工大学,几何的数论结构,5,565,Silver,谢威宇,孙璋亮,杨思远,+1(3),+1(188),+1(80),,,,,+2(155),,-13,+2(99)
36,东南大学,咸水小黄鸭,5,576,Silver,殷开颜,范之闽,郑祎凡,+1(5),,+1(49),,,,,+3(202),-6,+1(168),+2(92)
37,中山大学,中山大学_命运的青鸟,5,645,Silver,陈泰霖,邝启鹏,邓明昱,+1(8),,+1(35),,,,,+2(133),-1,+7(176),+4(93)
38,北京理工大学,社会佩奇,5,656,Silver,何金岷,马泽航,周琪森,+1(3),+1(253),+1(115),,,,,+2(141),-2,-8,+1(124)
39,北京交通大学,按F键进入榜一,5,661,Silver,吴泽航,赵思达,孙庆岩,+1(9),,+1(52),,,,,+2(212),,+4(220),+1(88)
40,杭州师范大学,TI1050,5,684,Silver,薛鸿涛,潘律旨,罗天松,+1(9),,+1(72),,,+4(298),,+1(63),,-8,+4(122)
41,武汉大学,未命名,5,701,Silver,蒋梦旭,岑洋,郭宇梁,+1(9),,+1(114),,,-10,,+3(188),,+4(182),+3(68)
42,北京交通大学,纯正九莲宝灯,5,701,Silver,骆艺元,栗明磊,郑栩僮,+1(17),,+1(60),,,,,+2(79),,+7(292),+1(113)
43,哈尔滨工业大学,我们都有光明的前途,5,713,Silver,孔佑康,邓俊辰,董希尧,+1(3),-2,+1(60),,,-3,,+3(213),,+4(167),+4(110)
44,哈尔滨工业大学,已然遥远的理想之城,5,718,Silver,陈海峰,曹舒淇,林琦慧,+1(5),,+2(111),,,,,+3(134),,+4(258),+2(70)
45,浙江大学宁波理工学院,宁静致远,5,718,Silver,曹弘逸,林鑫淼,张逸凡,+1(14),-1,+2(111),,,,,+1(145),,+4(268),+1(100)
46,大连理工大学,QinggeX,5,726,Silver,张航,杨飞,高凯,+1(8),+1(245),+2(99),,,,,+2(140),,-8,+4(134)
47,浙江工业大学,ZJUT7,5,729,Silver,徐远洋,钱滔,程淦,+1(9),+1(273),+1(74),,,,,+2(194),,-8,+3(119)
48,北京邮电大学,起风了,5,758,Silver,金浩男,张逸群,路已人,+1(8),,+1(56),,,+2(271),,-25,,+5(229),+1(94)
49,华南农业大学,大三索,5,780,Silver,张宏海,黄柏贵,何展宁,+1(14),,+1(68),,,+9(281),,-6,,+2(147),+2(70)
50,北京大学,壹一壹丨,5,792,Silver,徐瑞帆,聂恺辰,李佳实,+1(7),,+4(73),,,+1(242),,+3(233),,-5,+2(117)
51,华南农业大学,紫罗兰的永恒羊圈,5,796,Silver,孙聪,罗平镔,肖文洋,+1(36),,+1(73),,,,,+2(232),,+1(165),+4(210)
52,南京大学,No Response,5,798,Silver,宋子辰,王予曦,张天陵,+1(6),,+1(63),,,,,+5(275),,+3(263),+2(51)
53,武汉大学,无向秃,5,816,Silver,向征,谭雨奇,吴轲,+1(9),+1(298),+1(33),,,,,+7(256),,,+1(100)
54,华中科技大学,对未知用战斗演算,5,827,Silver,王际豪,程思哲,师天硕,+2(15),+1(292),+2(77),,,-3,,+6(260),,-10,+1(43)
55,上海大学,魔菜队,5,831,Silver,罗哲焱,董昱,林世铨,+1(5),,+1(59),,,,,+3(285),,+4(274),+1(108)
56,北京邮电大学,开局一套板，AC全靠蒙,5,882,Silver,向阳曦,陈瑞龙,凌晨,+1(24),,+1(55),,,+10(285),,+2(242),,,+1(76)
57,东北大学,再过一题,5,891,Silver,李柏雨,陈嘉尊,管胡昊,+1(12),,+1(116),,,,,+4(299),,+4(213),+3(91)
58,山东科技大学,发现号,5,957,Silver,梁天心,上官祥正,邱鹏,+2(10),,+1(42),,,,,+5(231),,+7(267),+2(167)
59,南京大学,题都做不,5,1028,Silver,姚嘉和,林荣恩,张浩宇,+1(3),+1(210),+1(60),,,,,-3,,+10(296),+8(139)
60,天津大学,背着队友偷偷WA,4,230,Silver,范一隆,王艺达,施浩森,+1(7),,+1(26),,-1,,,+1(101),,-12,+1(96)
61,同济大学,荠鸽,4,268,Silver,叶茂尧,黄颖,李昊龙,+3(15),,+1(57),,,,,+1(91),,-23,+1(65)
62,浙江大学城市学院,拿了金牌就去吃鸡,4,286,Silver,陶汀,孙华阳,庄博伟,+1(10),,+1(90),,,,,+2(118),,-46,+1(48)
63,中国石油大学（华东）,玖玖捌贰肆肆叁伍叁,4,293,Silver,王婷婷,丁晨晨,马浩睿,+1(17),,+1(41),,,,,+2(146),,-23,+1(69)
64,复旦大学,复读复读复读,4,301,Silver,刘嘉辰,陆佳艺,孙若诗,+1(5),,+2(68),,,,,+2(105),,-6,+1(83)
65,浙江师范大学,梅溪湖女孩说队名一定要长那就这么长吧,4,314,Silver,刘浩,凌静,余知航,+1(12),,+1(46),,,,,+2(145),,-15,+1(91)
66,东北师范大学,ComWin,4,385,Silver,赵梦宇,陈瑜,梁怡萍,+1(8),,+1(78),,,,,+3(161),,-16,+1(98)
67,哈尔滨理工大学,哈理工2019秋01,4,410,Silver,陈鑫,顾佳昊,于博文,+1(10),,+1(62),,,,,+4(167),,-7,+1(111)
68,中国地质大学（武汉）,期望最大化,4,412,Silver,刘仁瑞,高志锐,董兴旺,+1(8),,+2(117),,,,,+1(168),,-9,+1(99)
69,南京信息工程大学,来稳的,4,432,Silver,唐俊,曹越,胡先念,+1(12),,+1(120),,,,,+3(196),,-4,+1(64)
70,中国传媒大学,可有鱼丸粗面,4,435,Silver,夏业伟,邓楚盟,曹可意,+1(16),,+1(62),,,,,+3(208),,-7,+1(109)
71,厦门大学,趁热,4,458,Silver,李远航,洪佩怡,王炳森,+4(54),,+2(97),,,,,+3(134),,-8,+1(53)
72,宁波工程学院,下一队,4,460,Silver,田振楠,王云浩,陈凯涛,+1(10),,+1(69),,,,,+1(203),,-6,+1(178)
73,福州大学,憨批熊,4,461,Silver,林闽沪,吴少冰,陈金杰,+1(24),,+1(70),,,,,+2(108),,-6,+3(199)
74,北京邮电大学,颓废时光,4,463,Silver,马玉龙,王晓晖,刘天睿,+3(71),,+1(108),,,,,+2(164),,-8,+1(60)
75,上海大学,真难队,4,466,Silver,施焱,周晓凡,邱凯,+1(13),,+1(139),,,,,+1(179),,-5,+3(95)
76,华中师范大学,队友让我AC，我只能当灯泡,4,473,Silver,朱有为,刘亭玉,刘一泓,+1(9),,+3(182),,,,,+2(50),,-2,+3(132)
77,南京邮电大学,拯救世界,4,478,Silver,李尧羿,张佑杰,张正昊,+1(23),,+1(111),,,,,+2(109),,-7,+4(155)
78,东北大学秦皇岛分校,NEUQ-Thursday,4,481,Silver,孙意,黄鑫源,董明宇,+1(5),,+1(75),,,,,+1(161),,-1,+4(180)
79,北京邮电大学,假面骑士,4,486,Silver,黄岳嘉,杨铁智,郑铎,+1(9),,+1(66),,,,,+1(95),,-6,+5(236)
80,中国石油大学（华东）,先定一个小目标,4,489,Silver,刘志伟,赵睿顶,张森,+1(7),,+1(72),,,,,+6(211),-5,-3,+2(79)
81,杭州电子科技大学,灵车一动,4,490,Silver,刘靖凯,蒋天翼,彭志远,+1(7),,+1(115),,,,,+1(192),,-9,+2(156)
82,湖南大学,玩火,4,495,Silver,王文斌,戴翠妮,陈杰,+1(20),,+1(109),,,,,+2(174),,,+3(132)
83,西南民族大学,快乐,4,499,Silver,黄杰,张世琛,张添玮,+1(18),,+1(153),,,,,+3(214),,,+1(74)
84,四川大学,空白,4,515,Silver,伍斯思,游宇杰,张雷,+1(15),,+2(55),,,,,+4(256),,-18,+2(89)
85,东南大学,一百柠檬,4,517,Silver,周畅,吴夏,朱嘉良,+1(30),,+1(87),,,,,+3(297),,-5,+1(63)
86,华东师范大学,这是我的最强一击了,4,518,Silver,陈宇琪,邵煜,王朝扬,+1(21),-1,+2(83),,,,,+6(222),,-18,+1(72)
87,电子科技大学,UESTC_LoveMaster,4,521,Silver,程曦,颜禹焓,王潇,+1(7),,+1(90),,,,,+3(179),,-5,+3(165)
88,郑州大学,菜到退役,4,527,Silver,张兴言,周德蔚,刘馨雨,+2(22),,+2(82),,,,,+4(216),,-4,+1(107)
89,福建工程学院,队名,4,527,Silver,蔡宇航,陈盛迪,连琦枫,+1(34),,+1(110),,,,,+1(200),,-6,+1(183)
90,福州大学,？？？,4,529,Silver,鲍子涵,吴宜航,郑晨阳,+1(7),,+1(73),,,,,+2(66),,-4,+5(283)
91,福建师范大学,求你们别学了我们跟不上了,4,531,Bronze,黄嘉琦,罗世灿,吴明辉,+1(7),,+2(174),,,,,+1(190),,-11,+2(120)
92,广东外语外贸大学,纸上牧羊,4,532,Bronze,林冠权,曾迪鸿,邝江洲,+1(7),,+2(129),,,,,+2(267),,-8,+1(89)
93,西北工业大学,妙WA种子,4,534,Bronze,冯勇超,尹逸晨,朱新发,+1(9),,+1(90),,,,,+4(202),,-4,+3(133)
94,东北大学秦皇岛分校,NEUQ-别码了别码了再码人傻了,4,535,Bronze,张紫闻,冯绪杰,吴羿霖,+1(7),,+2(127),,,,,+2(192),,-4,+1(169)
95,浙江理工大学,思睿男孩,4,535,Bronze,刘智慧,杨子俊,陈可行,+2(17),,+1(46),,,,,-5,,+4(249),+3(103)
96,中山大学,中山大学_爱绿,4,548,Bronze,颜府,连宇腾,吴景图,+1(10),,+1(100),,,,,+3(218),,-9,+2(160)
97,西北工业大学,哆啦AC梦,4,553,Bronze,杭帅君,李天舒,金煜峰,+1(14),,+1(107),,,,,-24,,+4(233),+2(119)
98,中国科学技术大学,闷声发大时,4,557,Bronze,李书亮,邹广翼,林焕承,+1(35),,+3(121),,,,,+2(154),,-9,+1(187)
99,广东工业大学,头号玩家,4,557,Bronze,陈嘉欣,邱文豪,陈光涛,+1(12),,+1(88),,,,,-6,,+4(270),+1(127)
100,北京航空航天大学,我裂开了,4,557,Bronze,郑耀彦,肖思炀,丁元杰,+1(15),,+2(74),,,,,+3(284),,-1,+3(84)
101,南京师范大学,队长是猜拳猜出来的,4,557,Bronze,叶顺龙,刘芃杰,田易,+1(15),,+3(169),,,,,+2(193),,-3,+1(120)
102,南京林业大学,一生热爱回头太难,4,560,Bronze,郭恒康,吉嘉铭,李明止,+1(23),,+4(67),,,,,+2(128),,-5,+4(202)
103,东华大学,交流电,4,560,Bronze,胡怡淳,陈辉,索文杰,+1(32),,+1(95),,,,,+5(239),,-2,+1(114)
104,杭州电子科技大学,1e9+7,4,575,Bronze,金济众,莫利杰,王铮,+1(7),,+1(115),,,,,+2(277),,-10,+3(116)
105,中国矿业大学,自古英雄秃少年,4,579,Bronze,冯彬,康旭颖,孟令德,+1(15),,+1(83),,,,,+3(271),,,+2(150)
106,暨南大学,樱桃泥,4,581,Bronze,霍志鸿,胡铭枫,黄书鹏,+1(9),,+2(131),,,,,+3(273),,-9,+1(108)
107,北京化工大学,想个队名8,4,582,Bronze,庄禹,陈聘之,熊东东,+1(8),,+3(185),,,,,+2(250),,-6,+1(79)
108,东北师范大学,御三家,4,586,Bronze,包亦航,唐佳成,杨威武,+1(15),,+2(110),,,,,+2(199),,-6,+3(182)
109,武汉科技大学,队友又黑又胖,4,606,Bronze,周胜迪,杜鹏程,陈吉林,+1(16),,+3(183),,,,,+2(268),,,+1(79)
110,江南大学,我们都有女朋友,4,606,Bronze,徐宗浩,张少腾,庄云聪,+1(11),,+2(213),,,,,+5(197),,,+1(85)
111,南京邮电大学,东方红橙紫,4,616,Bronze,孙源,苏安周,胡晓宇,+1(22),,+1(214),,,,,+3(279),,,+1(61)
112,广东工业大学,强制授权,4,636,Bronze,刘浩瀚,黄炜轩,邓会业,+1(46),,+2(84),,,,,+2(160),,,+3(266)
113,南京理工大学,交满十二发,4,638,Bronze,路广平,卢逸飞,肖冉,+1(10),,+3(206),,,,,+2(250),,-5,+2(92)
114,东南大学,该学英语了,4,641,Bronze,李超磊,闻深博,孙毅远,+1(5),,+1(140),,,,,+5(259),,-14,+2(137)
115,东华大学,宇宙世界无敌,4,647,Bronze,施杰,郁宙,吴迪,+1(8),,+1(90),,,,,+5(276),-4,,+2(173)
116,江苏科技大学,又忘记初始化了,4,660,Bronze,荣毅,袁耀,吴宇胥,+1(72),,+1(60),,,,,+3(257),,,+4(171)
117,南京工业大学,南工喷壶,4,663,Bronze,李旭,贺梦杰,仇智寅,+1(15),,+1(94),,,,,-2,,+5(231),+3(203)
118,哈尔滨工业大学（深圳）,菜鸡联盟,4,669,Bronze,刘颂唐,陈迅,周卓涵,+1(8),,+1(119),,,,,+2(224),,-2,+6(198)
119,深圳大学,我永远喜欢职业门槛QCT,4,692,Bronze,黎鑫,吴俊生,王玉峰,+1(10),,+3(136),,,,,+2(166),,-7,+4(260)
120,华南理工大学,SCUT_我也想和你们一起玩,4,709,Bronze,王叶伟,欧幸绮,王亮,+1(10),,+2(145),,,,,+6(296),,-4,+2(118)
121,江西师范大学,相信柯学,4,716,Bronze,潘锦斌,周宁,王明骏,+1(17),,+1(192),,,,,+2(279),,,+2(188)
122,西安邮电大学,糖糖真好吃,4,736,Bronze,杨晨磊,张天泰,黄文丰,+1(29),,+5(159),,,,,+2(265),,-10,+2(163)
123,杭州师范大学,脸滚键盘,4,741,Bronze,顾佳炜,吴寅,胡浩泉,+1(9),,+3(178),,,,,+2(169),,,+4(265)
124,浙江工业大学,ZJUT6,4,754,Bronze,徐伟峰,邱懿锋,张祎龙,+1(6),,+1(138),,,,,+11(296),,,+1(114)
125,深圳大学,爆零,4,768,Bronze,何嘉键,陈培豪,廖竞,+1(22),,+1(66),,,,,+8(197),,-3,+8(203)
126,华南理工大学,SCUT_沉思者,4,780,Bronze,陈明睿,方泽锐,何嶙,+1(4),,+5(224),,,,,+3(237),,-6,+3(155)
127,杭州电子科技大学,妙蛙种子,4,785,Bronze,朱俯君,杨凌涵,丁炫文,+2(51),,+2(131),,,,,+3(279),,-6,+4(184)
128,山东理工大学,丰神如玉世无双,4,789,Bronze,亓玉宁,杨丰磊,亓世恒,+1(22),,+2(54),,,,,+2(191),,+11(282),-16
129,长沙学院,为人师表,4,809,Bronze,许斌斌,吴轩,何邵炫,+1(5),,+4(107),,,-4,,+2(276),,-5,+6(241)
130,中国矿业大学,码农五月哭,4,834,Bronze,王孙逸融,周佳翔,李梦林,+1(143),,+5(162),,,,,+2(216),,,+1(213)
131,武汉科技大学,就这么喜欢写代码吗？你这个小秃头,4,837,Bronze,孟钦宇,余凌紫,张嘉豪,+1(93),,+1(119),,,+5(274),,-4,,,+6(171)
132,浙江财经大学,星光,4,867,Bronze,吕效华,李欣阳,柴奕,+1(15),,+1(104),,,,,+4(256),,-6,+12(212)
133,浙江万里学院,样例过了,4,879,Bronze,赖彬鑫,沈银岗,陈思源,+1(72),,+1(169),,,,,+3(277),,,+5(241)
134,北京师范大学,队友跑路了,4,914,Bronze,张楠,张逸睿,高艺炜,+1(9),,+3(228),,,,,+4(294),,,+5(203)
135,浙江理工大学,打完这这仗回家养老,4,926,Bronze,潘灵伟,王宣凯,蔡乐圆,-2,,+1(49),,,+2(294),,-1,,+1(155),+9(248)
136,北京理工大学,ceeeeeeb,4,945,Bronze,何鹏,李翰杰,刘振,+1(14),,+4(267),,,,,+3(290),-1,,+3(234)
137,江西财经大学,求求给块牌吧,4,1016,Bronze,陈瑶,陈文靖,黄友民,+1(18),,+6(215),,,,,+3(269),,,+5(294)
138,山东理工大学,lzz上分之旅,4,1027,Bronze,林瑞泽,周煜浩,张林,+1(25),,+1(62),,,,,+2(152),,,+26(268)
139,南京理工大学,中饭要吃三份才能过题,4,1124,Bronze,许曦然,黄伟杰,刘宇轩,+5(185),,+3(272),,,,,+2(201),,-4,+4(266)
140,西北工业大学,你看这个锅它又大又圆,3,184,Bronze,黄凯勋,张浩,刘成文,+1(10),,+2(90),,,,,-2,,-9,+1(64)
141,华南理工大学,小南瓜,3,187,Bronze,孙宇鹏,王络,姚焜茗,+1(26),,+1(86),,,,,-7,,-14,+2(55)
142,南方科技大学,南方科技大学_芬洛,3,191,Bronze,黄炜杰,石文轩,李琳云,+2(29),,+1(84),,,,,-4,,,+1(58)
143,河南大学,键盘侠,3,203,Bronze,刘阳,袁昊,邓宏亮,+1(12),,+1(99),,,,,-10,-1,,+2(72)
144,国防科技大学,Nova,3,217,Bronze,郭春希,孔玺畅,李甲泰,+1(11),,+1(126),,,,,-4,,,+1(80)
145,哈尔滨工程大学,撒网摸鱼,3,220,Bronze,赵子琦,李健楠,赵熠扬,+1(21),,+1(64),,,,,-10,,-6,+2(115)
146,重庆大学,铁匠世家,3,222,Bronze,蔡祥文,蒋云豪,余康,+1(9),,+1(67),,,,,-6,,-5,+2(126)
147,武汉大学,最好的队名就是没有队名,3,226,Bronze,朱少本,谢宇轩,马铭昊,+1(7),,+1(44),,,,,+2(155),,-3,-6
148,青岛大学,单皮奶,3,226,Bronze,王佳艺,穆明坤,潘武杰,+1(11),,+1(104),,,,,-4,,-3,+2(91)
149,北京林业大学,皮卡丘的电一块钱四度嘿嘿,3,231,Bronze,许哲楠,徐川晴,赵天元,+1(10),,+1(68),,,,,-3,,-7,+2(133)
150,西北工业大学,你的菜名从爱尔兰到契丹无人不知无人不晓,3,262,Bronze,李思哲,王岩松,赵一平,+1(12),,+1(66),,,,,+3(144),,-4,-23
151,中国石油大学（华东）,双倍快乐,3,276,Bronze,孙增奎,韩宗志,韩宝坤,+1(10),,+1(63),,,,,+2(183),,-8,-6
152,上海理工大学,三枚单身汪,3,286,Bronze,任灏赟,邓浩然,李扬,+1(12),,+3(177),,,,,-1,,-5,+1(57)
153,曲阜师范大学,破壁者,3,293,Bronze,管峥朝,许同杰,孔有为,+1(22),,+1(102),,,,,-7,,-3,+2(149)
154,浙江师范大学,村里最好的键盘,3,293,Bronze,万昱君,黄正结,苏丁力,+1(17),,+1(107),,,,,+2(149),,-5,-4
155,湘潭大学,木瓜同学,3,297,Bronze,雷智凯,袁泽,贺强,+1(15),,+3(126),,,,,-2,,-5,+2(96)
156,西安电子科技大学,儒雅随和队,3,300,Bronze,宗永承,吴锦波,张宇,+1(12),,+1(132),,,,,-3,,-4,+1(156)
157,辽宁大学,艾瑞莉娅,3,302,Bronze,周孟磊,何勇,龚元枫,+1(8),,+2(179),,,,,-1,,,+1(95)
158,华中科技大学,黑糖珍珠圣代,3,304,Bronze,刘言,朱子鸿,万才学,+1(10),,+1(101),,,,,-2,,-7,+2(173)
159,肇庆学院,阿仙奴,3,327,Bronze,张家欣,李辉,魏立城,+1(18),,+2(116),,,,,-11,,,+3(133)
160,吉林大学,黑眼圈,3,328,Bronze,杨良正,过思齐,卢胤,+2(20),,+4(64),,,,,-11,,-8,+2(144)
161,西安电子科技大学,qko国际后援团,3,330,Bronze,简林圳,万天纬,陈宇松,+1(10),,+1(64),,,,,-3,,,+3(216)
162,福建师范大学,下次吧，下次一定AC,3,336,Bronze,陈浩民,郭伟成,黄晓芸,+1(40),,+1(137),,,,,-2,,-8,+1(159)
163,湖南师范大学,火锅,3,340,Bronze,彭小书,王鹏飞,李亲,+1(8),,+1(96),,,,,-10,,,+4(176)
164,浙江师范大学,浙师附幼,3,340,Bronze,伍泰炜,张恩,吕川一,+1(13),,+1(133),,,,,-8,-5,,+1(194)
165,苏州大学,三个诸葛亮,3,341,Bronze,陈彦至,耿皓,张照芃,+1(10),,+2(176),,,,,-9,,,+1(135)
166,苏州大学,键盘冒奶,3,348,Bronze,王浩,诸葛子英,李天镜,+1(13),,+3(84),,,,,-11,,-8,+5(131)
167,郑州大学,我们队长四级考了302,3,372,Bronze,郑林威,王帅兵,徐金鹏,+1(36),,+1(104),,,,,+2(212),,,-11
168,重庆邮电大学,圆环之理,3,381,Bronze,刘茜,周星宇,何杨,+1(9),,+1(153),,,,,-13,,,+2(199)
169,长沙理工大学,no submit no wa,3,382,Bronze,李行,李良伟,晏政,+1(100),,+1(88),,,-6,,-9,,,+3(154)
170,东北林业大学,穿越火线,3,382,Bronze,王永好,肖汉平,肖建毫,+1(20),,+1(120),,,,,-5,,,+3(202)
171,西安电子科技大学,打铁还需自身硬,3,383,Bronze,郑慧明,吴腾阳,陈果,+1(36),,+2(116),,,,,-6,,-5,+2(191)
172,南京邮电大学,NJUPT_SDP,3,386,Bronze,郑博文,胡宸,赵玉炜,+1(60),,-2,,,,,+3(211),,,+1(75)
173,江南大学,第1226564个质数,3,396,Bronze,许轲,卢涵,陈朝潮,+1(18),,+1(135),,,,,-4,,-3,+5(163)
174,西北大学,ap的三个大偶像,3,402,Bronze,王丙伦,申屠源昊,陈鑫鹏,+1(13),,+1(116),,,,,-12,,,+4(213)
175,南方科技大学,南方科技大学_海牙,3,405,Bronze,李逸飞,邓楠,蔡于飞,+1(37),,+1(129),,,,,-10,,,+3(199)
176,西北大学,我是你永远得不到的人,3,410,Bronze,张鉴曈,黄德翔,胡普赟,+1(74),,+2(202),,,,,-28,,,+1(114)
177,广东东软学院,局域网聊天,3,411,Bronze,范泽鑫,陈仕添,杨伟强,+1(22),,+2(125),,,,,-3,,,+1(244)
178,长沙理工大学,"try a try, ac is ok",3,417,Bronze,刘健博,李文钧,董彪,+1(13),,+7(216),,,,,-5,,,+1(68)
179,北华大学,橘子柠檬卡诺奇,3,427,Bronze,林子勇,秦鹏,张丰,+1(47),,+4(145),,,,,+2(155),,,-10
180,武汉理工大学,TLEnoTLE,3,434,Bronze,楼旭辉,李劲巍,杨先达,+1(40),,+1(74),,,,,+3(280),,,-7
181,华中农业大学,线性鸭,3,438,Honorable,詹晔康,赵钰,胡海川,+1(17),,+2(98),,,,,-5,,,+5(223)
182,成都信息工程大学,数码宝贝,3,449,Honorable,左义凡,闫国龙,彭峰云,+1(9),,+1(140),,,,,-2,,,+3(260)
183,河海大学,急着回家玩剑盾,3,449,Honorable,颜小涵,何瑾雨,王竞同,+1(46),,+6(210),,,,,-9,,,+1(93)
184,浙江大学城市学院,LL说想去南京,3,450,Honorable,罗贤哲,杨清倩,陈凯隆,+1(9),,+1(113),,,,,-2,,,+5(248)
185,广州大学,GzhuChongChongChong,3,452,Honorable,林泽瀚,谢新荣,卢鑫洌,+1(44),,+3(107),,,,,+2(241),,,-4
186,中国地质大学（北京）,一行超人,3,454,Honorable,吴成琦,鄢凡力,冯启仁,+2(17),,+2(280),,,,,,,-6,+1(117)
187,河海大学,我不做题了，jojo,3,472,Honorable,蒋子俊,占羽淳,邓伦,+1(20),,+6(229),,,,,-12,,,+1(123)
188,天津大学仁爱学院,小球球啊,3,474,Honorable,杨轩,陈金凯,徐瑞阳,+2(16),,+4(185),,,,,-5,,,+2(173)
189,成都东软学院,我爱南京,3,484,Honorable,罗江泊,陈广,吴秋池,+1(20),,+2(220),,,,,-11,,,+3(184)
190,西南科技大学,立华奏,3,491,Honorable,李银强,苟一峰,赵兴达,+1(8),,+6(155),,,,,-15,,,+4(168)
191,东北农业大学,滑稽拿金了,3,492,Honorable,王禹,孙昊昱,赵晨,+1(14),,+2(251),,,,,+2(187),,,-13
192,山东大学（威海）,！！,3,497,Honorable,曾鹏武,谢松江,刘自轩,+1(19),,+2(122),,,,,-2,,,+7(216)
193,厦门大学嘉庚学院,桂花糕,3,500,Honorable,赵砚潇,涂学彬,喻越,+1(13),,+2(152),,,,,-5,,,+5(235)
194,上海大学,我爱有机蔬菜,3,507,Honorable,葛鹏飞,徐向飞,郑深生,+2(20),,+2(166),,,,,-6,,,+2(261)
195,四川农业大学,万物静默如迷,3,509,Honorable,罗鑫,何雨航,李豪,+1(51),,+1(87),,,,,-8,,,+7(251)
196,华南师范大学,ChenLinLi_SCNU_CS,3,518,Honorable,陈锦海,林瑞儿,李采月,+1(19),,+4(103),,,,,-9,,,+5(256)
197,东北农业大学,七面埋伏,3,530,Honorable,李泽林,张国梁,朱振涛,+1(12),,+4(163),,,,,-16,,,+3(255)
198,电子科技大学,UESTC_Guest_WiFi,3,546,Honorable,周湘阳,杨贺然,弋竞为,+3(42),,+4(104),,,,,-12,,,+5(220)
199,宁波大学,练习时长两年半的练习生,3,560,Honorable,陈昊,章铭泽,吴涛,+1(33),,-7,,,,,+4(283),,,+3(144)
200,闽南师范大学,我生气了,3,576,Honorable,吴安之,谢杰伟,叶乾,+1(8),,+3(224),,,,,-6,,,+6(204)
201,湘潭大学,湘潭大学11队,3,578,Honorable,刘伟舟,姜思维,王首勋,+1(10),,+4(277),,,,,-16,,,+6(131)
202,河南工业大学,你指尖跃动的电光，是我此生不变的信仰,3,584,Honorable,李维航,董业伟,陈润钊,+1(18),,+2(172),,,,,+5(294),,,-2
203,河南大学,世纪末彼岸花丛中的死之结界,3,584,Honorable,晁佳豪,程春阳,李豪,+1(35),,+1(76),,,,,-8,,,+10(293)
204,中国海洋大学,打完这场，我就回家训练,3,603,Honorable,郑玉龙,李新哲,于昊,+1(12),,+4(170),,,,,-7,,,+5(281)
205,湖北工业大学,安和桥,3,610,Honorable,许钟豪,任坤,杨智慧,+1(47),,+3(299),,,,,,,,+3(184)
206,东北大学,我想吃烤鸭、板鸭、盐水鸭、鸭血粉丝汤……,3,614,Honorable,焦智洋,吴炳伦,文博浩,+1(14),,+5(162),,,,,-7,,,+5(278)
207,江苏科技大学,还好没考后缀自动机,3,628,Honorable,张咏乐,夏康,唐清仙,+1(21),,+2(81),,,,,-3,,-8,+12(286)
208,徐州工程学院,这仨孩子不太行,3,642,Honorable,潘锦程,陈宇杰,杨镇,+1(25),,+3(219),,,,,,,,+4(298)
209,浙江工商大学,我是练习时长一年半的ACMer,3,660,Honorable,张羽丰,胡柯青,徐鑫,+1(22),,+4(237),,,,,-4,,,+5(261)
210,河南农业大学,指尖跃动的电光,3,673,Honorable,国永辉,徐孟楠,吴建新,+2(21),,+3(278),,,,,-2,,,+4(254)
211,东北大学,窝窝头，一块钱四个，嘿嘿,3,674,Honorable,茅晓璐,杜志聪,王叶会,+4(166),,+1(85),,,,,-4,,,+5(283)
212,哈尔滨理工大学,哈理工2019秋07,3,747,Honorable,牛仔超,黄弘毅,王佳妮,+5(219),,+2(262),,,,,-5,,,+2(146)
213,杭州师范大学,四面楚鸽,3,779,Honorable,包敏,邱龙风,孙周毅,+1(141),,+1(196),,,,,-6,,,+10(262)
214,苏州大学,月凉和他的后宫们,2,52,Honorable,陈学源,阮一耕,王海光,+1(16),,+1(36),,,,,-2,,-5,-9
215,大连理工大学,听说南航饭很好吃,2,112,Honorable,马凯,夏鸿康,何泾,+1(10),,+2(82),,,,,-2,,-3,-7
216,河海大学常州校区,黄老师粉丝团,2,114,Honorable,卢昶舟,赵天翼,郭松源,+1(9),,+2(85),,,,,,,,-5
217,浙江工业大学,ZJUT12,2,114,Honorable,汤启喆,何泽伟,戚梦赞,+1(21),,+1(93),,,,,,,-5,-6
218,华东师范大学,ecnu_2019,2,117,Honorable,邱存远,翁思杨,王志浩,+1(9),,+1(108),,,,,-4,,,-14
219,山东师范大学,这座城多了三个没钱的人,2,122,Honorable,宋健,刘陶然,柳俊翔,+1(30),,+1(92),,,,,-9,,,-10
220,中北大学,横刀立马,2,123,Honorable,李铭宇,潘龙,张殷,+1(16),,+1(107),,,,,,,,-1
221,吉首大学,天生铁匠,2,125,Honorable,李钢,胡炬,田伟,+1(15),,+1(110),,,,,-19,,,-7
222,合肥学院,我带你们打,2,138,Honorable,闵德海,徐永强,方元中,+1(7),,+1(131),,,,,-2,,,-10
223,华东理工大学,该想队名了,2,144,Honorable,李震,支一衡,顾语涵,+1(7),,+1(137),,,,,-1,-1,,-7
224,太原理工大学,三个火枪手,2,161,Honorable,姚卓江,杨少雷,李锦涛,+2(12),,+1(129),,,,,-2,,-2,-9
225,桂林电子科技大学,一A不WA,2,162,Honorable,龚俊名,郑元昆,张婷玉,+1(8),,-6,,,,,+3(114),,,-4
226,新疆大学,第七班,2,175,Honorable,郭一贤,高兴林,杜衡,+1(56),,+1(119),,,,,-2,,,-2
227,桂林电子科技大学信息科技学院,说好不哭想哭就哭,2,183,Honorable,王阳,曾泽宇,韦康,+2(51),,+1(112),,,,,-6,,,-2
228,上海第二工业大学,三星凯尔,2,189,Honorable,石其伟,魏金福,瞿皓杰,+1(20),,+1(169),,,,,-2,,,-3
229,山东大学（威海）,三体,2,189,Honorable,付同有,季克欣,庄昊霖,+1(49),,-6,,,,,-2,,,+1(140)
230,湖南人文科技学院,996.icu,2,199,Honorable,袁新勇,张嘉鑫,吕翱,+1(41),,+3(118),,,,,-6,,,-1
231,暨南大学,蔡队：这特么不是人尽皆知sb题嘛,2,201,Honorable,曾晓灿,彭勇,史磊,+2(41),,+1(140),,,,,-1,,,-4
232,武汉大学,没有队名,2,202,Honorable,黄卜江,吴若晗,刘发荣,+1(55),,+3(107),,,,,-16,,,-12
233,南昌航空大学,我嗨故我在,2,209,Honorable,章文贵,刘辅强,陈肇杰,+1(110),,+1(99),,,,,-2,,,-8
234,河北工业大学,喝可乐,2,212,Honorable,李宗阳,刘博韬,刘恒星,+1(22),,-7,,,,,-3,,,+2(170)
235,广东工业大学,追寻局部真理,2,231,Honorable,李光证,卢俊杰,刘铸耿,+2(24),,+4(127),,,,,-2,,,-4
236,北京信息科技大学,涅槃,2,236,Honorable,吴礼尉,司马晨,潘博雅,+1(4),,-7,,,,,-2,,,+2(212)
237,南京理工大学,众筹队名,2,270,Honorable,单咏霖,杨永健,朱耀辰,+1(18),,+3(212),,,,,-3,,,-6
238,陆军工程大学,使命,2,277,Honorable,李应同,贺康顺,尹泽璐,+2(9),,-3,,,,,-3,,,+7(128)
239,南京信息工程大学,搞快点,2,281,Honorable,马然,狄旸辰,成雨益,+1(37),,-6,,,,,-3,,,+4(184)
240,西北农林科技大学,乘风破浪,2,290,Honorable,高云帆,虞智喃,陈佳琪,+1(46),,-4,,,,,-1,,,+2(224)
241,西安邮电大学,达拉崩吧,2,294,Honorable,唐阳,牛淑敏,薛雨晴,+1(11),,+4(223),,,,,-1,,,-3
242,南京工业大学,怎么都队,2,295,Honorable,陈汉鑫,李越,周甜甜,+1(12),,-4,,,,,-1,,,+3(243)
243,长安大学,今晚cf一定来,2,304,Honorable,孙翔,柯一滨,方尧,+1(25),,+3(239),,,,,-6,,,-9
244,贺州学院,meaqua贴贴,2,307,Honorable,黄铨章,文海峰,卢斐斐,+1(73),,+5(154),,,,,-8,,,-4
245,合肥工业大学,以上队伍成绩无效,2,319,Honorable,李僖郴,倪宇辰,彭靖宇,+1(8),,+3(271),,,,,-12,,,-7
246,中南民族大学,看队友打代码,2,322,Honorable,余关林,石雷鸣,万祚全,+1(9),,+6(213),,,,,,,,-2
247,哈尔滨工程大学,咆哮的土拨鼠,2,323,Honorable,武朝晖,鲍志伟,韩尚君,+1(5),,+6(218),,,,,,-1,,-8
248,浙江中医药大学,ZCMU-钟山风雨起苍黄,2,332,Honorable,韩敏杰,罗苗苗,陈臣,+1(6),,,,,,,-4,,,+5(246)
249,中国矿业大学（北京）,鑫鑫向荣,2,334,Honorable,孟强定,计浩文,张鑫洁,+1(67),,+3(227),,,,,-7,,,-14
250,青岛大学,苏老泉,2,347,Honorable,王宇泽,付海超,王浩宇,+1(110),,+3(197),,,,,-2,,,-3
251,中国地质大学（武汉）,光谷老实人,2,348,Honorable,雷宇辰,蒋博韬,胡馨丹,+1(51),,+4(237),,,,,-2,,,-6
252,上海大学,泮池摸鱼,2,358,Honorable,李龙旭,张子恒,许天励,+1(26),,+4(272),,,,,-3,,,-3
253,南京大学,听说名字长长的软壳才能涨的筛凝艾慕,2,363,Honorable,戴若石,周心瑜,徐婷,,,+3(144),,,,,-4,,,+2(159)
254,南阳理工学院,三个打铁匠,2,381,Honorable,伍钲演,劳国平,董承昊,+1(25),,+6(256),,,,,,,,-17
255,华中农业大学,三项之力,2,395,Honorable,李思作,庄小帅,张博期,+1(16),,+7(259),,,-3,,-7,,,-11
256,西南石油大学,运行错误,2,425,Honorable,王凯,吕东,刘依杭,+1(12),,+7(293),,,,,-3,,,
257,温州大学,贝塔队,2,480,Honorable,王鑫宇,吴江宏,陈殷康,+2(244),,+3(176),,,,,-1,,,-8
258,温州大学,西格玛队,2,490,Honorable,杨林韬,王世承,黄凤翔,+1(14),,+10(296),,,,,-4,,,
259,郑州大学,得乌昂,2,524,Honorable,支麒越,钟立备,岳希航,-1,,+3(147),,,,,,,,+4(277)
260,浙江农林大学,我太南了,2,561,Honorable,张烨浩,薛卫东,吴昊,+2(124),,+7(297),,,,,,,,-3
261,华东交通大学,去南京逛该,1,9,Honorable,蔡佳明,蔡泽辉,曾君平,+1(9),,-3,,,,,-5,,,-1
262,中南林业科技大学,我们太南了,1,10,Honorable,谷珍缘,李一龙,张茜,+1(10),,-2,,,,,,,,
263,哈尔滨理工大学,哈理工2019秋17,1,10,Honorable,赵星睿,鞠永全,吴国庆,+1(10),,-3,,,,,-2,,,-2
264,长安大学,爆零队,1,10,Honorable,孙腾蛟,温仕羿,王博一,+1(10),,-2,,,,,-5,,,-3
265,湖南工业大学,我希望不要打铁,1,11,Honorable,卿宇轩,杨惠敏,张菜,+1(11),,-2,,,,,,,,-4
266,南京晓庄学院,欲言又止,1,11,Honorable,刘梦飞,王炜,张韩悦悦,+1(11),,-8,,,,,-1,,,
267,中原工学院,请来三份现烤面包,1,12,Honorable,孙艺苹,吴志阳,王强强,+1(12),,,,,,,-2,,,-2
268,成都理工大学,bits/stdc++.h,1,12,Honorable,张世和,黄康健,王鹏,+1(12),,,,,,,-3,,,
269,中北大学,爱吃麦当劳。,1,13,Honorable,孙华荣,唐湘博,王碧辉,+1(13),,-1,,,,,-4,,,-4
270,南京邮电大学,三只小青wa,1,14,Honorable,梁韵,张佳玲,张弛,+1(14),,-2,,,,,-3,,,-5
271,常州大学,不会起,1,14,Honorable,徐正佳,代怡行,张陈程,+1(14),,-6,,,,,-2,,,
272,中国传媒大学,后来狙上,1,15,Honorable,张锦河,蒋汶娟,王思琪,+1(15),,,,,,,-2,,,-4
273,常州大学,浑水摸鱼，划水摸铁,1,15,Honorable,竺智华,王尧尧,仇天昊,+1(15),,-3,,,,,,,,-1
274,广西师范大学,Wa自动机,1,16,Honorable,黎启宇,甘泽明,李鑫,+1(16),,,,,,,-4,,,
275,鲁东大学,迅捷蜗牛小队,1,18,Honorable,张昌龙,王哲,姜浩男,+1(18),,-5,,,,,,,,-1
276,台州学院,没有异议,1,18,Honorable,王非凡,丁涵炜,张嘉铭,+1(18),,-4,,,,,,,,-6
277,徐州工程学院,AC失败,1,20,Honorable,刘新伟,王博,孙凯凯,+1(20),,-2,,,,,,,,-4
278,南通大学,幸福是对AC的渴望,1,24,Honorable,奴成昊,季炎,吴媛媛,+1(24),,-4,,,,,-3,,,-6
279,浙江工商大学,拿第一是瓜皮队,1,36,Honorable,李道爽,毛瑞琪,黄毓儒,+1(36),,,,,,,,,,
280,长春理工大学,坦格利安家族风暴降生丹妮莉丝,1,37,Honorable,邓谯阳,薛端威,楼昌焘,+1(37),,-3,,,,,-5,,,-2
281,武汉商学院,别问问就是队,1,39,Honorable,李开健,芦雨锋,陈洋,+1(39),,-2,,,,,-1,,,
282,河海大学常州校区,WA只要哇一下,1,50,Honorable,陈奎佑,周羿丞,葛嘉玮,+1(50),,-4,,,,,,,,-4
283,南华大学,我爱北京天安门,1,77,Honorable,周志勋,刘威,李家乐,-6,,+1(77),,,,,-3,,,-9
284,中国矿业大学,自动AC鸡,1,98,Honorable,柳勋涛,钱俊凯,旷文杰,+1(98),,-4,,,,,,,,-1
285,南京晓庄学院,九头蛇万岁,1,112,Honorable,范雅静,袁楚怡,郑雅玲,+1(112),,,,,,,-1,,,-2
286,广西科技大学,广科大启迪队,1,124,Honorable,何琳,曹启明,甘建暖,+1(124),,-3,,,,,-5,,,
287,安阳工学院,zyzyjg,1,124,Honorable,娄志垚,吴军广,毕志永,-1,,+1(124),,,,,,,-1,-1
288,哈尔滨工业大学（威海）,phqgh,1,124,Honorable,慕飞廷,李铮,马天卓,+1(124),,,,,,,,,,-3
289,河海大学,蜜桃肉馅曲奇饼,1,141,Honorable,刘语嫣,陈睿,王懿珩,+1(141),,-3,,,,,-2,,,
290,河海大学,T了，那咋办嘛,1,153,Honorable,廖浩然,钱霖奕,王毓珣,+1(153),,,,,,,-1,,,-3
291,山东农业大学,生死看淡,1,157,Honorable,冯硕,王俊杰,蔡东晓,-1,,+1(157),,,,,,,,-11
292,东北大学秦皇岛分校,NEUQ-面向bug编程,1,158,Honorable,何嘉俊,孙杨,管政律,+3(118),,-4,,,,,,,,-2
293,东南大学,机饲料,1,194,Honorable,高圣沂,左鸿宇,薛江天,,,+1(194),,,,,-1,,-6,-2
294,江西师范大学,ac是不可能ac的,1,251,Honorable,于睿诚,曾涛,艾伟华,+8(111),,-5,,,,,,,,-2
295,山东科技大学,航海家号,1,278,Honorable,陈天元,丛维仪,王永臻,+1(278),,-2,,,,,-1,,,-2
296,鲁东大学,星星之火,1,288,Honorable,谢文光,李享立,商正昌,+2(268),,-5,,,,,,,,-1
297,山东科技大学,雷神之子号,1,298,Honorable,孙国栋,齐敬文,韩晨晨,-5,,-4,,,,,+2(278),,,-2
298,南京师范大学,专业水题20年,1,309,Honorable,钱荣涛,姚子裕,王海龙,+4(249),,-1,,-1,,,-1,,,
299,贵州大学,黄焖鸡米饭,1,344,Honorable,邱迷,董辉煌,田进松,-1,,+6(244),,,,,-1,,,
300,信息工程大学,今天你AC了吗,0,0,Honorable,刘馨怡,张沈苹苹,徐晓萌,-4,,-1,,,,,-2,,,
301,浙江工业大学,ZJUT8,0,0,Honorable,鲍锋雄,林延霖,沈童,-1,,-7,,,,,,,,
302,陕西师范大学,陕师大1队,0,0,Honorable,段帅,孙焰明,程斐然,-1,,-3,,,,,,,,-1
303,西安理工大学,要退役了还打铁,0,0,Honorable,田子琳,郝正一,童紫琛,-2,,,,,,,,,,-1
304,哈尔滨工程大学,01背包装不住我的忧伤,0,0,Honorable,宋启平,罗一婷,邬孝慈,-12,,,,,,,-1,,,
305,山东农业大学,ACCCCC,0,0,Honorable,段耀玮,宋端正,房施峰,,,-6,,,,,,,,-10
306,杭州电子科技大学信息工程学院,信工二队,0,0,Honorable,周致远,卢文凯,范祥烨,-7,,-2,,,,,,,,
307,兰州大学,实在想不出,0,0,Honorable,李唯依,刘阳,邢怀鹏,-6,,-2,,,,,-1,,,-4
308,贵州工程应用技术学院,梦想的探险家,0,0,Honorable,袁应,龙兴,胡富云,-4,,-5,,,,,,,,
309,天津大学,我虽然题过的少但我罚时高啊,0,0,Honorable,张一国,杨超越,李依宁,-2,,-2,,,,,-13,,,-3
