Rank,School,Team,Solved,Penalty,Medal,Member1,Member2,Member3,A,B,C,D,E,F,G,H,I,J,K,L,M
1,南京大学,咖啡鸡,9,1079,Gold,凌浩,刘弘洋,张扬播,+4(182),+2(84),+1(7),+2(272),+2(22),-10,+1(104),,,+1(37),+1(202),+2(29),
2,浙江大学,Runespoor,9,1359,Gold,李彦奎,吕耀维,张清棋,,+2(60),+1(27),+4(195),+2(47),,+2(79),,-2,+3(220),+2(202),+1(20),+4(269)
3,清华大学,火车冲冲冲,9,1437,Gold,陈江伦,毛嘉怡,武弘勋,+1(166),+1(143),+1(8),,+1(16),,+2(140),,,+6(113),+3(214),+2(29),+8(288)
4,清华大学,飞毛腿,8,1042,Gold,高嘉煊,梁晏成,吴思扬,+4(283),+1(59),+1(11),-6,+2(68),-9,+1(93),,,+2(226),-1,+2(17),+2(145)
5,中山大学,中山大学_昙花,8,1047,Gold,黄镇,李洋,林一诺,+5(295),+1(188),+1(16),,+1(39),,+2(94),,,+2(114),+1(156),+1(25),
6,复旦大学,北原雪菜,8,1489,Gold,高铭鸿,温昕岳,吴明健,+6(172),+3(138),+1(24),,+1(61),-13,+3(128),,,+8(277),+7(233),+1(16),
7,清华大学,虾滑棒棒糖,8,1492,Gold,何昊天,于纪平,张瑞喆,+7(297),+5(272),+1(20),,+2(84),,+2(156),,+1(228),+1(172),,+1(23),
8,杭州电子科技大学,五点共圆,7,868,Gold,陈惇显,顾奕臻,祝之禺,,+1(186),+1(11),,+1(37),,+3(136),,-1,+2(285),,+1(18),+2(115)
9,郑州大学,队友倒写强连通,7,942,Gold,陈洋,黄中源,苏同,+2(277),+2(211),+1(29),,+1(43),,+3(125),,,,+2(144),+1(13),
10,中国人民大学,我舅知道！,7,988,Gold,丁海鹏,徐炜,杨铭基,,+1(145),+1(20),,+4(44),,+1(103),,+2(298),,+3(246),+1(12),
11,北京大学,你能卡掉我我当场把屏幕吃掉,7,1088,Gold,邓朝萌,杜振宇,杨明炜,+7(289),-4,+1(25),,+1(74),,+1(106),,,+2(187),,+1(39),+2(208)
12,浙江大学,Peccadet,7,1221,Gold,李昌栋,卢旻昊,孙典圣,+2(294),+7(291),+2(22),,+1(31),,+2(76),,+2(253),,,+3(14),
13,北京交通大学,大脑喷射,6,549,Gold,蔡伟斌,胡雨轩,金睿琦,-3,+1(131),+1(12),,+1(36),,+5(189),,,,+1(79),+1(22),
14,中南大学,我们去南昌吃什么,6,662,Gold,刘佳妮,罗龙光,罗泰帅,,+2(87),+1(33),,+2(31),,+2(142),,,,+1(263),+1(46),-1
15,华南理工大学,SCUT_星辰闪耀,6,682,Gold,潘伟健,王一帆,郑炜城,,+1(227),+1(19),,+1(33),,+1(86),,,-7,+2(285),+1(12),
16,安徽大学,???,6,738,Gold,陈昱翔,汪敏瑞,王唯臣,,+2(160),+1(28),-5,+1(58),,+2(129),,,,,+2(40),+1(263)
17,北京大学,壹一壹丨,6,931,Gold,李佳实,聂恺辰,徐瑞帆,,-1,+1(9),-1,+2(69),,+3(79),,+5(229),,,+1(27),+5(298)
18,北京大学,deceiver,6,950,Gold,陈俊恺,孔朝哲,魏罗健,-1,-5,+1(16),,+2(117),,+1(176),,,,+4(202),+1(38),+3(281)
19,西安电子科技大学,几何旋律,6,1070,Gold,黄海同,汪浚逸,王晓庆,,-1,+1(30),,+1(137),,+3(130),,,+2(257),+6(280),+3(36),
20,西安交通大学,渡渡鸟幼儿园,5,295,Gold,王之坤,杨栋,陈业元,,-4,+1(17),-3,+1(41),,+2(60),,,+2(116),-2,+1(21),
21,南京大学,Pigeon Racing Cancelled,5,315,Gold,单启程,李子扬,张浩南,,+2(103),+1(29),,+1(18),-6,+4(60),,,-2,,+1(25),-1
22,郑州大学,菜到退役,5,400,Gold,宋沂轩,张兴言,周德蔚,,+1(160),+1(15),,+1(68),,+1(96),,,,,+2(41),
23,华东师范大学,这是我的最强一击,5,401,Gold,陈宇琪,邵煜,王朝扬,,+1(150),+1(28),,+1(52),,+3(107),,,,,+1(24),
24,同济大学,荠鸽,5,425,Gold,黄颖 ,李昊龙,叶茂尧,,+2(152),+2(39),,+1(54),,+1(115),,,,-3,+1(25),
25,北京航空航天大学,你好，世界,5,443,Gold,王嘉翼,杨开元,赵立晨,,+3(216),+1(24),,+1(38),,-11,,,+1(113),,+1(12),
26,浙江财经大学,The Ray,5,469,Gold,吕效华,徐心如,周崇凯,,+1(168),+1(23),,+2(48),,+1(103),,,,,+3(67),
27,上海交通大学,永恒之蓝,5,476,Gold,衡阳,李至丹,史添能,+2(120),-2,+1(25),,+2(42),-2,+2(190),,-5,,-1,+2(19),
28,杭州师范大学,TI1050,5,504,Gold,罗天松,潘律旨,薛鸿涛,,-30,+1(41),,+2(59),,+2(90),,,,+2(201),+2(33),
29,四川大学,Thunder AC,5,515,Gold,曾梓云,雷舜,唐逸伦,,+2(190),+1(51),,+1(73),,+1(104),,,,,+3(37),
30,电子科技大学,UESTC_LoveMaster,5,516,Gold,程曦,王潇,颜禹焓,,+2(214),+1(23),,+1(50),,+3(132),,,,-2,+1(37),
31,东南大学,可持久化最小鸽,5,520,Gold,刘朗麒,冉雨杭,肖炯辰,,+1(163),+1(75),,+2(70),-1,+1(124),,,,,+2(48),-5
32,华中师范大学,君问AC未有C,5,534,Gold,葛沛鑫,唐文韬,张奕青,,+1(197),+1(53),-8,+1(33),,+1(184),,,,,+1(67),
33,南京邮电大学,三相之力,5,557,Gold,柏广凡,陈锐,刁煜凡,,+1(244),+1(22),,+1(67),,+3(130),,,,,+2(34),
34,浙江理工大学,钻石羊,5,563,Gold,林航宇,罗晨宇,杨昊泽,,-5,+1(15),,+2(91),,+1(118),,,,+1(269),+2(30),
35,浙江师范大学,梅溪湖女孩说队名一定要长那就这么长吧,5,574,Silver,凌静,刘浩,余知航,,+2(251),+1(46),,+1(61),,+1(134),,,,-5,+2(42),
36,浙江师范大学,村里最好的键盘,5,591,Silver,黄正结,苏丁力,万昱君,,,+1(48),,+1(77),,+1(121),,+3(279),,,+1(26),
37,东北大学,则式长号,5,592,Silver,李泽仁,邱而沐,武嘉鑫,,-44,+1(37),,+1(52),,+2(104),,,+3(261),,+3(38),
38,安徽大学,墙角猫,5,595,Silver,陈昱翔,汪敏瑞,王唯臣,,+3(251),+1(28),,+2(60),,+3(112),,,,,+1(44),
39,电子科技大学,UESTC_POP,5,595,Silver,欧阳韬,潘训涛,彭俊强,,,+1(31),,+1(54),,+3(107),,+4(254),,,+2(29),
40,中山大学,SYSU_苍蓝星,5,605,Silver,刘佳荣,任飞宇,叶荣臻,,+2(271),+1(33),,+1(14),-2,+3(202),,,,,+1(25),
41,东北农业大学,七喜炖螃蟹,5,615,Silver,李润泽,孙洪嘉,王钰涵,,+1(299),+1(55),,+1(82),,+1(150),,,,,+1(29),
42,哈尔滨工业大学（深圳）,吃啥都不加香菜,5,620,Silver,毛志东,彭博濠,亚梦溪,,-1,+1(50),,+1(67),,+4(124),,,,,+1(41),+3(238)
43,浙江工业大学,眼大鸟2,5,621,Silver,江一鸣,王孜杰,温圳,,-3,+1(24),,+2(43),,+3(155),,+4(245),,,+2(14),
44,南开大学,范德蒙德行列式,5,634,Silver,欧阳文豪,史浩森,诸佳昕,,+2(163),+1(27),,+3(67),,+5(225),,-1,,,+1(12),
45,重庆大学,银川偷到鸡了吗兄弟,5,639,Silver,符敦政,杨崇钰,郑钰心,-1,-1,+1(41),-1,+1(57),-1,+1(136),-1,+4(294),-1,-1,+2(31),-1
46,北京邮电大学,零叉八C,5,648,Silver,梁昊骞,林麒,孙明志,,,+1(18),,+2(41),,+4(158),,+4(244),-1,,+2(27),
47,北京邮电大学,常数抛光机,5,654,Silver,陈程,范珈诚,柳畅,-3,+4(242),+1(35),,+1(29),,+3(210),,,,,+2(18),
48,长春理工大学,比速度,5,655,Silver,陈昶文,李泽鹏,孟令书,,+3(219),+1(84),,+2(76),,+4(136),,,,,+1(20),
49,浙江财经大学,Starlight2,5,661,Silver,柴奕,李欣阳,周人豪,,+1(273),+1(33),,+2(64),,+1(180),,,,-1,+2(71),
50,湘潭大学,我太南了,5,686,Silver,代卓岑,屈京,杨舒文,,,+1(40),,+1(49),,+2(216),,+4(264),-11,,+1(37),
51,浙江大学城市学院,拿了金牌就去吃鸡,5,692,Silver,孙华阳,陶汀,庄博伟,,+2(210),+1(40),,+3(71),,+1(154),,,-1,-3,+4(97),
52,山东大学,唯我心,5,697,Silver,黄敏聪,马旭阳,魏秀颖,,,+1(14),,+5(102),,+2(157),,,-1,+1(192),+5(52),
53,北京航空航天大学,无限大の梦,5,743,Silver,林昱同,沈中海,张凯杰,,-1,+1(45),,+1(61),,+3(196),,,+6(271),,+1(30),
54,浙江工业大学,刃鸣近月，千恋万花,5,745,Silver,吴泽成,杨俊尧,周阳,,+3(226),+2(92),,+2(21),,+4(210),,,,,+2(36),
55,北京理工大学,I题是个签到题,5,754,Silver,徐子懋,张庚辰,周弈帆,,-3,+1(53),,+1(24),,+9(180),,+1(286),,,+2(31),
56,浙江工商大学,肥宅真的好快乐,5,784,Silver,缪佩翰,沈彤,王龙,,+2(285),+1(30),,+2(71),,+7(197),,,,,+1(41),
57,西安交通大学,毕业自动机,5,785,Silver,降伟鹏,茅添成,朱泽荧,,+5(253),+1(51),,+2(87),,+4(220),,,,,+1(14),
58,徐州工程学院,徐工一队,5,792,Silver,陈宇杰,潘锦程,杨镇,,+1(269),+1(124),,+1(109),,+4(196),,,,,+1(34),
59,北京理工大学,森の妖精,5,847,Silver,龙水彬,沈云汉,周赫斌,,-14,+1(32),,+2(46),,+8(234),,,+1(261),,+4(54),
60,武汉工程大学,江湖夜雨十年WA,5,848,Silver,刘一麟,刘子涵,张超熠,,+8(274),+1(66),,+1(106),,+3(170),,,,,+2(32),-56
61,东北师范大学,墨染樱花,5,874,Silver,邓鹏辉,黄星朔,万锴迪,,+4(214),+2(29),,+1(44),,+7(233),,,,-1,+5(74),
62,哈尔滨工业大学,我们都有光明的前途,5,882,Silver,邓俊辰,董希尧,孔佑康,,+7(299),+1(43),,+1(55),,+6(201),,,,,+2(44),
63,河海大学,朴实无华且枯燥,5,914,Silver,罗旭江,汤明杰,王克,,+9(299),+1(117),,+1(74),,+2(208),,,,,+1(36),
64,福建师范大学,中二少年,5,1154,Silver,黄嘉琦,黄银,林炜,,+7(284),+1(19),,+1(43),,+1(182),,,-1,,+14(246),
65,西北大学,carry NE,4,184,Silver,李萱,刘宇豪,熊亚锟,,-6,+1(11),,+1(27),,+1(111),,,,,+1(35),
66,大连理工大学,TToughy,4,238,Silver,归宇通,胡小涛,衣泽民,,-4,+1(33),,+1(55),,+1(120),,,,,+1(30),
67,香港理工大学,香港理工一队,4,266,Silver,孙保航,徐颖,严灏哲,,,+1(30),,+1(64),,+2(141),,,,,+1(11),
68,中山大学,SYSU_南极石,4,272,Silver,谭嘉伟,王润锋,张展邦,,-7,+1(34),,+1(76),,+1(111),,,,,+2(31),
69,北京航空航天大学,打不赢电脑,4,275,Silver,姜圣虎,廖纪童,彭毛小民,,-4,+1(37),,+2(59),,+1(114),,,,,+2(25),
70,中南林业科技大学,邪恶键盘人,4,279,Silver,李定,邱建立,任芳,,,+1(27),,+1(57),,+1(152),,,,,+1(43),
71,哈尔滨工业大学（深圳）,平山村男子职业幼儿园,4,287,Silver,邱建盛,吴俊达,张致远,,,+1(31),,+1(71),,+1(137),,,,,+1(48),
72,浙江财经大学,Twilight,4,296,Silver,丁一凡,徐俊楠,朱智凯,,,+1(19),,+1(73),,+1(130),,,,,+2(54),
73,山东大学,本题唯一指定算法,4,296,Silver,曹远,李元豪,吕玺,,-2,+1(57),,+2(59),,+1(130),,-3,,,+1(30),
74,浙江工业大学,ZJUT5,4,297,Silver,欧阳鹏翔,王锦鸿,於佳乐,,-3,+1(38),,+1(79),,+1(150),,,,,+1(30),
75,东北林业大学,要喵内不要打篮球,4,300,Silver,葛言禄,孙杰,张澎,,,+1(24),,+1(60),,+1(124),,,,,+3(52),-1
76,厦门大学,多吃菜,4,301,Silver,张浩然,张添翼,赵佳驰,,-2,+1(22),,+2(65),,+4(110),,,,,+1(24),
77,杭州电子科技大学,茗叶含香,4,320,Silver,刘铭洁,王涵朵,叶子帆,,,+1(34),,+1(71),,+4(134),,-3,,,+1(21),
78,中国传媒大学,可有鱼丸粗面,4,335,Silver,曹可意,邓楚盟,夏业伟,,,+1(45),,+1(73),,+1(162),,,,-3,+2(35),
79,东北大学秦皇岛分校,NEUQ-Thursday,4,337,Silver,董明宇,黄鑫源,孙意,,-4,+1(31),,+2(66),,+2(144),,,,,+2(36),
80,长沙学院,为人师表,4,338,Silver,何邵炫,吴轩,许斌斌,,,+1(50),,+1(68),,-6,,,,+2(153),+1(47),
81,西北工业大学,哆啦AC梦,4,341,Silver,杭帅君,金煜峰,李天舒,,-1,+1(31),,+2(59),,+1(129),,,,,+3(62),
82,暨南大学,樱桃泥,4,347,Silver,胡铭枫,黄书鹏,霍志鸿,,-3,+1(63),,+2(96),,+1(146),,,,,+1(22),
83,青岛大学,粉红凤凰花凤凰,4,362,Silver,李磊,李阳,祖亚君,,-4,+1(62),,+1(74),,+2(146),,,,,+2(40),
84,山东大学（威海）,！！,4,370,Silver,曾鹏武,刘自轩,谢松江,,,+1(34),,+1(69),,+3(128),,,,,+2(79),
85,重庆邮电大学,圆环之理,4,370,Silver,何杨,刘茜,周星宇,,-1,+1(59),,+1(32),,+3(166),,,,,+2(53),
86,华南理工大学,SCUT_毛骨悚然行,4,375,Silver,郭俊豪,黄宗达,张芸辉,,-4,+1(37),,+3(86),,+1(150),,,,,+2(42),
87,浙江大学城市学院,四级好难过啊,4,377,Silver,骆一辉,王文海,周佳辉,,-4,+1(68),,+2(102),,+1(166),,,,,+1(21),
88,广东工业大学,强制授权,4,378,Silver,邓会业,黄炜轩,刘浩瀚,,-6,+1(53),,+1(68),,+2(185),,,,,+2(32),
89,山东理工大学,lzz上分之旅,4,391,Silver,林瑞泽,张林,周煜浩,,,+2(54),,+2(77),,+1(119),,,,,+3(61),
90,华东师范大学,沙发里的沙发,4,391,Silver,李思,吕熠强,陶传贵,,-1,+1(35),,+1(86),-4,+2(190),,,,,+2(40),
91,中国石油大学（华东）,实际情况表现得更优,4,395,Silver,丁晨晨,马浩睿,王婷婷,,-4,+1(98),,+2(39),,+2(181),,,,,+1(37),
92,苏州大学,两队同路开始多口相声,4,400,Silver,崔耘旗,徐伟,徐一,,-2,+1(66),,+3(83),,+1(120),,,,-2,+3(51),
93,华南理工大学,犹豫就会败北，莽撞就会AC,4,408,Silver,曾越,李志豪,张业鸿,-4,,+1(101),,+2(28),,+1(222),,,,,+1(37),
94,台州学院,最大牛,4,415,Silver,陶源,翁黄格,詹志龙,,-8,+1(47),,+1(64),,+3(206),,,,,+2(38),
95,苏州大学,六人同行必有祭天队友,4,425,Silver,罗峰,乔丹,朱泽楷,,,+1(70),,+1(103),,+2(193),,,,,+1(39),
96,杭州电子科技大学信息工程学院,要能搞个铜就好了,4,427,Silver,陈康,毛一枭,朱菡清,,-6,+1(62),,+3(28),,+5(129),,,,,+2(68),
97,东北师范大学,凛冬将至,4,428,Silver,陈瑜,梁怡萍,赵梦宇,,,+1(46),,+1(21),,+1(162),,,,,+5(119),
98,西北工业大学,今天J题是SAM，E题是模拟，D题是AC自动机fail树上建可持久化线段树,4,430,Silver,毛心东,冉哲瑞,王嘉利,,+2(229),+1(68),,+2(26),,-9,,,,,+2(47),
99,北京师范大学-香港浸会大学联合国际学院,气气球一分钟四个,4,431,Silver,邓凯文,龙跃鹏,徐子木,,,+1(53),,+1(83),,,,+1(276),,,+1(19),
100,广东工业大学,追寻局部真理,4,435,Silver,李光证,刘铸耿,卢俊杰,,-2,+1(54),,+1(86),,+3(216),,,,,+1(39),
101,郑州大学,挨奶一声山水绿,4,436,Silver,陈炜超,李辉,王昕瑜,,-3,+1(71),,+1(129),,+1(154),,,,,+4(22),
102,北京交通大学,五年现场三年网络,4,438,Bronze,崔晓腾,张博成,朱泽衢,,,+1(94),,+1(99),,+1(209),,,,,+1(36),
103,南昌航空大学,橘子猫暴打我,4,439,Bronze,陈肇杰,刘辅强,章文贵,,-5,+1(38),,+1(93),,+1(201),,,,,+3(67),
104,电子科技大学,UESTC_Trimen,4,443,Bronze,梁子辉,潘星霖,吴旭东,,-10,+1(12),,+1(36),,+8(231),,,,,+1(24),
105,湘潭大学,木瓜同学,4,447,Bronze,贺强,雷智凯,袁泽,,-3,+1(159),,+1(65),,+1(189),,,,,+1(34),
106,长沙理工大学,我想要小姐姐,4,447,Bronze,陈文俊,黄迪文,彭洋,,,+1(43),,+2(132),,+1(223),,,,,+1(29),
107,哈尔滨工程大学,沧桑旅者,4,469,Bronze,高嘉乐,贾连晨,张婧轩,,,+1(54),,+2(112),,+3(149),,,,,+2(74),
108,中国地质大学（北京）,憨上加憨上加憨,4,469,Bronze,陈世琛,郝进,姜博源,,-12,+1(29),,+2(116),,+4(181),,,-2,,+3(23),
109,青岛大学,AC主旋律,4,471,Bronze,王俊皓,赵心治,左一兵,,,+1(134),,+1(86),,+1(187),,,,-1,+1(64),
110,哈尔滨工程大学,马上就要把楼上超过了,4,474,Bronze,方福鑫,王凯,许明杰,,,+1(28),,+1(56),,+5(271),,,,,+1(39),
111,华中科技大学,管理员,4,478,Bronze,李仕奇,王慧,原圣聚,,,+1(88),,+1(131),,+1(219),,,,,+1(40),
112,复旦大学,蝴蝶梦,4,482,Bronze,力维辰,肖亚语,许逸培,,-3,+1(47),,+2(40),,+4(243),,,,-2,+3(32),
113,中南大学,萌新观光团,4,490,Bronze,刘粲宇,王江奎,王志隆,,,+1(131),,+1(75),,+4(174),,,,,+2(30),
114,浙江大学,蓝泥湾,4,491,Bronze,付冰洋,王宣煊,张龙姣,,-1,+2(36),,+1(50),,+4(224),,,,,+3(61),
115,华南农业大学,SCAU_）（,4,496,Bronze,曹昭阳,庄俊生,庄煜武,,-2,+2(95),,+1(43),,+3(171),,,,,+4(67),
116,南京航空航天大学,犹豫，就会白给,4,496,Bronze,胡天豪,茅涵俊,朱天齐,,,+1(45),,+1(107),,+3(193),,,,,+3(71),
117,福州大学,这发还能不过？,4,496,Bronze,刘华一,张咏真,赵镇,,-2,+1(52),,+3(146),,+2(201),,,,,+1(37),
118,西南交通大学,茶壶,4,501,Bronze,霍雨佳,康梦瑶,许沂聪,,,+1(91),,+3(93),,+2(188),,,,,+2(49),
119,杭州师范大学,Sharp_cone,4,510,Bronze,吕张凯,夏哲臻,赵凌,,,+1(79),,+1(75),,+2(241),,,,,+3(55),
120,浙江大学宁波理工学院,宁静致远,4,511,Bronze,曹弘逸,林鑫淼,张逸凡,,-11,+1(102),,+1(125),-6,+2(229),,,,,+1(35),
121,上海交通大学,星尘,4,511,Bronze,林春茹,石昕怡,徐若凡,,-2,+2(70),,+1(45),,+4(293),,,,,+1(23),
122,山东工商学院,墨菲定律,4,526,Bronze,孙林壮,薛建杭,张恒珲,,-3,+1(42),,+1(106),,+6(213),,,,,+1(65),
123,湖北工业大学,宽厚实,4,526,Bronze,刘子文,马超强,张莉苹,,+4(281),+1(50),,+2(75),,-11,,,,,+1(40),
124,哈尔滨理工大学,哈理工2019秋01,4,527,Bronze,陈鑫,顾佳昊,于博文,,+3(285),+2(51),,+2(54),,-7,,,,,+2(37),
125,上海大学,打完这场就脱单,4,530,Bronze,孙慧玥,荀嘉皓,张光煜,,-2,+1(31),,+2(124),,+2(226),,,,,+3(69),
126,武汉科技大学,老憨包,4,531,Bronze,韩承志,蒋士鹏,刘雄,,-3,+1(69),,+6(135),,+2(186),,,,,+1(21),
127,哈尔滨工业大学,醋酸乙烯溶液,4,543,Bronze,陈嵩,肖瑞宇,于新蕊,,-1,+1(43),,+1(72),,+7(252),,,,,+2(36),
128,上海大学,宝山挖掘机,4,543,Bronze,沈奕翔,王如嫣,邬广星,,,+1(57),,+2(127),,+3(260),,,,,+1(39),
129,上海大学,三只肥宅,4,545,Bronze,管文杰,秦敏浩,王星烨,,,+1(70),,+1(98),,+4(257),,,,,+2(40),
130,江西财经大学,比楼上少一题,4,547,Bronze,黄舸帆,许子鑫,张涛,,,+1(80),,+1(120),,+3(183),,,,,+3(84),
131,杭州电子科技大学,阿特拉斯耸耸肩,4,562,Bronze,韩东晟,尹协童,郑伊杰,,,+2(49),,+1(67),,+2(210),,,,-1,+6(96),
132,广东工业大学,头号玩家,4,570,Bronze,陈光涛,陈嘉欣,邱文豪,,-1,+1(54),,+1(97),,+4(233),,,,,+3(86),
133,华东理工大学,瑟瑟发抖,4,571,Bronze,陈卓凡,丁锐,李伟龙,,,+1(201),-1,+1(45),,+2(263),,,,,+2(22),
134,东北农业大学,今晚吃猪脚饭,4,573,Bronze,曹文博,楼俊哲,罗嘉哲,,,+2(105),,+3(83),,+5(197),,,,,+2(28),
135,山东科技大学,无惧号,4,573,Bronze,辛春雨,徐兴乐,郑鲁州,,,+1(47),,+1(72),,+5(259),,,,,+3(75),
136,北京邮电大学,界域幻想,4,577,Bronze,何志臻,石成旭,王海昱,,+1(275),+2(86),,+2(129),,,,-1,,,+2(27),
137,山东理工大学,或许有一度春风不负微草枯荣,4,580,Bronze,贾辉,李绪伟,郑延亮,,-3,+1(61),,+1(112),,+1(205),,,,,+6(102),
138,山东师范大学,这座城多了三个快乐的人,4,581,Bronze,刘陶然,柳俊翔,宋健,,-1,+1(130),,+1(91),,+3(260),,,,,+1(60),
139,大连理工大学,烙呢,4,586,Bronze,陈臻熙,杨朗,张恒宇,,,+1(42),,+2(95),,+2(202),,,,,+6(107),
140,中国地质大学（武汉）,期望最大化,4,589,Bronze,董兴旺,高志锐,刘仁瑞,,,+1(62),,+2(125),,+3(207),,,,,+4(75),
141,大连海事大学,奶茶兄弟,4,598,Bronze,李潭林,沈楠,王泓凯,,-1,+1(47),,+1(95),,+9(174),,,,,+4(62),
142,南昌大学,supernova,4,605,Bronze,汪建勋,徐梓豪,张看起,,,+1(50),,+1(87),-3,-11,,,,+5(293),+1(95),
143,浙江理工大学,打完这这仗回家养老,4,614,Bronze,蔡乐圆,潘灵伟,王宣凯,,-4,+1(19),,+2(53),-1,+2(267),,,,,+7(115),
144,南开大学,SCP-096,4,614,Bronze,林勇良,杨俣哲,郑嘉文,,,+1(110),,+1(66),,+6(291),,,,,+2(27),
145,香港城市大學,CityU CS 1,4,618,Bronze,董騏華,翟興鈺,鄭樂謙,,-1,+1(38),,+5(121),,+1(260),,,,,+4(59),
146,成都信息工程大学,数码宝贝,4,627,Bronze,彭峰云,闫国龙,左义凡,,,+1(107),,+3(126),,+2(295),,,,,+1(39),
147,浙江理工大学,我先放一盒卫生纸在这,4,633,Bronze,何光赋,胡成一,金奇,-1,-4,+1(44),,+1(64),,+7(295),,,,,+4(50),
148,东南大学,一百柠檬,4,638,Bronze,吴夏,周畅,朱嘉梁,,,+1(58),,+2(114),,+6(235),,,,,+2(91),
149,桂林电子科技大学,蒟蒻驿站,4,642,Bronze,李兆伦,鲁智昊,智鑫,,-1,+1(125),,+2(76),,+3(234),,,,,+4(87),
150,哈尔滨工程大学,可持久化金清树,4,672,Bronze,连金清,孙雅涵,张凌源,,-10,+3(132),,+3(93),,+4(202),,,,,+5(25),
151,鲁东大学,鲲之大，一锅炖不下,4,673,Bronze,卢成浩,王跃,郑燕良,,-1,+1(134),,+2(169),,+2(245),,,,,+2(65),
152,深圳大学,我永远喜欢职业门槛QCT,4,676,Bronze,黎鑫,王玉峰,吴俊生,,,+2(223),,+2(96),,+1(259),,,,,+2(38),
153,长春工业大学,两个露琪亚，一人一个,4,685,Bronze,马昂扬,苗娟涓,赵彬,,,+1(124),,+3(134),,+5(230),,,,,+2(57),
154,中国矿业大学,码农五月哭,4,693,Bronze,李梦林,王孙逸融,周佳翔,,,+1(67),,+2(129),,+6(295),,,,,+2(62),
155,东北林业大学,Cresc,4,700,Bronze,李燕虎,王清泓,张乾龙,,,+1(148),,+1(109),,+1(198),,,,,+7(125),
156,北京师范大学,北师二队,4,701,Bronze,康俊峰,袁宇昊,张书楷,,,+1(63),,+3(134),,+6(252),,,,,+4(52),
157,华东师范大学,骗分过样例,4,702,Bronze,毛博超,王子涵,章兆萌,,,+1(102),,+3(129),,+7(280),,,,,+1(31),
158,江西理工大学南昌校区,Wannafly Primary School Student,4,705,Bronze,胡余超,陈梓豪,喻明,,,+1(70),,+1(89),,+8(283),,,,,+3(83),
159,浙江大学宁波理工学院,热闹致近,4,711,Bronze,黎旭裕,杨捷,周子曰,-1,-3,+1(92),-1,+1(150),-1,+7(245),-1,-1,-1,-1,+3(64),-1
160,江西师范大学软件学院,相信柯学,4,723,Bronze,曾涛,潘锦斌,周宁,,,+1(156),,+3(171),,+3(279),,,,,+1(37),
161,温州大学,戴尔塔队,4,734,Bronze,陈强,程煜,王宇昊,,-2,+1(143),,+2(31),,+4(246),,,,,+7(114),
162,电子科技大学中山学院,CDZSC_犹豫就会WA,4,737,Bronze,范育铭,李毅,唐宇晨,,,+2(192),,+1(73),,+5(294),,,,,+3(38),
163,广西大学,我永远喜欢藤田佳奈.jpg,4,749,Bronze,陈明,李承轩,李韵锋,,,+2(106),,+1(156),,+2(235),,,,,+7(92),
164,湘潭大学,渔歌唱晚,4,752,Bronze,陈智超,刘文龙,谭清,,-1,+2(187),,+3(150),,+3(271),,,,,+1(44),
165,南昌大学,#undefined,4,765,Bronze,陈雨菲,李权,吴菲祺,,,+2(132),,+4(157),,+4(264),,,,,+1(72),
166,南方科技大学,南方科技大学_埃默洛尔德,4,769,Bronze,李浩南,刘程宇,朱俊达,,,+1(78),,+2(95),,+11(283),,,,,+3(53),
167,中南林业科技大学,正义键盘人,4,775,Bronze,桑振轩,张魁星,周川,,,+3(103),,+2(167),,+2(224),,,,,+5(121),
168,新疆大学,蒟蒻下天山,4,785,Bronze,韩昊伸,胡浩,王嘉琪,,,+1(117),,+5(141),,+9(235),,,,,+2(32),
169,北京林业大学,夕林山寸,4,828,Bronze,黄奕超,康旭,万诗龙,,,+2(94),,+1(118),,+12(292),,,,,+3(44),
170,福州大学,我打代码像cxk,4,844,Bronze,孔铖晗,林羽希,余镐,,,+1(63),,+3(150),,+6(294),,,,,+4(137),
171,西南石油大学,鸡你美死了,4,856,Bronze,陈东,罗鹏磊,燕泉霖,,,+3(214),,+1(128),,+2(227),,,,,+7(107),
172,浙江育英职业技术学院,育英六队,4,885,Bronze,安杰,陈列烽,杨辰,,,+3(195),,+1(137),,+5(285),,,,,+4(88),
173,合肥学院,番茄乐园,4,892,Bronze,李飞翔,刘亚军,王文宇,,-3,+2(112),,+5(228),,+2(270),,,,,+5(82),
174,国防科技大学,科大老表队,4,936,Bronze,李维,赵宗庆,周政权,,-3,+3(90),,+1(195),,+4(277),,,,,+7(154),
175,长沙理工大学,那个人没钱还打ICPC,4,946,Bronze,李越,王智峰,周倩男,,,+1(76),,+3(289),,+4(268),,,,,+5(133),
176,江南大学,菜的魔力转圈圈,4,1051,Bronze,陈传乐,黄天宇,周方全,,-2,+2(74),,+1(136),,+3(261),,,,,+13(280),
177,南阳理工学院,你要啥给你啥,4,1120,Bronze,何世全,朱成锐,卓华寅,,,+1(145),,+1(113),,+4(291),,,,,+13(271),
178,四川农业大学,万物静默如谜,3,103,Bronze,何雨航,李豪,罗鑫,,,+1(22),,+1(48),,-4,,-5,,,+1(33),
179,湖南大学,玩火,3,149,Bronze,戴翠妮,王文斌,张旭,,-7,+1(22),,+1(25),,,,,,,+3(62),
180,东南大学,打完这场我就退役,3,151,Bronze,陈哲斯,宋一凡,唐宁远,,,+1(44),,+1(67),,-6,,,,,+2(20),
181,中国人民大学,快来看看，气球一块钱一个！,3,166,Bronze,曾乐天,杨爽,张灵溪,,,+1(47),,+1(70),-5,-2,,,,,+2(29),
182,中国石油大学（华东）,双倍快乐,3,178,Bronze,韩宝坤,韩宗志,孙增奎,,,+2(111),,+1(36),-2,-15,,,,,+1(11),
183,河海大学,英语杀我,3,180,Bronze,敖宇,何秋实,占鑫鹏,-1,-1,+1(51),,+1(84),,-17,,,,,+1(45),
184,上海理工大学,给大家表演一个旋转卡壳,3,190,Bronze,金轩城,阙寅清,任灏贇,,,+1(26),,+3(105),,-21,,,,,+1(19),
185,浙江科技学院,喷火龙,3,194,Bronze,龙旭,陆江涛,沈春杰,,,+1(38),,+2(74),-1,-12,,,,,+2(42),
186,广州大学,我钟意食烧鸡翼,3,194,Bronze,陈浩珲,卢浩宇,余梓宁,,-1,+1(80),,+2(66),,-5,,,,,+1(28),
187,哈尔滨理工大学,哈理工2019秋04,3,195,Bronze,陈仁苗,潘子怡,张学峰,,,+1(72),,+1(84),,-3,,,,,+1(39),
188,深圳大学,梦的延续,3,197,Bronze,蔡威,陈钧鉴,林键铎,,,+1(75),,+1(89),,-9,,,,,+1(33),
189,南京晓庄学院,全体起立,3,201,Bronze,陈安婕,蒋俊杰,刘翔昊,,,+1(31),,+2(103),,-13,,,,,+1(47),
190,太原理工大学,蛙精对,3,213,Bronze,顾鹏,郭亚梁,秦逸轩,,-2,+1(60),,+2(96),-1,-4,,,,,+1(37),
191,天津大学,元旦要到了,3,233,Bronze,邓皓阳,商泽文,王健宇,,,+1(18),,+5(95),,-8,,,,,+1(40),
192,中国石油大学（北京）,浪是海的赤子,3,248,Bronze,冯云豪,李昊元,吕博枫,,,+1(73),,+2(117),,-2,,,,,+1(38),
193,东北大学,队名被改了,3,257,Bronze,徐振戈,张晋恺,张译,,,+2(40),,+3(69),,-29,,,,,+3(48),
194,同济大学,济你太美,3,262,Bronze,姜梓恒,林震,吴若兰,,-2,+1(41),,+2(137),,,,,,,+1(64),
195,西安电子科技大学,朝闻道,3,268,Bronze,曹王欣,施鹏飞,赵晓田,,,+1(64),,+3(112),,-4,,,,,+2(32),
196,南通大学,我觉得我写的每一行代码都是诗,3,270,Bronze,缪祺,叶盛,赵静珂,,,+1(78),,+1(112),,-12,,,,,+2(60),
197,郑州轻工业大学,wr自动机,3,272,Bronze,包毅豪,庞浩天,徐昌鹏,,,+1(65),,+1(98),,-6,,,,,+3(69),
198,四川大学,萌鸽,3,275,Bronze,卢鹏程,申城铭,夏文羿,,,+3(88),,+1(122),,-15,,,,,+1(25),
199,山东大学,请勿盲目自救,3,275,Bronze,刘建东,杨家齐,周金鹏,,,+3(124),,+2(56),,-3,,,,,+1(35),
200,北京理工大学,ceeeeeeb,3,279,Bronze,何鹏,李翰杰,刘振,,,+2(58),,+3(102),,-12,,,,,+2(39),
201,北京化工大学,不是很懂你们Div1,3,280,Bronze,金任任,罗朝旭,张中豪,,,+2(102),,+1(111),,-8,,,,,+1(47),
202,厦门大学嘉庚学院,桂花糕,3,289,Honorable,涂学彬,喻越,赵砚潇,,,+1(169),,+1(89),,,,,,,+1(31),
203,华南农业大学,SCAU_想吃猪脚饭,3,295,Honorable,刘家铭,张俊杰,张智泳,,,+1(187),,+1(57),,-1,,,,,+2(31),
204,吉林大学,垂钓的姜太公,3,298,Honorable,廖祝鑫,王加益,周功涛,,,+1(65),,+2(149),,-10,,,,,+2(44),
205,中国矿业大学,我俏丽吗,3,301,Honorable,李明阳,王汉实,周俊峰,,,+1(36),,+2(108),,-11,,,,,+3(97),
206,合肥工业大学,AC是我无法到达的真实,3,310,Honorable,成岱,单林敏,陆达明,,,+2(160),,+1(75),,-6,,,,,+2(35),
207,上海科技大学,老年旅游团,3,310,Honorable,龚贶,林济舟,王翌舟,,,+1(32),,+3(214),,,,,,,+1(24),
208,宁波大学,一梦几许,3,322,Honorable,曾佳敏,李红旭,余嘉瑜,,,+1(48),,+3(145),,-1,,,,,+3(49),
209,西北工业大学,日暮山水遇故人,3,323,Honorable,蔡江东,崔力,邵怡阳,,,+1(90),,+2(137),,-4,,,,,+3(36),
210,华中科技大学,能量膜方,3,327,Honorable,陈俊聪,邓玉成,郭英才,,-3,+1(49),,+5(117),,,,,,,+3(41),
211,湖南科技大学,匿名群友,3,328,Honorable,董亮作,孙庞博,汤越凡,,,+1(50),,+3(123),,-5,,,,,+2(95),
212,中国地质大学（武汉）,光谷老实人,3,333,Honorable,胡馨丹,蒋博韬,雷宇辰,,,+2(101),,+2(106),,,,-2,,,+3(46),
213,南京信息工程大学,鈷鈷鈷,3,340,Honorable,胡广,黄兴睿,沈逸凡,,,+2(30),,+5(131),,,,,,,+3(39),
214,中国矿业大学（北京),京矿大队,3,348,Honorable,樊汶林,金坤,欧阳俊一,,,+3(97),,+3(86),,-1,,-5,,,+2(65),
215,南京邮电大学,大草原,3,348,Honorable,陈煜阳,李昊宇,李一雄,,,+1(74),,+1(100),,-3,,,,,+4(114),
216,兰州大学,骑骆驼写代码,3,352,Honorable,陈中杰,刘乐逍,王贵民,,,+1(59),,+5(121),,-5,,,,,+3(52),
217,山东科技大学,航海家号,3,355,Honorable,陈天元,丛维仪,王永臻,,,+1(73),,+1(134),,-10,,,,,+4(88),
218,江西师范大学,不加糖的豆腐脑,3,365,Honorable,刘平生,邱熠,王慷,,,+1(147),,+1(118),,-18,,,,,+3(60),
219,西安电子科技大学,自动wa掘机,3,370,Honorable,黄睿之,买志斌,张帆,,,+1(73),,+1(171),,,,,,,+4(66),
220,华中农业大学,三项之栗,3,374,Honorable,庄小帅,李思作,张博期,,,+3(157),,+1(137),,-5,,,,-10,+1(40),
221,齐鲁工业大学,我方击杀一名敌人,3,374,Honorable,李继朋,苗学林,万众,,,+1(68),,+1(157),,,,,,,+3(109),
222,南京理工大学,金陵三大盐水鸭,3,378,Honorable,董平,章馨月,赵震,,,+1(81),,+4(170),,,,,,,+2(47),
223,河南农业大学,爱冒险的梦,3,392,Honorable,胡向阳,刘越洋,刘志煌,,,+1(30),,+1(127),,-5,,,,,+7(115),
224,湖南工学院,夏色吹雪贴贴,3,396,Honorable,李紫薇,孙姝睿,杨宗霖,,,+2(120),,+3(174),,-6,,,,,+1(42),
225,浙江万里学院,越过山丘,3,407,Honorable,王佳杰,叶泰胜,应俊杰,,,+2(138),,+2(108),,-27,,,,,+4(61),
226,南京航空航天大学,教练我想穿裙子,3,407,Honorable,陈卓正,李斯祺,刘凌云,,,+1(228),,+1(75),,,,,,,+4(44),
227,华中科技大学,扶朕起来，朕还能签,3,412,Honorable,姜雨奇,罗曼,莫琛辉,,,+2(64),,+3(153),,-4,,,,,+4(75),
228,南京大学,皮卡丘永不为奴,3,416,Honorable,曹逸中,林海波,朱宇博,,,+1(51),,+1(111),,-8,,,,,+6(154),
229,福州大学,键盘和它的三个工具人,3,421,Honorable,黄智,李家涌,张启荣,,,+1(208),,+2(117),,-7,,,,,+2(56),
230,长春理工大学,坦格利安家族风暴降生丹妮莉丝,3,429,Honorable,邓谯阳,楼昌焘,薛端威,,,+1(100),,+2(177),,-15,,,,,+2(112),-1
231,天津大学,不管咋都能拿牌,3,430,Honorable,马梦阳,张思淼,赵思澜,,,+2(219),,+1(145),,-11,,,,,+1(46),
232,闽南师范大学,天佐,3,446,Honorable,傅书浩,林俊逸,罗文涛,,,+2(205),,+3(134),,-3,,,,,+1(47),
233,东华大学,交流电,3,452,Honorable,陈辉,胡怡淳,索文杰,,,+1(69),,+2(132),,-3,,,,,+5(151),
234,南京理工大学,兄弟萌 说得对,3,454,Honorable,何银银,刘旭峰,钟涵文,,,+1(101),,+3(122),,-5,,,,,+6(91),
235,北京师范大学,队友跑路了,3,458,Honorable,高艺炜,张楠,张逸睿,,,+1(72),,+4(225),,,,,,,+4(41),
236,贵州大学,学前教育,3,461,Honorable,黄轶锴,田言,张欢鑫,,,+2(147),,+5(155),,-14,,,,,+1(59),
237,福建工程学院,犹豫就会败北,3,504,Honorable,陈维正,黄泽斌,苑凌豪,,,+1(157),,+2(198),,-3,,,,,+3(89),
238,中北大学,星辰大海,3,508,Honorable,郝飞麟,李昌浩,李龙香,,,+1(96),,+1(190),,-1,,,,,+5(142),
239,华东理工大学,雨落,3,510,Honorable,姜中为,刘天宇,孙宇飞,,,+1(93),,+8(150),,-4,,,,,+4(67),
240,北方工业大学,ncut1,3,522,Honorable,秦玮婧,孙峣,魏轩,,,+2(162),,+2(106),,-11,,,,,+5(134),
241,南京航空航天大学,影迹,3,529,Honorable,丁彦杰,李伟彦,周鹤洋,,,+2(182),,+3(231),,-8,,,,,+1(56),
242,中国计量大学,AK自动机,3,531,Honorable,罗中天,余鸿皓,张家豪,,,+2(150),,+4(204),,-1,,,,,+1(97),
243,广州大学,No response,3,532,Honorable,林泽瀚,覃浩,谢新荣,,,+1(200),,+4(153),,-9,,,,,+3(79),
244,河南农业大学,30iq,3,537,Honorable,金志礼,温春阳,徐本奇,,,+1(79),,+1(126),,+4(272),,,,,-12,
245,华东交通大学,十万订阅我露脸,3,553,Honorable,鄢志豪,杨志成,张继灵,-1,,+1(147),,+2(136),,-7,,,,,+5(170),
246,常州大学,二十九WA很难吗,3,558,Honorable,黄从尉,刘远东,孟繁旭,,,+1(82),,+1(198),,,,,,,+6(178),
247,武汉科技大学,ac山岳险天下,3,560,Honorable,胡皓文,金乔,李子龙,,,+1(198),,+1(170),,-10,,,,,+6(92),
248,天津工业大学,998244352,3,561,Honorable,常广生,常泽星,朱英杰,,,+2(106),,+1(138),,-1,,,,,+6(197),
249,南京理工大学,草莓果冻,3,564,Honorable,李广泽,陆宗泽,潘玉栋,,,+1(52),,+3(284),,-1,,,,,+6(88),
250,安阳工学院,newgate txdy,3,574,Honorable,韩韦凡,杨雅静,张丁韦,,,+1(65),,+1(94),,-12,,,,,+11(215),
251,长安大学,清风明月_浊酒锈剑,3,575,Honorable,王尉桦,袁铭蔚,朱子怡,,,+1(102),,+6(235),,-7,,,,,+5(58),
252,东华理工大学,从不屈服,3,602,Honorable,彭梓毓,王奕涵,张腾森,,,+2(49),,+4(199),,,,,,,+9(114),
253,宁波工程学院,下一队,3,605,Honorable,陈凯涛,田振楠,王云浩,,,+2(170),,+5(150),,-10,,,,,+6(85),
254,浙江农林大学,过题没有AC树,3,607,Honorable,邓杰,顾泽铭,叶瑞涛,,,+3(252),,+2(157),,-11,,,,,+4(78),
255,吉首大学,星之光,3,618,Honorable,曾灿斌,李宇杰,阳汝昭,,,+2(106),,+5(241),,-1,,,,,+4(111),
256,东北大学,利物浦是英超冠军,3,642,Honorable,陈浩,黄达,袁洋浩,,,+2(163),,+6(182),,,,,,,+5(97),
257,浙江中医药大学,ZCMU-爱玩水枪（2）,3,658,Honorable,陈浩力,张润涛,张习远,,,+2(249),,+2(210),,-2,,,,,+4(99),
258,信息工程大学,躺赢小组,3,664,Honorable,贾丙帅,李健,肖茂林,,,+3(206),,+1(277),,,,,,,+3(101),
259,济南大学,立华奏,3,673,Honorable,刘蔚,卢玉德,杨昊晨,,,+1(240),,+1(145),,-2,,,,,+7(168),
260,天津大学仁爱学院,小球球啊！！！,3,681,Honorable,陈金凯,徐瑞阳,杨轩,,,+2(246),,+3(233),,,,,,,+4(82),
261,江西理工大学,拿个牌吧,3,682,Honorable,李港,龙德铭,苗金宝,,,+1(166),,+2(169),,-17,,,,,+7(207),
262,信息工程大学,等一个吉利的队名,3,704,Honorable,曾祥辉,李克勤,李帅帅,,,+2(150),,+5(259),,-12,,,,,+4(135),
263,集美大学,键盘坏了,3,733,Honorable,陈仁广,李方星,林泰,,,+1(76),,+5(281),,,,,,,+9(136),
264,江西师范大学,不加奶的冰淇淋,3,743,Honorable,郭小奉,王涛,张惠晴,,,+2(248),,+1(189),,-5,,,,,+9(126),
265,浙江科技学院,配钥匙一元三把三元十把,3,766,Honorable,蔡炳旭,林国健,杨昊,,,+7(247),,+3(194),,-10,,,,,+6(65),
266,西安理工大学,红橙作伴,3,782,Honorable,孔荣荣,刘文洁,王震,,,+2(137),,+2(242),,,,,,,+9(203),
267,湖南工业大学,疾风打铁队,3,785,Honorable,汤洋,王军,吴广荣,,,+1(252),,+2(133),,-9,,,,,+11(180),
268,西南科技大学,鸽有所好,3,828,Honorable,方兆岩,李佳洋,谈金潇,,,+1(174),,+5(246),,-2,,,,,+10(148),
269,成都东软学院,我好“南”,3,970,Honorable,陈广,张峻山,赵阳山,,,+2(281),,+3(192),,,,,,,+13(197),
270,广东东软学院,伽利略,2,133,Honorable,陈仕添,范泽鑫,杨伟强,,,+1(79),,-3,,-2,,,,,+1(54),
271,香港城市大學,CityU CS 2,2,172,Honorable,李瑞康,楊文博,張德恒,,,-11,,+1(38),,,,,,,+4(74),
272,中国地质大学（北京）,用力Coding!,2,194,Honorable,何家伟,吕明泽,张慧斌,,,,,+3(114),,-5,,,,,+1(40),
273,宁波大学,不忘初心，牢记使命,2,195,Honorable,陈瑞云,蒋紫薇,张宇睿,,,+2(108),,-1,,,,,,,+2(47),
274,南昌航空大学,给块银好不好,2,203,Honorable,杜辉,江智康,杨攀,,,+1(161),,+1(42),,-3,,,,,-14,
275,吉首大学(吉首校区),山海亦可平,2,221,Honorable,雷亮,申豪杰,舒锦梅,,,+1(138),,-4,,,,,,,+2(63),
276,华东交通大学,来瓶阿萨姆,2,259,Honorable,欧阳天鹏,谢海龙,熊涛,,,,,+1(99),,,,,,,+3(120),
277,北京师范大学,广罒比,2,275,Honorable,程家铭 ,郭轩宇,卢致远,,,+3(178),,,,-6,,,,,+1(57),
278,贵州大学,复制粘贴,2,281,Honorable,刘舟周,杨广,周茜南,,,+1(157),,,,,,,,,+2(104),
279,江西师范大学,不加酶的洗衣粉,2,283,Honorable,黄士轩,刘阳,温平平,,,+1(158),,-6,,-2,,,,,+3(85),
280,厦门理工学院,秃头披风侠,2,295,Honorable,汤昌琳,唐洪武,张宏煦,,,-1,,+3(165),,,,,,,+3(50),
281,河南大学,「小小青蛙不输风雨」,2,296,Honorable,陈猛,王向杰,张占文,,,+1(149),,+1(147),,-4,,,,,-14,
282,成都理工大学,守护全世界最好的辉少,2,303,Honorable,高欢,宋云辉,周思尧,,,-2,,+4(164),,,,,,,+2(59),
283,天津工业大学,人行道上不是很宽敞吗？开车！,2,306,Honorable,刘啸宇,隆凯,王庚武,,,-3,,+1(164),,,,,,,+4(82),
284,西安邮电大学,雷纳科斯,2,318,Honorable,高星坤,惠磊,孙首勋,,,-5,,+2(172),,,,,,,+3(86),
285,浙江农林大学,捡个绀青之拳,2,322,Honorable,陈佳豪,郦梓元,章回,,,,,+2(247),,,,,,,+1(55),
286,重庆大学,那咋办嘛,2,354,Honorable,陈冠廷,黄琦,金凝,,,-3,,+2(177),,-5,,,,,+4(97),
287,吉林大学,天堂制造,2,379,Honorable,成家旭,杨天勇,钟美智,,,,,+2(259),,,,,,,+2(80),
288,中北大学,爱吃麦当劳。,2,382,Honorable,孙华荣,唐湘博,王碧辉,,,+1(260),,+1(122),,,,,,,-22,
289,西南民族大学,SMU_熊猫,2,397,Honorable,丁浩楠,刘金宗,郑楠,,,-1,,+1(155),,,,,,,+4(182),
290,东北大学秦皇岛分校,NEUQ-面向bug编程,2,415,Honorable,管政律,何嘉俊,孙杨,,,+1(236),,-1,,,,,,,+5(99),
291,南昌航空大学,饥鸡集机记,2,420,Honorable,陈思宇,林杰,罗海峰,,,+4(153),,-7,,,,,,,+4(147),
292,沈阳航空航天,不负AC不负卿,2,426,Honorable,李宗昊,潘室泽,赵家毅,,,-5,-1,+6(270),-1,,,,,,+2(36),
293,西安邮电大学,达拉崩吧,2,432,Honorable,牛淑敏,唐阳,薛雨晴,,,,,+3(107),,,,,,,+6(185),
294,湖南中医药大学,湖中大南昌一队,2,434,Honorable,胡雅晖,杨冯天赐,邹伟红,,,+3(183),,-9,,,,,,,+6(111),
295,潍坊学院,明天双十一,2,449,Honorable,陈允倩,宋晨龙,张启瑞,,,,,+4(245),,,,,,,+3(104),
296,东北师范大学,桃饱网会员,2,450,Honorable,陈胤儒,段木多,高赫然,,,+6(160),,,,,,-2,,,+6(90),
297,山东理工大学,仙女队,2,453,Honorable,解晓雨,腾龙,王诗音,,,+2(130),,-6,,-2,,,,,+8(163),
298,南阳理工学院,队名很重要吗？,2,455,Honorable,李诗琪,鲁怡捷,赵冬杰,,,-1,,+3(275),,,,,,,+3(100),
299,江西理工大学南昌校区,到此一游,2,461,Honorable,陈雪琴,王年平,徐洋,,,+1(298),,,,,,,,,+5(83),
300,北京化工大学,队友不能鸽,2,541,Honorable,姜哲玺,刘源源,章文,,,,,+1(111),,-1,,,,,+8(290),
301,陕西科技大学,至诚至博,2,543,Honorable,黄珂韵,李智春,杨洋,,,+3(123),,-2,,-2,,,,,+8(240),
302,华南师范大学,DeDeRong_SCNU_CS,2,544,Honorable,曾德明,陈徳捷,李嘉荣,,,+2(230),,,,,,,,,+8(154),
303,合肥学院,炼铁憨憨,2,623,Honorable,方瑞,胡辰阳,张凌浩,,,+3(265),,,,,,,,,+8(178),
304,西南民族大学,SMU_蜀客,2,697,Honorable,何佳文,龙沛,尚正宇,,,,,+4(296),,,,,,,+4(281),
305,上海第二工业大学,谁特么买小米儿队,1,38,Honorable,程新状,崔婉冰,李琛超,,,,,,,,,,,,+1(38),
306,上海第二工业大学,菠菜贱卖队,1,66,Honorable,何俞瑾,吴仁亮,张鑫来,,,-9,,,,,,,,,+2(46),
307,中南民族大学,看队友敲代码,1,76,Honorable,石雷鸣,万祚全,余关林,,,-2,,-8,,,,,,,+2(56),
308,南华大学,塔子哥来了嗷,1,152,Honorable,许昕,杨仕昌,袁豪,,,-1,,,,,,,,,+4(92),
309,安徽工业大学,世界颠倒,1,193,Honorable,郝宇欣,琚泽浩,朱广恩,,,-1,,-4,,-2,,,,,+6(93),
310,华东交通大学,按F进入坦克,1,206,Honorable,蔡佳明,蔡泽辉,曾君平,,,,,+2(186),,,,,,,-8,
311,兰州理工大学,有一说一,1,213,Honorable,苟慜,李毅,严宏钦,,,-3,,,,,,,,,+4(153),
312,南昌理工学院,白给,1,225,Honorable,李加煌,刘军,杨意飞,,,,,-2,,,,,,,+5(145),
313,湖北民族大学,HBMZU,1,239,Honorable,李刚,王琦,徐承睿,,,,,,,,,,,,+4(179),
314,鲁东大学,星星之火,1,273,Honorable,何海钊,姜浩男,李运来,,,-1,,,,,,,,,+5(193),
315,闽江学院,打完这场就退休,1,310,Honorable,陈洲,林国荣,林智铸,,,,,-5,,,,,,,+7(190),
316,三峡大学,求求你给我两个牌牌吧,1,388,Honorable,蔡婷艳,李蕊芬,肖焰,,,-4,,-1,,,,,,,+9(228),
317,黑龙江大学,随便、都行、都可以,1,394,Honorable,陆鹏艺,盛诗曼,张楚晗,,,-6,,,,,,,,,+8(254),
318,武昌首义学院,我将绝杀,1,457,Honorable,黄澳,蒋佳洲,吴思达,,,-4,,-1,-1,,-1,,,,+9(297),
319,南京邮电大学通达学院,从打铁开始,1,480,Honorable,邓捷,缪逸峰,孙宇飞,,,,,,,,,,,,+12(260),
320,泉州师范学院,在鹿上了,1,549,Honorable,郭娜婷,林志鹏,王艺,,,-14,,,,,,,,,+15(269),
321,中国矿业大学,abc你没事了,0,0,Honorable,李佳琛,邱雪琳,姚欣宇,,,,,-3,,,,,,,-12,
322,广西师范大学,QBLxiu,0,0,Honorable,何世焕,李正杨,石梁涛,,,,,,,,,,,,-20,
323,华东交通大学理工学院,WA自动机,0,0,Honorable,王天福,温鑫,张攀,,,-6,,,,,,,,,-6,
324,西安航空学院,参赛人数请见本队排名,0,0,Honorable,卢柄宇,韩丽萍,孙科强,,-3,-17,,,,,,,,,-1,
325,河南大学,小叮当了个白肚兜,0,0,Honorable,刘盖,唐源民,郑超凡,-1,,-2,,-1,,,,,,,-14,
326,天津大学仁爱学院,小班班啊！！！,0,0,Honorable,班晓蒙,李帅,王志涛,,,,,,,,,,,,-15,
327,南昌理工学院,狂热金属,0,0,Honorable,曾若天,李能高,郑家明,,,,,,,,,,,,-6,
328,山东农业大学,练习敲代码时长一年半的练习生,0,0,Honorable,李金鸿,邵光亮,于宗祺,,,-1,,,,,,,,,-5,
329,江西科技学院,让我康康签到题在哪,0,0,Honorable,李祖武,刘小勇,王佩文,,,-5,,,,,,,,,-7,-1
330,河北师范大学,逆转命运,0,0,Honorable,安康,古锦涛,孟祥新,,,-3,,,,,,,,,,
331,南昌工程学院,铁人打铁,0,0,Honorable,李凯,钱昆,邱刘君,,,,,,,,,,,,-8,
