Rank,Medal,School,Team,Solved,Penalty,A,B,C,D,E,F,G,H,I,J,K,L,M
1,金奖,北京理工大学,ddl战神,8,1271,+1(9),+3(167),,+4(286),+1(52),,+1(185),,,+1(35),+1(96),,+4(281)
2,金奖,北京大学,3MA,7,668,+1(15),+1(85),,+4(140),+1(45),,+1(179),,,+1(71),+2(53),,-4
3,金奖,北京大学,超长宕机,7,873,+1(18),+1(69),,+5(260),+1(52),,+2(176),,,+2(35),+2(123),,-1
4,金奖,东南大学,心做,7,921,+1(12),+1(141),,-5,+2(54),,+2(236),+1(214),,+1(38),+4(126),,-1
5,金奖,上海交通大学,洒满黄浦江,7,1068,+2(21),+3(221),,-1,+1(33),,+3(247),+1(294),,+1(43),+3(69),,
6,金奖,清华大学,大伊万,7,1532,+2(18),+30(298),,+5(221),+1(42),,+2(122),,,+2(32),+1(79),,
7,金奖,北京邮电大学,幸福安心养老所,6,486,+1(21),+1(100),,-3,+1(53),,+1(160),,,+1(38),+1(114),,
8,金奖,南方科技大学,南方科技大学-楚格,6,530,+1(22),+2(123),,-1,+1(39),-2,+1(164),,,+2(16),+2(106),,-2
9,金奖,北京邮电大学,鸿蒙,6,607,+1(14),+1(52),,-4,+3(71),,+1(222),,,+2(84),+1(104),,-10
10,金奖,东南大学,艾斯易悠-都行,6,611,+1(13),+2(177),,-4,+1(40),,+1(203),,,+1(55),+1(103),,
11,金奖,东北师范大学,凛冬将逝,6,628,+1(10),-3,,+5(227),+1(34),,+2(132),,,+2(59),+1(46),,-7
12,金奖,华南理工大学,星辰闪耀,6,633,+1(14),+2(108),,,+1(36),,+1(245),,,+2(61),+2(109),,-5
13,金奖,浙江大学,幽灵集团,6,644,+1(11),+2(219),,-5,+2(27),,+1(248),,,+1(33),+1(66),,-3
14,金奖,杭州电子科技大学,int a,6,658,+2(29),+2(222),,-1,+1(53),,+2(187),,,+1(46),+1(61),,
15,金奖,电子科技大学,UESTC_Best_Wife,6,670,+1(28),+1(92),,-1,+3(69),,+4(253),,,+2(41),+1(67),,
16,金奖,华中科技大学,玩具阿萨姆运载车,6,680,+1(19),+1(71),,,+1(101),,+1(193),,,+3(119),+1(137),,-1
17,金奖,同济大学,机械化就输不了,6,707,+1(19),+1(154),,,+2(44),,+1(215),,,+3(69),+3(106),,
18,金奖,上海交通大学,空隙之线,6,726,+1(15),+3(194),,-1,+1(31),,+1(200),,,+3(63),+1(143),,-6
19,金奖,上海科技大学,未来道具研究所,6,728,+1(19),+1(177),,-1,+2(53),,+1(228),,,+2(63),+2(128),,
20,金奖,深圳大学,boomboomboom,6,776,+2(21),+1(141),,-1,+2(52),,+6(267),,,+1(36),+2(99),,
21,金奖,西安交通大学,我得重新集结部队,6,789,+1(27),+2(212),,,+2(58),,+1(185),,,+3(121),+1(106),,-3
22,金奖,电子科技大学,UESTC_网太慢直接掉线,6,793,+2(18),+2(174),,-7,+1(60),,+3(252),,,+1(48),+2(141),,
23,金奖,武汉大学,要迟到了,6,801,+1(20),-2,,,+1(37),,+4(270),,,+2(47),+1(83),,+4(204)
24,金奖,北京大学,我垫你们底,6,838,+1(29),-2,,,+3(67),,+4(278),,,+2(41),+2(89),,+2(174)
25,金奖,广东工业大学,猪猪冲冲冲,6,872,+1(12),+1(74),,,+4(104),,+7(247),,,+2(92),+2(123),,-3
26,金奖,华东师范大学,二环己基碳二亚胺,6,894,+1(20),+3(287),,,+1(39),,+1(295),,,+2(63),+2(110),,-2
27,金奖,浙江财经大学,渣男天团,6,971,+2(23),+1(117),,,+2(72),,+5(252),,,+3(87),+5(180),,
28,金奖,武汉大学,末日时在做什么？有没有空?可以来WA一发吗？,6,1064,+1(14),+3(243),,,+3(80),,+7(292),,,+3(72),+1(123),,-1
29,金奖,中国人民大学,三个和尚,6,1176,+1(32),+3(155),,-1,+2(60),,+3(270),,,+2(67),+14(212),,
30,金奖,电子科技大学,UESTC_新月玫瑰,5,281,+3(24),+1(75),,,+1(53),,-5,,,+1(45),+1(44),,-7
31,金奖,中国人民大学,0sAC人,5,394,+1(9),+1(213),,,+1(39),,-6,,,+2(27),+1(86),,-5
32,金奖,浙江工商大学,最后之舞,5,448,+1(21),+1(220),,,+2(46),,-7,,,+1(50),+1(91),,
33,金奖,清华大学,狼的废弃,5,458,+1(15),+3(244),,,+1(30),,,,,+1(37),+1(92),,
34,金奖,中南大学,再给我十分钟必过,5,460,+1(18),-6,,,+2(47),,+1(173),,,+2(35),+2(127),,
35,金奖,北京航空航天大学,奔跑的小菜鸡,5,488,+1(19),,,,+2(50),,+2(176),,,+1(44),+2(139),,
36,金奖,南京理工大学,跃迁的咕咕,5,490,+1(14),-3,,,+2(58),,+1(177),,,+3(69),+1(112),,
37,金奖,华南农业大学,SCAU_鬼火一响,5,495,+1(12),-11,,-1,+1(47),,+1(203),,,+4(67),+1(106),,
38,金奖,山东大学（威海）,玛珈山的朝阳,5,498,+1(17),-1,,,+1(37),,+3(204),,,+3(74),+2(66),-1,
39,金奖,华中科技大学,路人ACMer的养成方法,5,507,+1(9),-1,,,+2(58),,-1,,,+1(36),+1(127),,+3(217)
40,金奖,华中科技大学,一壹一壹壹一壹一,5,509,+1(17),-2,,,+1(70),,+1(216),,,+3(51),+1(115),,
41,金奖,上海理工大学,明治十七年的上海爱丽丝,5,513,+1(9),-3,,,+1(32),,+5(222),,,+2(53),+1(97),,
42,金奖,中国人民大学,它怎么WA了呢,5,521,+1(16),+1(223),,,+1(29),,-2,,,+2(49),+3(144),,
43,金奖,中南大学,普通却自信,5,526,+1(15),,,-2,+2(61),,+2(218),,,+1(70),+1(122),,
44,金奖,杭州师范大学,四面杵鸽,5,534,+1(21),-5,,,+2(38),,+2(271),,,+1(55),+1(109),,
45,金奖,浙江大学,老师饿饿让让芙兰,5,536,+2(28),+2(145),,-6,+3(72),,-6,,,+2(56),+2(115),,
46,金奖,中山大学,卡布奇诺,5,550,+1(13),-4,,,+1(40),,+4(270),,-1,+2(57),+1(90),,
46,金奖,厦门大学,叹为观止！,5,550,+1(18),-5,,-1,+2(48),,+4(285),,,+1(42),+1(77),,
48,金奖,南京理工大学,加力燃油器,5,552,+1(23),-2,,-3,+2(59),,+2(252),,,+1(43),+2(115),,
49,金奖,北京邮电大学,见到你很高兴,5,565,+1(13),-2,,,+2(52),,+1(204),,,+3(95),+2(121),,
50,金奖,华中科技大学,春田花花初级中学,5,590,+1(21),-2,,,+1(43),,+3(290),,,+1(48),+2(128),,
51,银奖,中国科学技术大学,大小姐的下午茶时光,5,614,+1(10),,,,+4(91),,+2(208),,,+2(35),+2(150),,
52,银奖,浙江师范大学,霞谷,5,625,+2(25),,,,+1(58),,+5(261),,,+1(37),+1(144),,
53,银奖,中国科学院大学,骑士归来之时Ⅱ,5,628,+1(13),-2,,,+2(52),,+5(252),,,+2(68),+1(123),,
53,银奖,信息工程大学,人活着就是为了樱岛麻衣,5,628,+2(26),-2,,,+1(49),,+4(290),,,+1(41),+1(142),,
55,银奖,浙江工业大学,一路向北,5,645,+2(33),,,,+1(61),,+3(259),,,+1(79),+2(133),,
56,银奖,济南大学,魔术师,5,646,+1(21),,,,+2(88),,+1(232),,,+2(54),+3(171),,
57,银奖,兰州大学,奎恩先生,5,649,+2(25),-17,,,+1(40),,+4(259),,,+1(33),+5(132),,-2
58,银奖,南京大学,烟花,5,660,+1(18),-15,,,+1(45),,+4(282),,,+4(101),+1(94),,
59,银奖,南方科技大学,南方科技大学-日内瓦,5,665,+1(29),-1,,,+1(50),,+2(241),,,+2(146),+1(159),,
60,银奖,合肥工业大学,临时队,5,673,+1(12),-6,,,+2(116),,+1(219),,,+1(46),+5(180),,
61,银奖,杭州电子科技大学,Nowa,5,677,+3(54),-2,,,+1(65),,+1(270),,,+2(86),+1(142),,
62,银奖,南京航空航天大学,yyb后援团,5,678,+1(21),,,,+1(80),,+2(194),,,+4(128),+2(155),,-7
63,银奖,惠州学院,绽华之刻,5,703,+2(59),-2,,-1,+2(93),,+1(256),,,+1(73),+2(162),,
64,银奖,武汉大学,队长说ghs不能太明显,5,709,+1(19),-3,,,+1(41),,+6(279),,,+3(95),+2(115),,
65,银奖,浙江大学,Refrain,5,727,+1(14),,,-1,+1(36),,+6(177),,,+3(90),+4(210),,-3
66,银奖,长沙理工大学,小丑竟是我自己,5,728,+3(32),-13,,,+3(93),,+4(227),,,+3(58),+1(138),,
67,银奖,中国计量大学,一趴一躺一吃瓜,5,740,+2(26),,,,+3(83),,+2(295),,,+1(61),+3(155),,
68,银奖,北京邮电大学,莱鸡,5,744,+1(12),-1,,,+2(65),,+4(272),,,+1(80),+4(175),,
69,银奖,华南理工大学,横渡珠江,5,754,+2(15),-7,,,+1(60),,+6(243),,,+2(63),+4(173),,
70,银奖,山东科技大学,NCC1031 发现号,5,756,+1(41),-8,,-5,+1(68),,+3(246),,,+1(92),+3(229),,
71,银奖,西安电子科技大学,蔚蓝,5,782,+1(19),,,,+4(80),,+3(258),,,+2(114),+2(171),,
72,银奖,北京化工大学,啊，这,5,803,+2(37),,,,+2(58),,+2(261),,,+3(72),+5(195),,
73,银奖,北京师范大学,人菜瘾大,5,815,+1(24),,,,+2(80),,+2(289),,,+1(56),+6(226),,
74,银奖,华东交通大学,远距离投石,5,828,+3(34),-14,,,+4(119),,+3(258),,,+3(93),+2(124),,
75,银奖,桂林电子科技大学,海底捞不动,5,840,+2(34),,,,+1(60),,+1(266),,,+3(53),+9(207),,
76,银奖,厦门大学,你又会了,5,850,+1(28),-3,,,+1(53),,+4(226),,,+4(75),+6(248),,
77,银奖,中国地质大学（武汉）,胜天半子,5,875,+2(25),+6(293),,,+2(68),,,,,+3(106),+2(183),,
78,银奖,清华大学,焦哥要喝营养快线,5,883,+1(14),-7,,,+1(44),,+2(281),,,+9(147),+6(117),,
79,银奖,长春理工大学,给我一杯Mojito,5,899,+2(39),,,,+4(89),,+7(298),,,+2(82),+2(151),,
80,银奖,河海大学,几丁质,5,941,+2(19),-1,,,+1(41),,+4(299),,,+1(56),+12(226),,
81,银奖,哈尔滨工业大学（威海）,掘金打铁,5,951,+1(17),-1,,,+4(53),,+2(272),,,+7(212),+1(197),,
82,银奖,哈尔滨工程大学,R.M.T,5,1000,+2(21),-1,,,+1(55),,+8(298),,,+7(127),+3(179),,
83,银奖,齐鲁工业大学,最后一站,5,1019,+1(25),,,,+2(53),,+1(289),,,+6(206),+6(226),,
84,银奖,南京航空航天大学,我全都要,5,1049,+2(27),-2,,,+4(134),,+3(274),,,+9(132),+2(182),,
85,银奖,同济大学,黄渡代码俱乐部,5,1089,+1(21),,,,+3(57),,+5(288),,,+6(241),+4(202),,
86,银奖,浙江理工大学,你好骚啊,5,1140,+1(17),,,,+11(170),,+3(283),,,+2(109),+6(201),,
87,银奖,四川大学,穷极土块,4,225,+1(12),-5,,,+1(54),,-5,,,+1(39),+1(120),,
88,银奖,大连理工大学,打铁上班,4,233,+1(21),-3,,,+1(44),,,,,+1(35),+2(113),,
89,银奖,华东师范大学（软件）,玉米炒葡萄,4,239,+1(21),-4,,,+1(49),,-3,,,+2(40),+2(89),,
90,银奖,南京大学,别卷了别卷了,4,244,+1(27),-1,,-1,+2(60),,-1,,,+1(41),+1(96),,
91,银奖,青岛大学,AC钙奶,4,252,+1(25),-2,,-1,+1(52),,-4,,,+2(47),+1(108),,
92,银奖,吉林大学,青眼白龙,4,254,+2(17),-3,,,+1(44),,-6,,,+1(51),+2(102),,
93,银奖,东北林业大学,先WA一发,4,272,+1(25),,,,+1(56),,-8,,,+1(44),+2(127),,
94,银奖,天津大学,金川银川，不如咱的铁川,4,276,+1(19),,,,+2(50),,-4,,,+2(53),+1(114),,
95,银奖,中山大学,未完待续,4,287,+1(19),-12,,,+2(54),,,,,+1(35),+4(99),,
96,银奖,北京化工大学,我只能爬,4,289,+1(16),-3,,,+1(59),,-9,,,+1(46),+2(148),,
97,银奖,西北大学,滑滑蛋,4,292,+2(25),-2,,,+1(62),,,,,+1(47),+2(118),,
97,银奖,浙大宁波理工学院,电脑开机就算成功,4,292,+1(26),,,-1,+1(38),,,,,+1(45),+3(143),,
99,银奖,北京大学,好丽友派,4,293,+1(16),-2,,-3,+1(47),,,,,+3(52),+3(98),,-1
100,银奖,重庆大学,我们想peach,4,294,+1(15),-2,,,+1(38),,-2,,,+1(124),+1(117),,
100,银奖,南京师范大学,这么巧，你也在上网冲浪啊,4,294,+1(18),-2,,,+1(68),,,,,+1(54),+2(134),,
102,银奖,杭州电子科技大学信息工程学院,小人物,4,296,+1(21),-9,,,+1(58),,,,,+2(43),+2(134),,
103,银奖,华南理工大学,清炖鸽子汤,4,298,+1(15),-7,,,+1(42),,,,,+1(56),+4(125),,
104,银奖,浙江工业大学,耶梦加得,4,300,+1(11),-4,,,+2(57),,,,-1,+1(36),+2(156),,
105,银奖,东北大学,河童重工,4,303,+1(30),-4,,,+1(20),,-5,,,+2(52),+2(161),,
106,银奖,深圳大学,Jik Sapzi,4,305,+1(18),,,,+1(46),,-3,,,+2(53),+3(128),,
106,银奖,江西师范大学,自码小队,4,305,+1(20),-5,,,+1(60),,,,,+1(35),+3(150),,
108,银奖,大连理工大学,优哉游戏,4,307,+2(40),-5,,,+2(63),,-4,,,+1(34),+1(130),,
108,银奖,北京理工大学,迪杰斯特拉大战特斯拉,4,307,+1(13),-3,,,+2(67),,-6,,,+2(30),+2(137),,
110,银奖,浙江工业大学,一个梦想两个梦想三个梦想,4,308,+1(17),,,,+1(53),,-4,,,+1(34),+2(184),,
111,银奖,长安大学,打完比赛去吃黄焖鸡,4,309,+1(28),-3,,,+1(65),,,,,+2(52),+1(144),,
112,银奖,武汉大学,啊啊啊啊唉,4,311,+2(22),-7,,,+3(42),,-6,,,+1(56),+3(91),,
113,银奖,西安电子科技大学,灵稽一动,4,312,+1(19),-2,,-1,+1(76),,-5,,,+1(62),+1(155),,
114,银奖,太原理工大学,百闻不如一见队,4,314,+1(35),-3,,,+2(57),,,,,+1(70),+1(132),,
115,银奖,浙江工业大学,ZJUT10,4,317,+1(17),-4,,,+2(69),,-1,,,+1(38),+2(153),,
116,银奖,福州大学,重振现场赛荣光，吾辈义不容辞,4,318,+2(36),-2,,,+2(60),,-10,,,+1(58),+1(124),,
117,银奖,上海大学,我的算法题哪有那么简单！,4,321,+1(20),,,,+2(41),,-6,,,+2(59),+1(161),,
117,银奖,东华大学,原神,4,321,+1(20),,,,+1(62),,-4,,,+1(57),+2(162),,
119,银奖,浙大宁波理工学院,世界最后之日,4,327,+1(17),-1,,,+2(82),,,,,+1(31),+3(137),,
119,银奖,华南师范大学,评测失败,4,327,+1(18),,,,+1(43),,-2,,,+1(70),+2(176),,
121,银奖,武汉科技大学,憨包王,4,331,+2(32),-2,,,+2(68),,,,,+1(47),+2(124),,
122,银奖,北京理工大学,putchar,4,335,+1(16),,,,+1(46),,-7,,,+1(32),+5(161),,
123,银奖,四川大学,想买显卡,4,336,+1(24),,,,+3(63),,-2,,,+3(61),+1(108),,
124,银奖,兰州大学,日常想不出名字,4,337,+1(22),-2,,,+1(52),,,,,+1(41),+4(162),,
125,银奖,太原理工大学,九章算树,4,341,+1(17),,,,+1(50),,-3,,,+2(34),+3(180),,
126,银奖,北京师范大学,北师二队,4,342,+1(24),-5,,,+3(61),,-3,,,+2(26),+2(151),,
126,银奖,中国海洋大学,我知道了,4,342,+1(29),-3,,,+1(51),,,,,+1(65),+3(157),,
128,银奖,哈尔滨工业大学(深圳）,阿鲁巴,4,343,+1(11),-1,,,+1(42),,-1,,,+3(128),+1(122),,
129,银奖,合肥学院,终局之战,4,344,+1(20),-1,,,+1(55),,-7,,,+2(72),+2(157),,
130,银奖,天津大学,背着队友偷偷WA,4,345,+3(31),,,-16,+1(64),,-1,,,+2(53),+2(117),,
131,银奖,西南民族大学,六十年春华秋实,4,350,+1(30),,,,+2(79),,-5,,,+1(48),+2(153),,
132,银奖,湖南工业大学,a完这题去骑车,4,351,+1(32),-9,,,+1(74),,,,,+1(55),+2(170),,
133,银奖,浙江农林大学,春田花花幼儿园,4,352,+1(13),-1,,-1,+1(59),,-2,,,+1(32),+4(188),,-9
134,银奖,西安电子科技大学,嘤嘤嘤,4,358,+1(30),-3,,,+3(42),,-4,,,+3(110),+1(96),,
135,银奖,中国石油大学（北京）,好山好水好地方,4,363,+1(27),,,,+1(68),,-6,,,+3(44),+3(144),,
136,银奖,南京大学,还没想好叫什么,4,367,+1(28),-1,,,+1(82),,-3,,,+3(70),+3(107),,
137,银奖,中国矿业大学,矿课,4,372,+2(50),,,,+1(67),,-7,,,+1(74),+2(141),,
137,银奖,东北大学秦皇岛分校,neuq-ubuntu,4,372,+1(25),-6,,,+1(42),,-4,,,+1(35),+6(170),,
139,银奖,吉首大学,三条酸菜鱼,4,375,+1(28),,,,+1(91),,-1,,,+1(49),+1(207),,
140,银奖,北京航空航天大学,火锅队,4,376,+1(18),-1,,-10,+1(46),,,,,+3(77),+5(115),,
140,银奖,华南理工大学,橘猫也想打比赛,4,376,+2(49),-3,,,+4(74),,-2,,,+2(25),+1(128),,
142,银奖,四川大学,随机对,4,377,+1(26),,,,+1(42),,,,,+1(56),+2(233),,
143,银奖,南京大学,鸽屋咕,4,378,+2(22),-15,,-1,+1(59),,,,,+4(62),+3(115),,
144,银奖,北京理工大学,摸鱼两年半,4,379,+2(25),,,,+3(82),,-6,,,+1(63),+1(149),,
144,银奖,南华大学,我宣布个事儿,4,379,+1(32),,,,+1(77),,-3,,,+1(46),+2(204),,
146,银奖,苏州大学,还是补题去吧,4,382,+1(14),-2,,,+3(52),,-6,,,+2(98),+1(158),,
147,银奖,北京科技大学,钠克,4,387,+1(32),-2,,,+2(62),,,,,+3(75),+1(158),,
148,银奖,中北大学,哥哥带带我,4,388,+1(29),,,,+1(72),,-1,,,+1(48),+1(239),,
149,银奖,西北工业大学,拿到银牌就算成功,4,389,+1(23),,-1,,+2(70),,-4,,,+2(39),+4(157),,
150,银奖,上海大学,Mega进化,4,390,+1(19),,,,+1(64),,-13,,,+1(47),+4(200),,
151,铜奖,东北大学,时间拖延,4,391,+1(16),-3,,,+1(45),,-8,,,+3(116),+2(154),,
152,铜奖,西安电子科技大学,答案,4,392,+1(9),-2,,,+1(18),,-4,,,+1(30),+7(215),,
153,铜奖,华南师范大学,"""WAAA,'S""",4,395,+1(21),,,,+1(41),,-2,,,+1(66),+5(187),,
154,铜奖,江南大学,可是A不得,4,396,+1(27),-6,,,+1(84),,,,,+2(54),+3(171),,
155,铜奖,电子科技大学,UESTC_Afterglow,4,399,+2(32),-2,,,+1(58),,-4,,,+2(80),+4(129),,
155,铜奖,兰州大学,一切都是最好的,4,399,+2(28),-4,,,+3(110),,,,,+1(48),+1(153),,
157,铜奖,天津大学,我们都是好孩子,4,402,+4(33),,,,+1(58),,,,,+2(73),+2(138),,
157,铜奖,山东大学（威海）,玛珈山的LCY,4,402,+1(13),,,,+1(45),,,,,+1(61),+4(223),,
159,铜奖,华中师范大学,锅锅锅,4,406,+1(25),,,,+1(58),,,,,+2(133),+1(170),,
159,铜奖,浙江师范大学,快想个队名,4,406,+1(24),+3(201),,,+1(51),,,,,+2(70),-2,,
161,铜奖,嘉应学院,123a,4,407,+1(38),,,,+1(94),,,,,+2(77),+1(178),,
162,铜奖,浙江理工大学,想不出名字,4,411,+1(20),,,,+1(66),,-7,,,+2(99),+2(186),,
163,铜奖,哈尔滨工业大学（威海）,芜湖摸鱼,4,414,+1(15),-10,,,+1(33),,-11,,,+6(116),+2(130),,
164,铜奖,哈尔滨工业大学(深圳）,逆流沙,4,415,+1(19),-3,,,+3(58),,-3,,,+3(132),+1(126),,
165,铜奖,北京信息科技大学,二次元去死,4,419,+2(22),,,,+1(39),,-8,,,+3(76),+1(222),,
166,铜奖,东华大学,喜欢打问号？,4,421,+2(38),,,,+1(74),,-9,,,+1(55),+2(214),,
167,铜奖,电子科技大学中山学院,椭圆卤蛋中学,4,422,+1(28),-21,,,+1(74),,,,,+2(95),+1(205),,
168,铜奖,华北水利水电大学,GOAT,4,425,+3(49),,,,+1(55),,,,,+1(73),+3(168),,
169,铜奖,中国矿业大学,自动AC鸡,4,426,+2(39),-3,,,+1(48),,,,,+2(72),+3(187),,
170,铜奖,华东师范大学,阿萨打发撒,4,431,+1(17),-4,,,+3(64),,-5,,,+1(54),+6(156),,
170,铜奖,香港中文大学（深圳）,八百标兵奔北坡,4,431,+1(28),,,,+2(75),,,,,+2(76),+2(192),,
172,铜奖,山东师范大学,快攻猛男,4,437,+1(24),,,,+1(66),,-10,,,+3(95),+2(192),,
173,铜奖,北京工业大学,我在北极挖GitHub胶卷,4,439,+2(27),,,,+2(50),,-10,,,+3(104),+2(158),,
173,铜奖,北京林业大学,冲就完事,4,439,+2(26),,,,+2(70),,,,,+2(93),+2(170),,
173,铜奖,南昌大学,南中附大放铳队,4,439,+3(20),,,,+2(66),,,,,+1(42),+3(211),,
176,铜奖,长春工业大学,三个炼金术士,4,444,+1(24),,,,+2(104),,-1,,,+1(60),+1(236),,
177,铜奖,青岛科技大学,故事会,4,450,+2(28),,,,+1(54),,,,,+1(37),+4(251),,
178,铜奖,金陵科技学院,yjj今晚就要,4,451,+3(37),,,,+2(73),,-7,,,+2(52),+4(149),-1,
179,铜奖,青岛大学,海底捞一队,4,454,+1(22),-5,,,+1(59),,-2,,,+2(137),+3(176),,
180,铜奖,南京邮电大学,快进到AC,4,456,+2(20),,,,+1(57),,-6,,,+3(81),+3(198),,
181,铜奖,四川师范大学,we mid out a traitor,4,457,+2(31),,,,+1(66),,-5,,,+2(85),+2(215),,
182,铜奖,华南师范大学,DeDeRong,4,458,+2(29),,,,+1(72),,-5,,,+1(96),+3(201),,
183,铜奖,杭州师范大学,交流电,4,459,+1(22),,,,+1(51),,,,,+4(91),+1(235),,
184,铜奖,太原理工大学,蓝翔WA掘机,4,462,+1(24),,,,+4(96),,-7,,,+2(46),+2(196),,
185,铜奖,太原理工大学,蛙精对,4,463,+2(26),,,,+1(114),,,,,+3(85),+1(178),,
185,铜奖,南京航空航天大学,50包邮出队友黑屏开不了机的NS,4,463,+1(28),,,,+1(59),,,,,+1(104),+4(212),,-2
187,铜奖,中国地质大学（北京）,名字不好起,4,464,+1(29),,,,+1(74),,,,,+1(54),+4(247),,
188,铜奖,华南农业大学,火焰獠牙,4,465,+2(38),-3,,,+2(62),,,,,+1(46),+3(239),,
189,铜奖,山东科技大学,NCC31911 萨拉托加号,4,467,+1(22),-1,,,+1(57),,-1,,,+2(46),+5(242),,
190,铜奖,武汉理工大学,关于铁匠两次打铁这件事,4,469,+1(18),,,,+2(54),,-8,,,+3(143),+2(174),,
190,铜奖,南通大学,扬帆社,4,469,+1(28),,,,+2(98),,-7,,,+1(53),+5(190),,
190,铜奖,青岛理工大学,打酱油就行,4,469,+2(36),,,,+1(82),,-1,,,+1(52),+4(219),,
193,铜奖,东北大学秦皇岛分校,neuq-friday,4,470,+1(17),,,,+1(62),,-3,,,+4(164),+2(147),,
194,铜奖,浙江工商大学杭州商学院,铜奖收割机,4,471,+1(20),,-1,,+1(69),,,-6,,+2(43),+4(259),,
195,铜奖,北方工业大学,你有一个极好的,4,472,+2(32),-6,,,+2(80),,-2,,,+2(68),+2(212),,
195,铜奖,哈尔滨工程大学,你们队名就叫这个呀,4,472,+1(21),,,,+1(45),,-3,,,+2(66),+6(220),,
197,铜奖,上海大学,秒wa种子队,4,479,+4(42),-2,,,+1(62),,,,,+1(120),+2(175),,
198,铜奖,西南交通大学,粑拉拉小魔仙,4,483,+2(51),-3,,,+5(130),,-12,,,+2(56),+1(126),,
199,铜奖,青岛大学,均衡教派,4,486,+1(19),,,,+2(45),,-8,,,+6(132),+1(170),,
200,铜奖,东北师范大学,黎明初晓,4,487,+1(24),-5,,,+1(55),-1,-2,,,+1(69),+6(239),,
201,铜奖,西南民族大学,将愿望折纸飞机寄成信,4,489,+2(44),-3,,,+1(81),,-3,,,+2(115),+4(149),,
201,铜奖,北京师范大学,恰饭六队,4,489,+1(18),,,,+2(67),,,,,+2(81),+2(263),-1,
203,铜奖,宁波大学,快乐的小马驹,4,490,+1(12),-2,,,+3(57),,-4,,,+5(112),+1(189),,
204,铜奖,闽南师范大学,平衡栈,4,491,+2(45),,,,+1(92),,,,,+2(111),+1(203),,
205,铜奖,暨南大学,这个成绩，令人汗颜,4,493,+3(35),,,,+1(80),,,,,+2(60),+2(238),,
206,铜奖,南京邮电大学,一相之力,4,494,+1(22),,,,+3(69),,,,,+1(40),+5(243),,
207,铜奖,安徽大学,鸽子机,4,502,+1(36),,,,+1(103),,-4,,,+3(82),+3(201),,
208,铜奖,青岛大学,我们想要气球,4,508,+1(17),-1,,,+1(48),,-3,,,+4(97),+6(186),,
209,铜奖,长春理工大学,嗨呀好急呀,4,509,+1(19),,,,+4(124),,-13,,,+2(58),+3(188),,
210,铜奖,哈尔滨理工大学,哈理工06队,4,510,+1(20),,,,+2(77),,-3,,,+6(112),+1(181),,
211,铜奖,哈尔滨理工大学,哈理工01队,4,512,+3(41),-1,,,+1(60),,-6,,,+1(47),+7(204),,
212,铜奖,北京联合大学,Poineer,4,521,+1(34),,,,+2(114),,-1,,,+2(86),+3(207),,
213,铜奖,中南民族大学,退役赛时在做什么？有没有空？可以来AK吗？,4,522,+1(30),,,,+1(69),,,,,+1(91),+4(272),,
214,铜奖,郑州轻工业大学,分个块，排个序,4,524,+2(27),,,,+5(153),,-7,,,+1(37),+2(187),,
215,铜奖,东南大学,猛男,4,527,+1(22),-4,,,+3(54),,,,,+1(76),+7(215),,
216,铜奖,大连海事大学,哇咔咔哈哈,4,532,+2(29),,,,+1(92),,-6,,,+5(70),+2(221),,
217,铜奖,中国石油大学,五行不缺水木火土,4,546,+4(29),-1,,,+1(66),,-5,,,+3(67),+5(204),,
218,铜奖,合肥工业大学,打铁先到先得,4,548,+3(30),,,,+1(43),,,,,+4(195),+2(160),,
219,铜奖,深圳大学,Team of GB,4,549,+2(45),,,-6,+1(43),,-4,,,+5(224),+2(117),,
220,铜奖,西北工业大学,高强度水群,4,554,+1(38),-1,,,+1(74),,,,,+2(147),+3(235),,
221,铜奖,东北林业大学,给大佬倒杯卡布奇诺,4,555,+2(34),-3,,,+3(100),,,,,+1(94),+3(227),,
222,铜奖,中国矿业大学,403 禁止访问,4,556,+1(22),,,,+4(89),,,,,+3(43),+4(242),,
223,铜奖,河海大学,可爱星星飞天撞,4,563,+2(19),,,,+1(43),,-6,,,+6(113),+4(208),,
224,铜奖,同济大学,济鸽,4,565,+1(16),-10,,,+6(198),,,,,+1(54),+2(177),,
224,铜奖,西安电子科技大学,三棵二叉树,4,565,+1(26),-1,,-2,+2(58),,,,,+3(133),+1(288),,
226,铜奖,西北大学,纸片人,4,566,+1(28),,,,+3(62),,,,,+4(105),+4(211),,
227,铜奖,东北大学秦皇岛分校,嘭哈波,4,572,+1(22),,,,+3(83),,,,,+2(51),+5(276),,
228,铜奖,杭州电子科技大学,Slayer comes,4,577,+1(20),,,-2,+1(86),,,,,+1(65),+7(286),,
229,铜奖,中国矿业大学,日暮途远,4,579,+2(27),-1,,,+1(61),,,,,+3(127),+2(284),,
230,铜奖,黑龙江大学,拭暗晨曦,4,585,+2(25),,,,+6(120),-2,-3,,,+2(80),+2(200),,
230,铜奖,湖北工业大学,来者可追,4,585,+1(32),,,,+1(72),,,,,+2(50),+10(231),,
232,铜奖,四川大学锦城学院,不会吧不会吧,4,587,+1(66),,,,+2(110),,,,-1,+1(122),+4(209),,
233,铜奖,青岛理工大学,海神三叉戟,4,602,+2(49),,,,+2(84),,-1,,,+2(108),+6(201),,
234,铜奖,中国矿业大学(北京),淡黄的长裙,4,603,+2(26),-3,,,+2(23),,,,,+2(83),+9(251),,
235,铜奖,重庆大学,一斤甲鱼,4,604,+1(21),,,,+1(83),,-10,,,+3(92),+6(268),,
236,铜奖,华南农业大学,我感觉贼队,4,613,+2(40),,,,+1(86),,,,,+2(79),+5(288),,
237,铜奖,江西师范大学,溢血浅耻,4,629,+2(72),,,,+1(132),,,,,+3(104),+5(181),,
238,铜奖,鲁东大学,是我梦里的金闪闪吗,4,630,+2(36),-1,,,+4(157),,,,-1,+4(77),+1(220),,
239,铜奖,同济大学,电脑一带三,4,644,+1(25),-1,,,+2(49),,,,,+5(126),+5(264),,
240,铜奖,广东工业大学,静寂之声,4,648,+4(73),-2,,,+1(71),,,,,+2(101),+4(263),,
241,铜奖,山东师范大学,逆风,4,652,+3(55),-2,,,+3(109),,-4,,,+3(109),+4(199),,
241,铜奖,中国石油大学（北京）,风吹稻香花两岸,4,652,+3(42),,,,+4(129),,,,,+1(56),+5(245),,
243,铜奖,武汉理工大学,team007,4,656,+3(43),,,,+3(90),,,,,+2(95),+6(228),,
244,铜奖,华中师范大学,优衣说一,4,657,+2(36),,,,+1(90),,,,,+3(164),+3(267),,
245,铜奖,安徽大学,星空,4,659,+4(55),-2,,,+2(95),,,,,+3(126),+4(203),,
246,铜奖,浙江农林大学,WA自动机,4,661,+2(41),-4,,,+2(106),,,,,+3(110),+4(264),,
247,铜奖,北京科技大学,巴斯码,4,670,+3(52),,,,+1(112),,-3,,,+2(211),+1(235),,
248,铜奖,华北水利水电大学,有人，脸上，破甲，大残，奈斯，扶我,4,671,+1(24),-2,,,+6(157),,,,,+1(129),+2(241),,
249,铜奖,郑州轻工业大学,neo-aspect,4,674,+2(28),,,,+10(154),,-4,,,+1(39),+4(193),,
250,铜奖,成都信息工程大学,我们写的代码都是诗,4,675,+1(39),,,,+3(132),,-1,,,+3(63),+5(281),,
251,铜奖,四川轻化工大学,阿廖沙,4,682,+1(31),-2,,,+8(160),,,,,+3(84),+3(187),,
252,铜奖,西南交通大学,唯,4,689,+1(26),,,-5,+2(76),,,,,+4(157),+4(290),,
253,铜奖,山东财经大学,金牌快快来,4,696,+4(72),-1,,,+2(139),,,,,+1(60),+4(285),,
254,铜奖,湖南工业大学,丝滑拿铁,4,702,+3(67),,,,+1(127),,+6(274),,,+1(94),,,
255,铜奖,安徽师范大学,深蓝之痕,4,708,+2(63),,,,+3(170),,,,,+1(119),+3(256),,
256,铜奖,西南交大峨眉校区,B+战队,4,723,+2(40),,,,+2(120),,,,,+4(101),+5(282),,
257,铜奖,新疆大学,三朵棉花,4,737,+4(34),,,,+1(65),,-11,,,+4(146),+8(232),,
258,铜奖,中北大学,队名叫啥,4,747,+1(22),-1,-1,,+4(202),,,,,+2(163),+1(280),,-1
259,铜奖,苏州大学,改个积极的队名,4,758,+1(28),-1,,,+1(97),,-4,,,+2(94),+12(299),,
260,铜奖,吉首大学,WA来哒,4,763,+3(48),,,,+1(114),,,,,+2(83),+9(298),,
261,铜奖,哈尔滨工业大学(深圳）,天天向上,4,770,+1(28),,,,+3(74),,-1,,,+5(257),+3(251),,
262,铜奖,东北大学,好想摸鱼,4,782,+3(36),-3,,,+9(159),,,,,+1(52),+4(275),,
263,铜奖,浙江理工大学,咕咕自动稽,4,784,+2(29),-4,,,+1(83),,,,,+9(221),+5(191),,
264,铜奖,新疆大学,向犇犇犇低头,4,789,+4(64),-2,,,+3(124),,,,,+2(147),+4(274),,
265,铜奖,南方科技大学,南方科技大学-施维茨,4,843,+2(58),,,,+3(45),,,,,+6(189),+6(291),,
266,铜奖,燕山大学,来自东方的神秘力量,4,862,+6(111),,,,+4(215),,-1,,,+4(95),+1(221),,
267,铜奖,浙江师范大学,Firework,4,866,+1(18),,,,+4(123),,,,,+3(265),+5(280),,
268,铜奖,河北师范大学,黎明之光,4,900,+2(30),,,,+1(89),,,,,+3(68),+19(293),,
269,铜奖,长沙学院,T罗奥特曼,4,929,+3(105),,,,+3(195),,,,,+4(171),+3(278),,
270,铜奖,东北大学,管管无敌,4,932,+4(38),,,,+1(64),,,,,+5(259),+8(291),,
271,铜奖,中原工学院,中工软件,4,957,+2(28),-1,-1,,+3(73),,,,,+1(97),+23(259),,
272,铜奖,重庆大学,几何冲刺,3,105,+1(18),,,,+1(39),,,,,+1(48),-7,,
273,铜奖,江南大学,江南铁队,3,124,+1(17),,,,+2(52),,,,,+1(35),-5,,
274,铜奖,福州大学,给本公主上个全银川最好的酸辣粉,3,131,+1(14),,,,+2(70),,-8,,,+1(27),-9,,
275,铜奖,东北大学,我想要一个粉色气球,3,152,+2(25),-1,,,+2(43),,,,,+1(44),-13,,-7
275,铜奖,华南师范大学,月下星辰,3,152,+1(23),,,,+1(85),,,,,+1(44),-3,,
277,铜奖,杭州师范大学,果宝三剑客,3,153,+2(26),,,-1,+1(61),,,,,+1(46),-8,,
277,铜奖,福州大学,新建文本文档.txt,3,153,+2(23),,-1,,+1(65),,-1,,,+1(45),-12,,
279,铜奖,南昌大学,"""AllianCe(4,5,6)""",3,173,+1(36),-2,,-2,+2(70),,,,,+1(47),-7,,
280,铜奖,集美大学,我们不会修电脑,3,174,+1(29),,,,+1(79),,,,,+1(66),-4,,
280,铜奖,信息工程大学,给dy倒一杯可乐,3,174,+1(28),,,,+1(87),,,,,+1(59),-12,,
282,铜奖,北京航空航天大学,地址过低,3,184,+1(15),-1,,,+1(47),,,,-1,+3(82),-9,,
283,铜奖,青岛科技大学,三个诸葛亮,3,190,+2(31),,,,+1(81),,,,,+1(58),-5,,
284,铜奖,哈尔滨工业大学（威海）,阿尔法荣光,3,192,+1(28),,,,+1(68),,,,,+2(76),-9,,
285,铜奖,中国传媒大学,夏日长吃小肉串喝杏仁茶,3,193,+1(33),,,,+1(64),,,,,+1(96),,,
286,铜奖,济南大学,流星,3,198,+2(41),-1,,,+1(76),,,,,+1(61),-3,,
286,铜奖,广西大学,炼铜术土,3,198,+1(15),-2,,,+2(75),,,,,+1(88),-5,,
288,铜奖,山东大学（威海）,把我的Hello World板子拿过来,3,199,+1(26),-1,,,+3(67),,,,,+1(66),-16,,
289,铜奖,浙江中医药大学,最后一个滑铲,3,201,+2(35),,,,+1(93),,,,,+1(53),-9,,
290,铜奖,浙江万里学院,苗妙妙养了一只喵叫喵妙,3,205,+2(21),,,,+2(67),,,,,+2(57),-17,,
291,铜奖,江西理工大学,拿牌刘神女装队,3,208,+1(30),,,,+1(94),,,,,+2(64),-17,,
292,铜奖,河南理工大学,这不河狸,3,209,+2(36),,,,+1(90),,,,,+1(63),-6,,
292,铜奖,内蒙古大学,不能摸了,3,209,+2(35),-5,,,+1(94),,,,,+1(60),,,
294,铜奖,哈尔滨工业大学(深圳）,yzy最可爱了,3,214,+1(19),-1,,,+2(49),,,,,+2(106),-1,,
295,铜奖,大连海事大学,风花雪月,3,217,+2(33),,,,+1(72),,,,,+3(52),-8,,
296,铜奖,浙江工商大学,键盘滚脸,3,219,+1(31),,,,+2(80),,,,,+1(88),-2,,
297,铜奖,浙江育英职业技术学院,育英七队,3,223,+1(25),,,,+3(70),,,,,+1(88),-10,,
297,铜奖,苏州科技大学,三个炼金师,3,223,+2(46),-1,,,+1(100),,,-1,,+1(57),-5,,
299,铜奖,西南科技大学,其实我们是女队,3,227,+1(34),,,,+1(122),,,,,+1(71),-1,,
300,铜奖,成都理工大学,16-不存在的银川火车站,3,228,+1(23),,,,+2(91),,,,,+3(54),-24,,
301,,西南民族大学,快乐星球,3,240,+1(32),,,,+1(66),,,,,+2(122),-4,,
302,,南京邮电大学,很难起,3,241,+2(43),,,,+2(82),,,,,+1(76),-10,,
303,,河南理工大学,焦煤生产大队,3,244,+1(38),,,,+2(110),,,,,+1(76),-6,,
303,,哈尔滨理工大学,哈理工10队,3,244,+1(27),,,,+2(124),,,,,+1(73),-5,,
305,,广东工业大学,蹲在树堆里,3,245,+1(31),,,,+1(81),,,,,+3(93),-3,,
306,,天津工业大学,烤肉,3,246,+2(35),,,,+1(68),,,,,+2(103),-4,,
307,,西北工业大学,黑色切題者,3,248,+1(16),-1,,-1,+4(80),,,,,+2(72),-10,,
307,,浙江农林大学,我是乱打的,3,248,+3(44),,,,+2(85),,,,,+1(59),-19,,
307,,中国矿业大学（徐海学院）,灵动,3,248,+1(33),,,,+1(111),,,,,+2(84),-29,,
310,,西安理工大学,拿牌就给队友表白,3,254,+1(18),,,,+6(104),,,,,+1(32),-4,,
311,,哈尔滨理工大学,哈理工05队,3,257,+1(27),,,,+1(71),,,,,+4(99),-8,,
312,,东北农业大学,辉夜大小姐想让我AC~,3,258,+1(19),,,,+1(48),,,,,+3(151),-7,,
313,,广西大学,wuwa熊猫,3,264,+1(25),,,,+2(109),,,,,+3(70),-3,,
313,,吉林大学,绯想天,3,264,+1(21),,,,+2(51),,,,,+3(132),-5,,
315,,北方工业大学,Revisit,3,267,+1(27),,,,+4(62),,,,,+3(78),-8,,
316,,山东科技大学,NCC70611 夏延号,3,270,+1(22),,,,+1(124),,,,,+3(84),-11,,
317,,东北农业大学,黄金矿工,3,272,+2(36),,,,+3(93),,,,,+1(83),-5,-2,
318,,河南理工大学,我想静静,3,275,+2(45),,,,+1(72),,,,,+2(118),-14,,
319,,成都理工大学,蓝桥杯不止五分,3,276,+1(27),,,,+1(108),,,,,+2(121),-10,,
320,,江西理工大学南昌校区,是梦动,3,281,+2(88),,,,+1(106),,-2,,,+1(67),,,
321,,中国人民大学,搬起我的小板凳,3,285,+1(26),,,,+2(67),,,,,+2(152),-1,,
322,,上海师范大学,金玉紫棠,3,288,+1(26),-1,,,+1(83),,,,,+3(139),-6,,
323,,中国石油大学（北京）,一条大河波浪宽,3,292,+2(45),,,,+4(76),,,,,+1(91),-4,,
324,,闽南师范大学,一笑置之,3,293,+2(39),,,,+1(80),,,,,+2(134),-7,,
325,,广州大学,懒狗训练营,3,296,+1(37),,,,+3(72),,,,,+2(127),-4,,
326,,云南大学,不讲码德队,3,297,+2(54),,,,+1(78),,,,,+2(125),-7,,
327,,浙江师范大学,拳打娜娜，脚踢娜娜，头顶娜娜,3,300,+3(41),,,,+3(81),,,,,+1(98),-8,,
328,,成都东软学院,做AC梦,3,303,+2(41),,,,+1(128),,,,,+2(94),-5,,
329,,华北电力大学,一个都不对,3,308,+2(47),-1,,,+1(97),,,,,+3(104),-6,,
330,,电子科技大学中山学院,锟斤烤烫烫烫,3,310,+1(27),,,,+2(126),,,,,+2(117),-13,,
331,,大连海事大学,雄雄后援队,3,313,+3(38),,,,+2(88),,-6,,,+4(67),-7,,
332,,浙江师范大学,快要饿死惹T^T,3,316,+1(29),,,,+3(83),,,,,+3(124),-15,,
333,,浙大城市学院,三个混子不想打铁,3,317,+1(27),-3,,,+4(115),,,,,+3(75),-14,,
334,,东北林业大学,二息步行,3,326,+1(23),,,,+3(98),,,,,+4(105),-11,,
335,,成都信息工程大学,我想带两个小妹妹,3,327,+3(36),,,,+1(114),,,,,+3(97),-10,,
336,,长沙学院,大练黄铜,3,328,+2(38),,,,+2(148),,,,,+1(102),-5,,
337,,西北师范大学,"""Please,give me a YinYin""",3,330,+1(22),,,,+2(81),,,,,+3(167),-6,,
338,,广东东软学院,沉默的骑士,3,331,+2(41),,,,+3(148),,-2,,,+1(82),-3,,
339,,南阳师范学院,拿我快速幂板子来,3,332,+2(153),,,,+1(80),,,,,+2(59),-16,,
340,,东北农业大学,禁用敏感词,3,334,+2(35),,,,+3(122),,,,,+2(97),-6,,
341,,南京航空航天大学,在ICPC寻求AC是否搞错了什么？,3,335,+2(50),-1,,,+4(91),,,-1,,+1(114),-5,,
342,,嘉应学院,从容打铁,3,338,+1(58),,,,+4(106),,,,,+1(114),-3,,
343,,上海大学,洞穴双头蛇队,3,344,+1(22),,,,+2(64),,,,,+6(138),-4,,
343,,南阳理工学院,你为什么退缩,3,344,+1(39),,,,+1(96),,,,,+2(189),-8,,
345,,西南科技大学,Endless,3,345,+1(33),-1,,,+3(112),,,,,+4(100),-17,,
346,,中国计量大学现代科技学院,找个班上,3,350,+1(29),,,,+5(110),,,,,+2(111),-1,,
346,,南华大学,雪公主和三个ACMer,3,350,+2(44),,,,+2(140),,,,,+2(106),-4,,
348,,北京师范大学珠海校区,无向指针,3,355,+3(33),,,-4,+2(71),,,,,+2(171),,,
349,,东北大学秦皇岛分校,下一站,3,356,+1(66),,,,+5(97),,,,,+2(93),-7,,-1
350,,湖南工业大学,取出名字就算成功,3,362,+1(40),,,,+1(91),,,,,+3(191),-11,,
351,,长沙理工大学,啪的一下又A了呀,3,365,+3(44),,,,+3(100),,,,,+3(101),-14,,
351,,宁波大学,"""技不如人,甘拜下风""",3,365,+3(41),,,,+3(104),,,,,+2(120),-12,,
353,,鲁东大学,永夜之光,3,370,+1(31),,,,+3(97),,,,,+4(142),-9,,
354,,潍坊学院,xx短发天下第一,3,372,+1(44),,,,+3(97),,,,,+3(151),-7,,
355,,河南大学,阳春白雪与碳,3,375,+2(40),,,,+3(97),,,,,+4(118),-7,,
355,,江西师范大学,一点也不会,3,375,+2(49),,,,+1(89),,,,,+3(177),-6,,
357,,桂林电子科技大学,你们带我打,3,380,+1(45),-1,,,+3(95),,,,,+3(160),-5,,
358,,南京大学金陵学院,你要打铁,3,382,+1(28),,,,+1(78),,,,,+3(236),-2,,
359,,湖南农业大学,铁匠师傅有bear来,3,395,+1(39),,,,+1(78),,,,,+5(198),-8,,
360,,中国传媒大学,三缺一,3,398,+4(72),,,,+2(65),,,,,+3(141),-3,,
361,,浙江机电职业技术学院,机电12WA,3,401,+3(58),,,,+5(144),,,,,+1(79),-6,,
362,,广州大学,火树琪花,3,402,+3(36),,,,+2(129),,,,,+4(117),,,
363,,宁波大学,这不是人均算法嘛,3,405,+3(37),,,,+5(132),,,,,+2(96),-6,,
363,,西南科技大学,Z.D.R,3,405,+1(29),,,,+4(155),,,,,+4(101),-5,,
365,,江西财经大学,不如跳舞,3,407,+3(92),,-1,,+3(98),,,,,+1(137),,,
366,,西南石油大学（南充校区）,TLE了怎么办,3,411,+2(106),,,,+3(140),,,,,+2(85),-10,,
367,,中国矿业大学,FFFFCU,3,416,+1(39),,,-6,+1(117),,,,,+7(140),-5,,
367,,武汉纺织大学,AC钙奶,3,416,+3(69),,,,+1(141),,,,,+3(126),-2,,
369,,贵州大学,标标的宇宙飞船,3,429,+1(31),,,,+4(131),,,,,+3(167),-3,,
370,,常熟理工学院,Deadline抛光机,3,432,+1(57),,,,+2(105),,,,,+5(170),-5,,
370,,西北工业大学,黑沙迷魂手队,3,432,+1(47),,,,+1(87),,,,,+4(238),-4,,
372,,三峡大学,三大队一组,3,435,+1(21),-1,,,+3(106),,,,,+5(188),-6,,
373,,西北农林科技大学,米奇喵喵屋,3,437,+3(58),,,,+1(109),,,,,+5(150),-6,,
373,,武汉工程大学,三泉映月,3,437,+4(154),,,,+1(81),,,,,+2(122),-5,,
375,,长春工业大学,ru ying ru xiang,3,445,+1(47),,,,+4(157),,,,,+2(161),-3,,
375,,中国石油大学,绽放,3,445,+3(152),,,,+1(44),,,,,+2(189),-20,,
377,,中国计量大学,暴力出奇迹,3,451,+3(52),,,,+4(144),,,,,+3(115),-6,,
377,,西南民族大学,奥利奥力给利奥,3,451,+2(61),,,,+6(172),,,,,+1(98),-5,,
379,,西南科技大学,烤羊腿真的香,3,452,+4(48),,,,+2(122),,,,,+3(162),-8,,
380,,兰州理工大学,全体起立奏国歌,3,459,+1(25),,,,+6(147),,,,,+4(127),-5,,
381,,湖北工业大学,AC自动机fail树上dfs序建可持久化线段树,3,461,+3(99),,,-3,+4(114),,,,,+2(128),-11,,
382,,广东技术师范大学,广度多重可持久化Debug神经网络,3,479,+2(44),-1,,,+5(208),,,,,+2(107),-9,,
383,,河南大学,菜鸟互助,3,487,+2(40),,,,+6(151),,,,,+1(176),-1,,
384,,华中农业大学,外星人？,3,491,+2(21),,,,+2(55),,,,,+6(275),-5,,
385,,河海大学,14C,3,492,+1(22),,,,+1(104),,,,,+6(266),-4,,
386,,中北大学,这次一定,3,495,+6(168),,,,+1(94),,,,,+2(113),-5,,
387,,浙江工商大学,哥斯拉面,3,496,+1(21),,,,+2(77),,,,,-9,+6(278),,
388,,湖北民族大学,1e9+7,3,506,+2(81),,,,+4(114),,,,,+3(191),,,
389,,西北师范大学,KunKun very gude,3,517,+3(73),,,,+6(175),,,,,+2(109),-3,,
390,,西北大学,平头哥,3,525,+3(48),-3,,,+5(213),,,,,+3(104),-4,,
391,,肇庆学院,LMH_fightttt,3,532,+2(73),,,,+1(144),,,,,+5(215),,,
392,,西南石油大学（成都校区）,三个臭皮匠,3,534,+3(62),,,,+4(139),,,,,+4(173),-1,,
393,,西南科技大学,这太二次猿了,3,536,+2(94),,,,+3(217),,,,,+1(165),,,
394,,黄冈师范学院,过来旅个游,3,538,+3(50),,,,+3(119),,,,,+5(209),-2,,
395,,山东师范大学,芜湖起飞,3,540,+2(83),,,,+4(141),,,,,+5(156),-2,,
396,,西安邮电大学,三个臭皮匠,3,545,+2(59),,,,+1(140),,,,,+3(286),-9,,
397,,山东师范大学,从零开始的AC生活,3,549,+4(87),,,,+2(144),,,,,+3(198),-6,,
398,,兰州大学,kachitorita,3,560,+1(56),-1,,,+2(27),,,,,+9(297),,,
399,,内蒙古科技大学,诺言,3,570,+1(99),,,-4,+3(159),,,,,+4(212),-5,,
399,,河南理工大学,三个猛男,3,570,+1(47),,,,+4(250),,,,,+2(193),,,
401,,河南科技大学,Triangle,3,593,+1(32),,,,+1(121),,,,,+9(280),-6,,
402,,厦门大学嘉庚学院,乌龙茶,3,597,+3(120),,,,+1(160),,,,,+4(217),-3,,
403,,绍兴文理学院元培学院,云中辉月芬芳香,3,611,+8(135),,,,+4(112),,,,,+1(164),-10,,
404,,石河子大学,快马加鞭队,3,615,+2(47),,,,+2(109),,,,,+8(279),-5,,
405,,内蒙古师范大学,Au Copper,3,625,+4(78),-2,,,+2(161),,,,,+3(266),,,
406,,江西师范大学,我的二叉树被淹了,3,626,+3(86),,,,+10(163),,,,,+3(117),-1,,
406,,合肥学院,亚城木梦叶,3,626,+2(32),,,,+2(115),,,,,+10(259),-1,,
408,,湖南理工学院,AC全靠嘴,3,631,+4(91),,,,+3(224),,,,,+4(156),-2,,
409,,齐鲁工业大学,321AC,3,635,+5(96),,,,+7(146),,,,,+2(173),-2,,
410,,信息工程大学,名字贼难起,3,639,+5(231),-1,,,+1(75),,-1,,,+4(193),-2,,
411,,西安邮电大学,正人君子们,3,681,+3(57),,,,+3(92),,,,,+9(292),-6,,
411,,南阳理工学院,AC小分队,3,681,+1(34),,,,+2(232),,,,,+6(295),,,
413,,昆明理工大学,码德充沛,3,707,+1(34),-2,,,+3(167),,,,,+10(286),,,
414,,成都东软学院,雷阵雨,3,717,+3(74),,,,+6(241),,,,,+4(202),-2,,
415,,西南石油大学（南充校区）,WA哪咋办嘛,3,723,+8(114),,,,+6(198),,,,,+2(151),-9,,
416,,北京电子科技学院,新手上路,3,751,+2(52),,,,+7(245),,,,,+4(254),-7,,
417,,浙江科技学院,队长他她它又双叒叒不见了,3,796,+2(44),,,,+19(297),,,,,+1(75),-1,,
418,,河北大学,HBUAC,3,825,+5(131),-4,,-10,+3(112),,,,,+11(262),-7,,
419,,上海建桥学院,双曲正切队,3,847,+8(37),-2,,,+8(240),,,,,+9(130),-13,,
420,,宁夏大学,宁一,3,923,+5(80),,,,+11(275),,,,,+5(208),-2,,
421,,上海第二工业大学,清梦星河,2,77,+1(23),,,,+1(54),,,,,-20,-2,,
422,,南京林业大学,彳亍,2,103,+1(26),,,,+1(77),,,,,-4,-2,,
423,,中国传媒大学,青青草原三键客,2,123,+1(31),,,,+1(92),,,,,-6,-2,,
424,,江西师范大学,胡乱AC,2,140,+1(28),,,,+2(92),,,,,-7,-4,,
425,,贺州学院,长寿贺州,2,141,+1(21),,,,+1(120),,,,,-7,-2,,
426,,长沙理工大学,不知道又一个随便名字,2,142,+2(24),,,,+2(78),,-10,,,-8,-1,,
427,,常熟理工学院,AK但没完全AC,2,150,+2(44),,,,+1(86),,,,,-1,-2,,
428,,湖北工业大学,云天明,2,157,+2(50),,,,+1(87),,,,,-3,-1,,-1
429,,中国石油大学胜利学院,千里迢迢,2,160,+2(52),,,,+2(68),,,,,-34,-1,,
430,,云南大学,神奇队,2,161,+2(15),,,,+2(106),,,,,-4,-6,,
430,,西华师范大学,理想,2,161,+1(52),,,,+1(109),,,,,-1,-2,,
432,,内蒙古科技大学,三只米兔,2,179,+1(38),,,,+1(141),,,,,-10,-1,,
433,,宁夏大学,宁四,2,199,+3(60),,,,+1(99),,,,,,,,
434,,东南大学成贤学院,在铜川吃烤全羊,2,207,+2(58),,,,+2(109),,,,,-2,,,
435,,西藏民族大学,秦汉二,2,210,+1(60),,,,+1(150),,,,,-1,,,
436,,陕西师范大学,bronze==win,2,211,+2(77),,,,+1(114),,,,,-3,-2,,
437,,辽宁大学,小黄鸭,2,227,+1(50),,,-1,+3(137),,,,,-4,-5,,
438,,重庆移通学院,赛高泥嗨铁鸭子哒,2,229,+2(57),-3,,,-8,,,,,+3(112),-1,,
439,,广西大学,海底捞金,2,249,+4(91),,,,+2(78),,,,,-5,-4,,
440,,广东财经大学,dolls machines,2,279,+2(46),-2,,,+6(113),,,,,-4,,,
441,,兰州理工大学,小王子队,2,280,+4(137),,,,+1(83),,,,,-3,,,
442,,青岛农业大学,三只小蜜蜂,2,284,+2(34),,,,+4(170),,,,,-3,-3,,
443,,重庆移通学院,搏击长空,2,293,+5(76),,,,+2(117),,,,,-2,,,
444,,中原工学院,十五月夜,2,294,+3(64),,,,-13,,,,,+3(150),-2,,
445,,东南大学,一拳一个AC怪,2,310,+4(91),,,,+2(139),,,,,-10,-1,,
446,,南昌理工学院,如寄,2,311,+3(55),,,,-20,,,,,+4(156),-1,,
447,,中国海洋大学,电脑没有显卡能打ACM吗,2,321,+1(25),,,-2,-32,,,,,+5(216),-4,,
448,,宁夏大学,宁五,2,329,+4(102),,,,+2(147),,,,,-2,,,
449,,中国海洋大学,谁还在买gta啊,2,330,+3(116),,,,+2(154),,,,,,-2,,
450,,西安明德理工学院,533 bug机,2,337,+2(103),,,,-9,,,,,+1(214),,,
451,,东华理工大学,嘟嘟可在哪里,2,349,+2(47),,,,+2(262),,,,,-11,,,-1
452,,信息工程大学,强人索楠,2,369,+4(57),,,,+4(192),,,,,-2,-1,,
453,,贵州大学,请给我们一个铜牌,2,401,+1(29),,,,+6(272),,,,,,-1,,
454,,上海工程技术大学,松江斯坦福,2,415,+3(203),,,,+4(112),,,,,-1,,,
455,,东华理工大学,破晓,2,416,+6(245),,,,+1(71),,,,,-20,,,
456,,西藏民族大学,秦汉一,2,431,-8,,,,+3(92),,,,,+2(279),,,
457,,成都工业学院,听说拿牌队长就女装,2,435,+6(206),,,-1,+1(129),,,,,,,,
458,,海南师范大学,编程的海狮,2,477,+3(196),,,,-9,,,,,+3(201),,,
459,,南昌大学,cyl欠他队友一顿烤肉,2,489,+6(142),-5,,,+6(147),,,,,-5,,,
459,,石家庄铁道大学,xlf的航空母舰,2,489,+7(194),,,,+4(115),,,,,-7,-1,,
461,,湖南人文科技学院,拜托给个牌,2,504,+2(47),,,,-19,,,,,+9(277),,,
462,,鲁东大学,卓越工程师,2,525,+4(153),,,,-2,,,,,+5(232),-1,,
463,,上海海事大学,崩坏永存,2,530,+3(139),,,,+8(211),,,,,-5,-6,,
464,,北京电子科技学院,草原上的王者,2,533,+4(191),,,,-4,,,,,+3(242),,,
465,,宁夏大学,宁二,2,624,+7(123),,,,+6(281),,,,,-5,-3,,
466,,广西师范大学,三个臭皮匠,2,627,+4(208),,,-10,+6(259),,,,,,-2,,
467,,宜春学院,连牌子都保不住，怎么保护丘丘人,2,656,-9,,,,+4(252),,,,,+8(204),-1,,
468,,徐州工程学院,啪的一下就过了,2,665,+3(294),,,,-8,,,,,+7(211),,,
469,,浙江财经大学,读题困难户,1,62,+1(62),,,,-12,,,,,-6,-3,,
470,,湖北经济学院,汤逊湖畔,1,118,+3(78),,,,-3,,,,,-6,,,
471,,上海海事大学,用毒毒毒蛇会不会被毒毒死啊,1,130,+3(90),,,,-4,,,,,-9,-1,,
472,,贵州民族大学,求爸爸给个铜吧,1,132,+1(132),-2,-2,-3,-1,-3,-1,-3,-2,-1,-3,-1,-1
473,,内蒙古科技大学,Are you OK,1,140,+3(100),,,,-8,,,,,-13,,,
474,,金华职业技术学院,白狗苍云,1,154,-11,-2,,,-8,,,,,+4(94),,,
475,,上海应用技术大学,下次一定起飞队,1,160,+2(140),,,,,,,,,-12,,,
476,,通化师范学院,我都行,1,161,+4(101),,,,-2,,,,,,,,
477,,宁夏大学,宁三,1,181,-4,,,,+3(141),,,,,,,,
478,,石河子大学,天马行空队,1,216,-5,,,,+3(176),,,,,-2,,,
479,,内蒙古师范大学,IMNU,0,0,-6,,,,-3,,,,,,,,-1
479,,陕西师范大学,The attacking team,0,0,-3,,,,-2,,,,,,-2,,
479,,北方民族大学,UTF杠八,0,0,-7,,,,,,,,,-4,,,
479,,上海建桥学院,三个有很多头发的臭皮匠,0,0,-2,,,-5,-6,,,,,-1,,,-2
479,,湖北中医药大学,人均身高180,0,0,-14,,,,,,,,,-3,-1,,
479,,内蒙古农业大学职业技术学院,内农大职院,0,0,-7,,,-1,,,,,,,,,
479,,贵州师范学院,我们都是来打酱油，学习的,0,0,-12,,,,-3,,,,-1,,,,
479,,黔南民族师范学院,明天,0,0,-3,,,,,,,,,-3,,,
479,,北京大学,校门外歪脖树上的鸽子,0,0,,,,,,,,,,,,,
479,,北方民族大学,水之边,0,0,-3,,,,-1,,,,,,,,
479,,西藏民族大学,秦汉三,0,0,,,,,-4,,,,,,,,
479,,郑州升达经贸管理学院,铜锣湾,0,0,-5,,,,-2,,,,,,,,
479,,安徽建筑大学,非应急食品,0,0,-5,,,-1,-2,,,,,-1,,-1,
