Rank,School Rank,School,Team,Solved,Penalty,A,B,C,D,E,F,G,H,I,J,K,L,M,Dirt,Medal,Member1,Member2,Member3,Coach,Unofficial,Girl
1,1,清华大学,一路向北,10,1360,+3(291),+1(14),+2(118),+1(106),+1(43),+2(28),-,-,+3(87),+4(272),+5(49),+2(72),-,58%,Gold,许庭强,唐绍轩,周航锐,邬晓钧,N,N
2,2,北京大学,摆烂人,9,1233,-,+2(13),+2(276),+1(167),+1(79),+1(84),-,-1,+3(101),+1(202),+3(63),+3(88),-,47%,Gold,钱易,彭博,冯施源,张勤健,N,N
3,,北京大学,重生之我是菜狗,9,1260,+1(291),+1(5),-4,+1(260),+1(42),+1(38),-,-,+2(186),+1(137),+5(57),+2(124),-,40%,Gold,王展鹏,蒋凌宇,罗煜翔,罗国杰,N,N
4,,北京大学,呆呆鸟,9,1270,-,+1(10),+2(296),+2(142),+2(66),+1(64),-,-,+2(250),+1(207),+2(23),+1(112),-,35%,Gold,王蔚澄,王相文,徐安矣,罗国杰,N,N
5,3,电子科技大学,UESTC_Guest_WiFi,9,1532,-1,+1(17),+2(216),+3(261),+2(33),+1(86),-,-,+3(275),+2(191),+4(64),+3(149),-,57%,Gold,弋竞为,朱铖昊,汪澄,杨鹏,N,N
6,4,哈尔滨工业大学,玩原神玩的,8,1239,-1,+2(16),+1(128),-1,+1(23),+1(50),-1,-1,+5(273),+6(286),+4(81),+1(122),-1,61%,Gold,祁展华,杜沛键,杨一凡,孙大烈,N,N
7,,清华大学,有手有脚,7,608,-,+1(13),-1,-,+1(23),+1(68),-,-2,+3(123),+4(151),+1(48),+1(82),-,41%,Gold,罗恺,陈于思,杨珖,邬晓钧,N,N
8,5,上海交通大学,柳,7,811,-,+1(14),-3,-,+1(36),+1(126),-,-,+5(235),+2(89),+3(54),+1(117),-,50%,Gold,王照梓,叶瑶琦,姜天乐,俞勇,N,N
9,6,南京理工大学,平和猫猫头,7,849,-,+1(15),-1,-,+1(39),+2(133),-,-,+5(224),+3(81),+2(86),+1(111),-,53%,Gold,何平,陈涣焕,金朝哲,余立功,N,N
10,7,中国科学技术大学,cls,7,853,-,+2(31),-,-7,+1(50),+1(79),-,-,+2(242),+1(223),+3(38),+1(110),-,36%,Gold,阎昶澍,陈骆鑫,陈聆祎,李春生,N,N
11,8,香港中文大學,逆命,7,865,-,+1(19),-1,-,+1(28),+1(87),-,-,+4(285),+1(137),+2(70),+2(139),-,41%,Gold,袁樂勤,謝昶豪,吳有孚,麦伟豪,N,N
12,9,南京邮电大学,Cirtrus,7,871,-,+1(10),-4,-,+1(30),+1(64),-,-,+3(280),+2(248),+2(70),+1(89),-,36%,Gold,何乐晗,陈以信,赵一舟,陈志,N,N
13,,北京大学,思路打开,7,886,-,+1(6),-4,-,+1(34),+1(54),-,-,+11(242),+1(170),+1(44),+3(96),-1,63%,Gold,管晏如,朱剑枫,张致,张勤健,N,N
14,,中国科学技术大学,丝路市西套村代表队,7,924,-,+1(13),-,+4(282),+1(32),+1(75),-,-,+1(236),-11,+4(66),+1(100),-,46%,Gold,周翟恩和,洪文杰,郭一航,李春生,N,N
15,10,北京理工大学,ddl战神,7,933,-,+3(19),-,-,+1(60),+1(92),-,-,+3(296),+1(162),+2(88),+1(116),-,41%,Gold,林恺,邹知秋,朱子林,林永钢,N,N
16,11,浙江大学,虚空之梦,7,950,-,+1(16),+6(284),-2,+1(53),+3(106),-,-,-2,+1(109),+3(44),+2(138),-,58%,Gold,彭博,褚写庭,陈逸,王灿,N,N
17,12,北京交通大学,羊羊羊,7,969,-,+1(55),-2,-,+1(49),+1(71),-,-,+5(257),+1(240),+1(92),+1(125),-,36%,Gold,郭昱哲,夏鹤鸣,斯修远,黄华,N,N
18,,清华大学,Escape,7,997,-,+1(10),-,-1,+1(40),+1(51),-,-,+5(298),+2(252),+2(56),+3(130),-,53%,Gold,任舍予,郭雨豪,郑玄晔,邬晓钧,N,N
19,13,中山大学,中山大学_午餐的最后,7,1005,-,+1(18),-,-5,+1(36),+1(75),-,-,+4(271),+1(238),+2(85),+3(162),-,46%,Gold,欧梓洋,梁梓豪,吴景图,万海,N,N
20,,中山大学,中山大学_破晓之旅,7,1025,-,+1(21),-,-1,+3(58),+1(41),-,-,+3(283),+3(254),+4(89),+1(99),-,56%,Gold,赵肖睿,古鸣浩,刘志源,张子臻,N,N
21,,上海交通大学,逆命,7,1032,-1,+1(15),-1,+13(275),+1(38),+1(53),-1,-1,-1,+1(170),+3(83),+1(118),-1,66%,Gold,杨宗翰,张明驰,张建军,俞勇,N,N
22,,浙江大学,Prismatic Encore,7,1130,-,+1(15),-,-,+4(61),+1(95),-,-,+4(278),+5(295),+2(86),+2(60),-,63%,Gold,唐嘉辰,李昌栋,黎伟诺,王灿,N,N
23,14,香港大学,遥遥领先,7,1175,-,+1(13),-,-,+1(149),+1(142),-,-,+5(254),+1(212),+3(97),+1(188),-,46%,Gold,劉澈,王安哲,宋骏凯,邝启鹏,N,N
24,,清华大学,顶针的约克5,7,1203,-,+1(41),-,-7,+1(57),+2(39),-,-,+4(259),+6(267),+4(144),+1(156),-,63%,Gold,顾万钧,肖云帆,荆国浩,邬晓钧,N,N
25,15,杭州电子科技大学,杀戮降临,6,579,-,+2(41),-,-8,+1(51),+1(71),-,-,-4,+1(190),+2(65),+1(121),-,25%,Gold,戴志炜,尹吴潇,赵政和,刘春英,N,N
26,16,香港科技大学（广州）,起洞,6,588,-,+2(15),-,-,+1(61),+1(124),-,-,-,+1(200),+1(38),+2(110),-,25%,Gold,张晋杰,赵欣昊,吴乐毅,刘明,N,N
27,17,武汉理工大学,华丽牧场,6,604,-,+1(14),+3(35),-,+3(96),+1(66),-,-,-2,-1,+2(145),+4(88),-,57%,Gold,赵家荣,闫卢昊,朱振傲,赵冬冬,N,N
28,,上海交通大学,春日影,6,618,-,+1(16),-,-,+1(36),+1(55),-,-,-1,+2(280),+1(87),+1(124),-,14%,Gold,杨崇烨,刘加宁,林一凡,俞勇,N,N
29,18,华东师范大学,东方homo馆,6,623,-,+1(25),-,-5,+2(57),+1(90),-,-,-,+1(250),+1(127),+1(54),-,14%,Silver,漆宇祥,范晨阳,余东桦,杜育根,N,N
30,19,国防科技大学,自然选择号,6,630,-,+1(11),-,-,+1(32),+1(59),-,-,-13,+3(235),+1(79),+2(154),-,33%,Silver,王子恒,亢世嘉,吴佳英,尹良泽,N,N
31,20,同济大学,长日将尽,6,632,-,+2(33),-,-5,+1(20),+1(79),-,-,-8,+4(216),+1(68),+2(116),-,45%,Silver,姜梓恒,储德明,朱泽凯,叶晨,N,N
32,,中山大学,中山大学_懂又不懂,6,637,-,+1(10),-,-,+2(42),+1(64),-,-,+6(232),-6,+1(41),+2(108),-,53%,Silver,陈景泰,吴永聪,薛炜鹏,张子臻,N,N
33,21,华侨大学,红日初升,6,651,-,+1(29),-,-,+2(45),+1(108),-,-,-2,+1(192),+2(92),+1(145),-,25%,Silver,赵雨扬,苏明强,危露平,罗伟,N,N
34,,北京理工大学,内核恐慌,6,665,-,+1(19),-,-,+1(30),+1(69),-,-,-3,+1(214),+3(134),+1(159),-,25%,Silver,张书豪,陈驭祺,徐宇飞,付莹,N,N
35,22,中南大学,明日之风的三重奏,6,670,-,+1(15),-,-,+1(42),+1(96),-,-,-3,+2(201),+3(100),+1(156),-,33%,Silver,赵伯阳,徐国琛,李玄靖,陈再良,N,N
36,,杭州电子科技大学,对称起源,6,696,-,+2(21),-,-3,+2(37),+1(62),-,-,-,+1(230),+2(91),+1(195),-,33%,Silver,马文浩,和卓锟,Huang Guangsheng,刘春英,N,N
37,23,华中科技大学,小鲤鱼历险记,6,708,-,+1(16),-,-,+1(39),+1(83),-,-,-3,+2(189),+2(159),+2(162),-,33%,Silver,李根,俞仲遥,喻珈,何琨,N,N
38,24,香港中文大学（深圳）,CUHK-SZ: (TBD),6,728,-,+2(22),-,-,+1(60),+1(75),-,-,-,+1(239),+2(149),+2(123),-,33%,Silver,陈翰飞,曾子荣,何润元,方一向,N,N
39,25,吉林大学,Nan上加Nan,6,740,-,+1(40),-2,-,+1(39),+1(69),-,-,-,+3(237),+2(137),+1(158),-,33%,Silver,周宇恒,方涵斌,李祯浩,刘淼,N,N
40,26,长沙理工大学,干饭第一名,6,741,-,+1(19),-,-,+1(37),+1(82),-,-,-,+5(222),+1(109),+1(192),-,40%,Silver,刘振林,周臻,杨韬,邓泽林,N,N
41,27,南开大学,强基计划我爱你,6,764,-,+1(26),-,-,+1(39),+1(64),-,-,-7,+4(285),+2(92),+1(178),-,40%,Silver,郭军凯,赵思远,车昱辉,刘晓光,N,N
42,,香港中文大学（深圳）,萨米基纳,6,766,-,+1(23),-,-,+1(46),+1(96),-,-,-3,+3(283),+1(88),+3(150),-,40%,Silver,蒋一歌,孙悠然,郭青硕,方一向,N,N
43,28,武汉大学,樱大轻音部,6,773,-,+1(42),-,-,+1(106),+3(82),-,-,-,+2(214),+1(139),+3(90),-,45%,Silver,吴飞洋,刘锡锐,徐嘉浩,董文永,N,N
44,29,北京建筑大学,星之终途,6,799,-,+1(17),-,-,+4(46),+1(96),-,-,-,+1(262),+1(78),+2(220),-,40%,Silver,王家晟,齐思恺,朱智睿,钱丽萍,N,N
45,30,厦门大学,点分治分点,6,801,-,+2(30),-,-,+1(23),+1(157),-,-,-,+3(205),+3(57),+3(189),-,53%,Silver,周正,邹品聪,徐铭逸,林文水,N,N
46,31,河海大学,几何杀手,6,811,-,+1(27),-,-,+1(101),+1(65),-,-,-,+2(283),+1(141),+1(174),-,14%,Silver,俞天骋,王英吉,蔡松廷,陈慧萍,N,N
47,32,香港城市大学,导师叫我们来打比赛,6,827,-,+1(18),-,-,+1(42),+1(95),-,-,-,+2(262),+4(144),+1(186),-,40%,Silver,高义雄,余喆涵,闫方昭,李闽溟,N,N
48,,电子科技大学,UESTC_十夏花火,6,832,-,+1(7),-,-,+1(70),+1(131),-,-,-,+4(268),+2(113),+1(163),-,40%,Silver,朱子涵,山佩永,吴立俊,汪小平,N,N
49,33,湖南大学,金色传说,6,840,-,+1(19),-,-,+2(60),+1(81),-,-,+2(268),-5,+6(101),+3(131),-,60%,Silver,苏杰,廖曙康,朱名扬,吴昊,N,N
50,34,南京大学,优质解答：我不知道,6,854,-,+1(14),-,-,+1(38),+1(141),-,-,-,+4(299),+1(155),+3(107),-,45%,Silver,陈弘毅,郑欣,林荣恩,马骏,N,N
51,35,西安交通大学,唐人,6,855,-,+1(17),-3,-,+3(38),+1(60),-,-,-,+6(255),+4(125),+1(160),-,62%,Silver,李纳川,刘欣楠,杨润轩,王龙翔,N,N
52,36,哈尔滨工程大学,我推的七海爆吃0721次罚时因为在原神启动,6,865,-,+1(19),-,-,+2(43),+1(84),-,-,-,+1(255),+6(176),+2(148),-,53%,Silver,黄凯鹏,徐子涵,肖帆,国林,N,N
53,,杭州电子科技大学,勿忘草,6,873,-,+1(18),-,-,+1(37),+1(77),-,-,-1,+5(246),+7(175),+1(120),-,62%,Silver,林圣钬,林炜钦,赵铁囝,刘春英,N,N
54,,香港中文大學,好有諗法,6,877,-,+1(21),-,-,+1(37),+2(95),-,-,-,+5(288),+2(122),+2(174),-,53%,Silver,黃梓謙,鄭希哲,周禮言,麦伟豪,N,N
55,37,北京航空航天大学,不可计算,6,878,-,+1(33),-,-2,+2(25),+1(150),-,-,+2(216),-1,+3(143),+2(211),-,45%,Silver,吴湛宇,权尚浩然,王宇龙,宋友,N,N
56,38,兰州大学,CCPC忘记报名了,6,899,-,+1(11),-,-,+1(49),+2(89),-,-,-1,+3(295),+7(171),+1(104),-,60%,Silver,王徐笙,孟戴浓达,狄农雨,马俊,N,N
57,,香港大学,不如摸萨卡班甲鱼,6,903,-1,+1(22),-1,-1,+1(76),+2(125),-1,-1,-1,+1(249),+3(108),+2(243),-1,40%,Silver,吴浩元,孙圣尧,王建楠,邝启鹏,N,N
58,,浙江大学,十发罚时,6,906,-,+1(10),-,-,+2(38),+1(87),-,-,+14(252),-14,+3(84),+1(115),-,72%,Silver,吴与伦,万弘,徐锐扬,王灿,N,N
59,39,东北大学,东北大学_礻亻牜,6,916,-,+1(27),-,-,+1(46),+3(148),-,-,-,+6(294),+1(95),+1(166),-,53%,Silver,王涵聪,邹宇轩,王啸烽,刘小锋,N,N
60,40,深圳大学,twilight illusion,6,923,-,+1(15),-,-1,+2(84),+1(83),-,-,-1,+4(243),+3(193),+1(185),-,50%,Silver,张艺轩,郑博瀚,何元捷,秦建斌,N,N
60,,北京航空航天大学,吃得真香,6,923,-,+4(17),-,-,+4(41),+1(75),-,-,-,+5(271),+2(139),+1(160),-,64%,Silver,吴昊恒,董雨润,李秉翰,宋友,N,N
62,41,哈尔滨工业大学（深圳）,机房猫猫大队,6,956,-,+1(14),-,-,+1(51),+1(85),-,-,-,+6(298),+4(144),+1(204),-,57%,Silver,曹杨,高子烽,井然,李穆,N,N
63,42,上海海事大学,打铁之我是菜狗,6,957,-,+1(17),-,-,+1(38),+2(60),-,-,-,+5(296),+5(220),+1(146),-,60%,Silver,潘飞扬,应懿,陆锦云,周卫祥,N,N
64,43,重庆大学,菜也不练,6,962,-,+1(23),-,-,+2(58),+1(133),-,-,-1,+4(293),+1(121),+3(214),-,50%,Silver,黄锐,王冀鲁,胡远卓,李佳,N,N
65,44,南京林业大学,reji3tr,6,975,-,+1(23),-,-,+2(57),+1(172),-,-,-,+4(282),+2(126),+1(215),-,45%,Silver,邢超宇,雷宇,祝峰楠,刘晓峰,N,N
66,45,复旦大学,再多一眼看一眼就会 AC,6,979,-,+1(23),-,-,+2(62),+1(148),-,-,-,+2(289),+5(151),+1(186),-,50%,Silver,李航成,周子羽,罗意明,孙未未,N,N
67,,南京大学,明明是我先来的,6,982,-,+1(20),-,-,+1(114),+2(178),-,-,-,+2(261),+3(128),+1(201),-,40%,Silver,黄文睿,谭泽晖,王崧睿,马骏,N,N
68,46,南方科技大学,说好要打一辈子acm的,6,990,-,+3(35),-,-,+1(40),+1(91),-,-,-,+8(259),+3(76),+4(209),-,70%,Silver,陈璐瑶,周珈伊,周轶凡,唐博,N,N
69,,上海交通大学,希冀之翼,6,996,-,+4(69),+5(268),-,+3(72),+1(117),-,-,-,-8,+3(104),+1(146),-,64%,Silver,唐靖淇,冯启豫,李南锡,俞勇,N,N
70,47,北京师范大学,苹果狗,6,997,-,+1(16),-,-1,+2(141),+2(137),-,-,-,+1(291),+4(89),+2(203),-,50%,Silver,王儒斌,陈志锐,徐若翔,徐鹏飞,N,N
71,,吉林大学,烈冕号,6,1028,-,+2(50),-,-,+1(70),+1(137),-,-,-,+11(295),+3(105),+1(111),-,68%,Silver,于之航,陈俊甫,王一丁,李强,N,N
72,48,南京航空航天大学,队长十年单身换区域赛金牌,6,1042,-,+3(47),-,-,+2(137),+1(93),-,-,+6(292),-1,+4(98),+2(135),-,66%,Silver,吕俊琪,胡昊天,赵乐坤,邹春然,N,N
73,,吉林大学,rand,6,1048,-,+1(28),-,-,+2(86),+2(159),-,-,-,+3(269),+5(136),+1(210),-,57%,Silver,剧若菲,王天泽,陈鹏旭,郭东伟,N,N
74,49,天津大学,因特,6,1053,-,+1(25),-,-,+1(76),+1(102),-,-,-1,+3(288),+6(194),+2(208),-,57%,Silver,庄瀚镕,蒋锐,安玺儒,赵满坤,N,N
75,50,福州大学,枯木逢春，老树开花,6,1092,-,+1(28),-,-,+2(142),+1(212),-,-,-,+1(298),+2(120),+1(252),-,25%,Silver,林东颖,傅安,陈宇,傅仰耿,N,N
76,,北京理工大学,秋秋粉丝团,6,1108,-,+1(58),-,-,+3(77),+1(99),-,-,-1,+5(292),+4(182),+1(220),-,60%,Silver,于瀚文,李坚辉,张程,史继筠,N,N
77,,哈尔滨工业大学（深圳）,潜水小怪,6,1192,-,+4(96),-,-,+3(78),+2(112),-,-,-1,+1(233),+11(211),+1(142),-,72%,Silver,梁彬,孙宇开,羊柯伍,刘圣鑫,N,N
78,51,江西师范大学,栞栞的白獭粉刷基地,6,1203,-1,+1(27),-1,-1,+1(75),+1(98),-1,-1,-1,+9(290),+3(197),+3(276),-1,66%,Silver,陈哲,张天福,颜玮琦,曾雪强,N,N
79,,南方科技大学,南方科技大学-赫尔辛基,6,1209,-,+1(14),-,-,+2(58),+1(178),-,-1,-,+3(283),+8(262),+1(214),-,62%,Silver,冯照航,何俞均,洪朝阳,唐博,N,N
80,,中国科学技术大学,USTC摸鱼队,5,344,-,+1(21),-1,-,+2(66),+1(71),-,-,-1,-,+1(132),+1(34),-,16%,Silver,温家睿,林度,陈凌峰,李春生,N,N
81,52,浙江师范大学,ZJNU_遵纪守法,5,372,-,+1(11),-1,-,+1(27),+1(50),-,-,-1,-2,+2(101),+1(163),-,16%,Silver,吴铮,陈增豪,陈骏鹏,邱晟,N,N
82,,东北大学,东北大学_天狐座,5,375,-,+2(25),-,-,+1(42),+1(62),-,-,-2,-3,+2(85),+1(121),-,28%,Silver,陈少皇,苏焜,徐越昊,刘小锋,N,N
83,53,华中师范大学,明明如月,5,391,-,+1(14),-,-,+1(45),+1(67),-,-,-,-10,+1(104),+2(141),-,16%,Silver,郭子寒,钟鸣,曹俞欣,叶俊民,N,N
84,,华中科技大学,凡性的提醒,5,392,-,+1(24),-,-,+1(56),+1(96),-,-,-,-5,+2(68),+1(128),-,16%,Silver,汪文卓,金城根,杨治,何琨,N,N
85,54,上海大学,SHU-10,5,393,-,+1(15),-,-3,+1(47),+1(54),-,-,-,-12,+1(106),+1(171),-,0%,Bronze,陶钧,周子竣,潘铧超,沈俊,N,N
86,,电子科技大学,UESTC_腾讯没给钱所以队名就叫原神之星吧,5,395,-,+1(18),-,-,+1(40),+1(96),-,-,-,-10,+1(75),+1(166),-,0%,Bronze,李林泽,李尚融,程智涛,吴磊,N,N
87,,华东师范大学,与夏之花,5,446,-,+1(23),-,-,+1(40),+1(59),-,-,-,-8,+1(216),+1(108),-,0%,Bronze,谢书骁,谈笑枫,程籽实,肖春芸,N,N
88,,杭州电子科技大学,原粥铁律,5,449,-,+1(21),-,-,+2(37),+2(117),-,-,-6,-4,+1(66),+2(148),-,37%,Bronze,潘思成,姜正,陈载元,刘春英,N,N
89,55,四川大学,树上莫队,5,450,-,+1(25),-,-,+1(49),+1(121),-,-,-,-11,+1(89),+1(166),-,0%,Bronze,黄云垄,顾曦骏,朱奕杰,左劼,N,N
90,,浙江大学,Untitled story,5,452,-,+1(8),-,-,+1(39),+1(53),-,-,-4,-7,+5(111),+2(141),-,50%,Bronze,凌子恒,樊睿,周轩熠,王灿,N,N
91,56,浙江工业大学,爱喝牛奶的猫猫酱,5,458,-,+1(32),-,-,+2(53),+2(67),-,-,-,-5,+2(127),+1(119),-,37%,Bronze,李汶芝,狄鑫慧,王瑞,侯向辉,N,N
92,57,香港浸会大学,HKBU,5,460,-,+1(21),-,-,+1(41),+1(102),-,-,-,-13,+3(88),+1(168),-,28%,Bronze,赵云翔,Arsen Avkhadiev,Mohammad Riasad Huq,朴乘志,N,N
93,58,北京邮电大学,三只蒟蒻,5,465,-,+2(16),-,-,+1(37),+3(106),-,-1,-6,-3,+1(30),+6(116),-,61%,Bronze,区庆亮,王佳禾,鲍睿钊,杨亚,N,N
94,,北京航空航天大学,口嗨战神,5,478,-,+1(18),-,-3,+1(41),+1(30),-,-,-,-2,+5(115),+1(194),-,44%,Bronze,董和军,王大禹,蒋槟阳,宋友,N,N
95,,南方科技大学,南方科技大学-伊卡利宁,5,480,-,+1(16),-,-,+1(39),+2(68),-,-,-,-15,+4(141),+1(136),-,44%,Bronze,林政宇,曾子华,赵子悦,唐博,N,N
96,,北京师范大学,内测度,5,486,-,+1(37),-,-27,+1(59),+1(98),-,-,-,-4,+3(82),+1(170),-,28%,Bronze,李鼎懋,林靖轩,孙旭琪,徐鹏飞,N,N
97,59,杭州电子科技大学信息工程学院,清蒸狮子头,5,487,-,+1(22),-,-,+1(93),+1(78),-,-,-,-6,+1(53),+2(221),-,16%,Bronze,杨鑫,尹凯乐,柳徐吉,李钧,N,N
98,,哈尔滨工业大学,月间天路,5,493,-,+1(28),-,-,+1(60),+1(88),-,-,-,-6,+3(106),+1(171),-,28%,Bronze,卢景行,田宇丰,张城玮,孙大烈,N,N
99,,武汉大学,我会自己写代码,5,495,-,+2(40),-,-,+1(33),+1(115),-,-,-,-13,+3(79),+1(168),-,37%,Bronze,谷嘉良,水熙锐,卢凯宾,董文永,N,N
100,60,暨南大学,fallleaves01我将亲手操办你的退役仪式,5,516,-,+1(18),-,-,+1(32),+1(62),-,-,-6,-,+3(157),+3(167),-,44%,Bronze,麦骏,余欣妍,贾子涵,张震,N,N
101,61,中国科学院大学,果壳挂科王,5,517,-,+1(19),-,-,+1(44),+2(125),-,-,-,-1,+1(107),+2(182),-,28%,Bronze,徐亦周,徐致远,蓝天朗,孙晓明,N,N
102,62,东北大学秦皇岛分校,小饼卷大葱,5,534,-,+1(19),-1,-,+1(70),+1(104),-,-,-,-11,+2(124),+2(177),-,28%,Bronze,李不凡,司伟业,董淑睿,王和兴,N,N
103,63,周口师范学院,神里绫华,5,537,-,+1(18),-,-,+1(41),+1(69),-,-,-,-,+4(136),+1(213),-,37%,Bronze,贾文婷,刘博,买琮文,雷晓艳,N,N
104,64,山东大学,应用随机过程,5,541,-,+1(14),-,-,+3(63),+1(109),-,-,-,-19,+4(87),+1(168),-,50%,Bronze,孔轲祎,李玉庭,董家豪,汪云海,N,N
105,65,华南理工大学,EssenceWFern,5,543,-,+1(18),-,-,+3(46),+2(99),-,-,-,-4,+1(88),+3(192),-,50%,Bronze,余梓灏,梁耀威,陈漫璟,冼楚华,N,N
106,,东北大学,NEU_次元魔女,5,548,-,+1(17),-,-,+2(42),+1(118),-,-,-,-6,+2(87),+3(204),-,44%,Bronze,仝家驹,陈彦澍,张帆,刘小锋,N,N
107,66,中国民航大学,无问西东,5,549,-,+1(18),-,-,+2(40),+1(137),-,-,-,-2,+1(105),+1(229),-,16%,Bronze,刘家宁,崔凌宵,颜一鸣,张智,N,N
108,67,香港科技大学,HKUST1,5,555,-,+1(13),-,-13,+1(37),+1(69),-,-,-,-4,+6(174),+3(122),-,58%,Bronze,黃梓峰,楊善行,呂嘉傑,饶哲凡,N,N
109,68,苏州大学,金闪闪,5,562,-,+1(17),-,-,+2(42),+1(90),-,-,-,-3,+3(223),+1(130),-,37%,Bronze,周进一,韩则进,肖锦嗣,朱晓旭,N,N
110,,香港中文大學,順命,5,564,-,+2(22),-,-,+2(59),+2(64),-,-,-12,-7,+5(142),+1(137),-,58%,Bronze,姜宣丞,衛家熙,吳曉峻,麦伟豪,N,N
111,69,西北农林科技大学,你拿牌好熟练,5,565,-,+1(24),-,-,+1(41),+1(146),-,-,-,-2,+3(110),+1(204),-,28%,Bronze,寻真,蔡祺峰,曾令顺,耿耀君,N,N
112,70,上海理工大学,七遇绮迹 未来会来,5,569,-,+1(19),-,-,+1(32),+1(129),-,-,-,-5,+4(95),+2(214),-,44%,Bronze,胡洁昌,刘斌然,姚陆涵茗,周春樵,N,N
113,,苏州大学,Blowback,5,571,-,+1(27),-,-,+1(50),+1(97),-,-,-1,-1,+3(149),+2(188),-,37%,Bronze,王宇轩,简嘉瑶,周骁逸,赵雷,N,N
114,,电子科技大学,UESTC_AC才是硬道理,5,586,-,+1(31),-,-,+2(72),+1(131),-,-,-,-9,+2(106),+3(166),-,44%,Bronze,彭帅康,李奕聪,陈奕可,汪小平,N,N
115,71,南华大学,昨天刚学cpp,5,588,-,+1(22),-,-,+2(45),+1(101),-,-,-,-6,+2(160),+1(220),-,28%,Bronze,王圣宇,羊新旺,王政星,刘杰,N,N
116,,浙江师范大学,羊村王中王,5,590,-,+1(18),-,-,+1(56),+1(107),-,-,-,-2,+1(163),+2(226),-,16%,Bronze,陈炯荣,嵇纹垲,林宸,宋炯,N,N
117,72,北京化工大学,祝你好运玩得开心,5,596,-,+1(17),-,-,+2(57),+1(108),-,-,-,-,+4(134),+2(180),-,50%,Bronze,徐文博,曾梓勋,黄东琦,刘勇,N,N
118,,复旦大学,有密码,5,601,-,+2(26),-,-,+2(57),+1(75),-,-,-1,-,+5(104),+1(219),-,54%,Bronze,马成,刘皓蓝,陈可汗,孙未未,N,N
119,,河海大学,我的铁牌物语果然有问题,5,602,-,+2(22),-,-,+2(43),+1(149),-,-,-,-,+2(88),+2(220),-,44%,Bronze,徐圣翔,付宏磊,朱庆刚,张雪洁,N,N
119,73,香港理工大学,一川烟草,5,602,-,+1(13),-,-,+2(60),+1(107),-,-,-5,-,+3(120),+1(242),-,37%,Bronze,向昱帆,徐乐,孙涵松,李博,N,N
121,,香港科技大学,KUSHT,5,607,-,+1(24),-,-,+1(62),+1(118),-,-,-4,-2,+4(186),+1(157),-,37%,Bronze,Raiymbek Baishuak,Taimas Korganbayev,Mukhammadarif Sakhmoldin,饶哲凡,N,N
122,,西安交通大学,天狼星的心脏,5,608,-,+2(25),-1,-,+1(39),+1(114),-,-,-,-4,+7(202),+1(88),-,58%,Bronze,洪家庆,刘一可,许孜诚,王龙翔,N,N
123,74,浙大城市学院,来三杯拿铁,5,619,-,+1(10),-,-,+2(66),+1(130),-,-,-,-4,+3(149),+1(204),-,37%,Bronze,潘劲帆,李时博,章晨榆,柯海丰,N,N
124,,南京大学,太平,5,623,-,+1(23),-,-,+1(52),+1(158),-,-,-,-,+2(135),+2(215),-,28%,Bronze,陈昊洋,黄可唯,王恺翔,马骏,N,N
125,,浙大城市学院,星辰雨,5,624,-,+1(17),-,-,+2(60),+1(120),-,-,-,-2,+3(179),+2(168),-,44%,Bronze,方韬瑜,楼晨,沈昕哲,柯海丰,N,N
126,,哈尔滨工业大学,蓬莱人形,5,625,-,+2(18),-,-9,+2(50),+2(88),-,-,-,-7,+6(148),+2(141),-,64%,Bronze,陈煜航,丁文涛,金义扬,孙大烈,N,N
127,75,浙江理工大学,飞飞,5,628,-,+2(32),-,-,+3(73),+1(104),-,-,-,-,+4(133),+1(166),-,54%,Bronze,朱鑫鑫,薛淞尹,徐波,叶海荣,N,N
128,,四川大学,难题肉搏小队,5,630,-,+1(44),-,-,+3(60),+1(48),-,-,+5(234),-,-7,+1(124),-,54%,Bronze,杨轶涵,李名骕,苏臻,左劼,N,N
129,76,西安电子科技大学,三分之二去零点,5,631,-,+1(23),-,-,+1(40),+3(220),-,-,-,-4,+1(104),+2(184),-,37%,Bronze,曾岩,汪文轩,田康杰,张淑平,N,N
130,,北京航空航天大学,会挽雕弓如满月,5,632,-,+2(27),-,-,+1(50),+1(103),-,-,-,-3,+6(129),+2(183),-,58%,Bronze,傅可树,梁钧著,马一,宋友,N,N
131,77,哈尔滨理工大学,哈理工02队SH,5,633,-,+2(67),-,-,+1(99),+1(121),-,-,-,-4,+2(71),+2(215),-,37%,Bronze,吕锦泽,王开纪,王令开,唐远新,N,N
132,,中南大学,普普三人组,5,635,-,+1(28),-,-,+2(68),+1(99),-,-,-,-11,+4(136),+2(204),-,50%,Bronze,苏宜扬,赖锦镕,周湘予,陈再良,N,N
133,78,成都信息工程大学,指引明路的苍蓝星 剧场版,5,638,-,+2(24),-,-,+1(48),+1(86),-,-,-,-,+6(220),+1(140),-,54%,Bronze,杨尚杰,曹逸飞,张轩铭,黄健,N,N
133,,哈尔滨工业大学（深圳）,博德之门,5,638,-,+2(33),-,-,+1(64),+1(161),-,-,-,-4,+1(123),+1(237),-,16%,Bronze,骆天赐,李嘉淇,陈识曲,陈勇勇,N,N
135,,浙江工业大学,奇思妙想,5,645,-,+2(59),-,-,+4(74),+2(29),-,-,-,-5,+4(138),+1(185),-,61%,Bronze,包林鑫,陆徐豪,陈泓睿,韩姗姗,N,N
136,,复旦大学,卷 -我与高斯一起正态分布-,5,664,-,+1(41),-,-,+1(86),+1(78),-,-,-,-3,+3(250),+1(169),-,28%,Bronze,刘澈,张润哲,吴思鸿,孙未未,N,N
137,,上海大学,重操旧业,5,669,-,+1(29),-,-1,+1(54),+2(115),-,-,-,-3,+4(184),+2(187),-,50%,Bronze,金之谦,易兰萱,冀昱昊,沈俊,N,N
138,,南京邮电大学,谢谢贝拉,5,673,-,+2(40),-,-,+1(72),+2(122),-,-,-,-5,+1(84),+4(255),-,50%,Bronze,蒋明辉,蔡振川,向韫韬,陈志,N,N
139,79,南京信息工程大学,牧濑红莉栖,5,688,-,+2(56),-,-,+2(74),+1(96),-,-,-,-3,+2(164),+1(238),-,37%,Bronze,马天顺,林思程,徐凡明,宋彪,N,N
140,80,大连理工大学,二保一,5,689,-,+1(19),-,-,+1(51),+2(92),-,-,-,-3,+5(127),+4(240),-,61%,Bronze,陈常杰,袁振,闫希良,梁冰,N,N
141,81,中国人民大学,嘉然今天创什么,5,693,-,+1(34),-,-,+1(109),+1(143),-,-,-,-8,+3(80),+2(267),-,37%,Bronze,李林豇,汪元森,陈志朋,张世骐,N,N
142,82,西北工业大学,偏爱,5,694,-,+3(44),-,-,+3(79),+1(67),-,-,-,-8,+4(158),+3(166),-,64%,Bronze,徐浩洋,李天舒,池久涛,刘君瑞,N,N
143,,浙江师范大学,ZJNU_7队,5,699,-,+1(29),-,-,+1(53),+1(231),-,-,-,-8,+2(137),+1(229),-,16%,Bronze,厉文浩,蒋润浩,丁逸飞,韩建民,N,N
144,,南京大学,Unreal Eventide,5,702,-,+1(19),-,-,+3(55),+1(88),-,-,-,-13,+2(172),+4(248),-,54%,Bronze,丁天行,欧丰宁,单启程,马骏,N,N
145,,天津大学,原神、道和篮球,5,709,-,+1(16),-,-,+1(47),+1(183),-,-,-,-12,+5(210),+2(153),-,50%,Bronze,李国鸿,许哲诚,陈晟骞,赵满坤,N,N
146,83,广东工业大学,漫游者,5,715,-,+1(37),-,-,+1(121),+1(183),-,-,-,-,+2(89),+1(265),-,16%,Bronze,钟迪,潘锦炫,林敏彬,孙宣东,N,N
147,84,西南交通大学,站着挣钱,5,716,-,+1(24),-,-,+3(60),+1(94),-,-,-,-6,+5(253),+2(145),-,58%,Bronze,郑星宇,赵一冰,郭欣森,喻琇瑛,N,N
148,,武汉大学,放学后茶会,5,718,-,+1(9),-,-,+1(76),+1(102),-,-,-,-5,+5(235),+2(196),-,50%,Bronze,郑寒友,张弛,厉汪扬,董文永,N,N
149,,同济大学,登神长阶,5,726,-,+1(28),-,-,+1(53),+1(98),-,-,-,-,+1(227),+4(260),-,37%,Bronze,张翔,林鑫宇,王琨瑀,叶晨,N,N
150,,华南理工大学,某不科学的AC,5,732,-,+1(24),-,-,+1(40),+2(127),-,-,-,-,+3(171),+2(290),-,44%,Bronze,陈鹏,倪锦坤,赵冬青,林连南,N,N
151,85,佛山科学技术学院,去年打铁一整年,5,765,-,+1(18),-,-,+3(111),+2(83),-,-,-,-,+1(206),+1(287),-,37%,Bronze,越静怡,黄佳鋐,蔡璧润,钟勇,N,N
152,86,太原理工大学,为嘛黄瓜绿,5,769,-,+1(41),-,-,+1(73),+1(132),-,-,-,-3,+6(222),+1(201),-1,50%,Bronze,何奇璋,李沛霖,李昌荣,林福平,N,N
152,,山东大学,世伊鸾涧渊,5,769,-,+1(40),-,-,+1(91),+1(160),-,-,-,-6,+3(152),+2(266),-,37%,Bronze,许蕴朴,陈子载,俞程,鹿旭东,N,N
154,,哈尔滨工程大学,有人说亡藜伴白首不如物流部报数那为什么不叫王老板爆杀,5,773,-,+1(14),-,-,+1(45),+2(120),-1,-1,-1,-1,+1(184),+7(270),-1,58%,Bronze,王一帆,张传炯,金炜东,国林,N,N
155,87,西南大学,AutoC++,5,777,-,+1(12),-,-,+2(89),+1(136),-,-,-,-9,+7(212),+2(168),-,61%,Bronze,徐畅,马博涵,傅祥斌,韩先锋,N,N
156,88,上海财经大学,iDLEM@STER O149,5,783,-,+1(13),-,-,+1(42),+2(72),-,-,-,-,+6(279),+1(257),-,54%,Bronze,郭士纳,史靖玮,姜聿时,郭子超,N,N
156,,长沙理工大学,终旅2.0,5,783,-,+1(23),-,-,+1(43),+1(145),-,-,-,-,+3(202),+3(290),-,44%,Bronze,辜湘利,周杨涛,彭烨青,邓广慧,N,N
158,,山东大学,芝士队名,5,785,-,+2(38),-,-,+2(68),+1(175),-,-,-,-,+2(113),+3(291),-,50%,Bronze,吴一豪,王路阳,王政骁,鹿旭东,N,N
159,,西安交通大学,写都写了，交一发吧,5,789,-,+1(24),-,-,+2(144),+2(136),-,-,-,+2(295),+2(110),-2,-,44%,Bronze,贺睿杰,杨一帆,周品良,王龙翔,N,N
160,89,深圳技术大学,SZTU_小呆猫猫,5,804,-,+1(19),-,-,+1(49),+3(238),-,-,-,-,+1(165),+1(293),-,28%,Bronze,林泽扬,潘键颖,黄瑛琪,郭云镝,N,N
161,,同济大学,本来挺喜欢ACM的,5,806,-,+2(30),-,-,+3(168),+1(145),-,-,-,-8,+4(258),+1(85),-,54%,Bronze,孙治弘,刘依扬,张乐天,叶晨,N,N
162,90,长安大学,彩虹岛之戮,5,811,-,+1(34),-,-,+1(60),+1(193),-,-,-,-,+6(163),+1(261),-,50%,Bronze,刘葆骐,石瑶,高源,荆树旭,N,N
163,,西安电子科技大学,喵喵喵,5,813,-,+2(24),-,-,+2(48),+1(101),-,-,-,-6,+5(228),+3(252),-,61%,Bronze,张亲翰,刘朝旭,罗杰,张淑平,N,N
164,91,中南民族大学,打铁生气，我不说回家让女朋友猜,5,817,-,+1(22),-,-,+2(72),+1(100),-,-,-,-,+3(230),+3(293),-,50%,Bronze,项升辉,刘时胜,方可,刘卫平,N,N
165,92,西南财经大学,旅行者,5,821,-,+2(31),-,-,+3(59),+1(127),-,-,-,-,+5(164),+4(240),-,66%,Bronze,杨文昊,王俊超,来冠男,陈智,N,N
166,,北京邮电大学,野鸡大队,5,822,-,+1(16),-,-,+1(68),+1(125),-,-,-,-1,+5(218),+4(255),-,58%,Bronze,任飞,李知拙,黄旭,杨亚,N,N
167,,西安电子科技大学,超额剩余价值,5,824,-,+1(31),-,-,+1(99),+1(128),-,-,-,-4,+2(260),+3(246),-,37%,Bronze,蒋叶桢,陈俊丞,何贯中,万波,N,N
168,93,成都理工大学,三个灰名,5,838,-,+1(21),-,-,+2(78),+2(151),-,-,-,-,+2(229),+2(279),-,44%,Bronze,刘昊琨,粟生虎,张晨瑀,李军,N,N
169,94,湖南文理学院,狂点技能树,5,845,-,+1(44),-,-,+1(103),+1(116),-,-,-,-,+8(195),+2(227),-,61%,Honorable,吴立强,邓成浩,邹磊洋,屠添翼,N,N
170,,中山大学,中山大学_天选打工人,5,851,-,+1(21),-,-,+2(111),+1(74),-,-,-,-7,+10(255),+1(190),-,66%,Honorable,韩冠东,吴明禹,肖淇,张子臻,N,N
170,,南京理工大学,赤豹纹狸,5,851,-,+1(26),-4,-,+3(96),+1(160),-,-,-,-2,+1(232),+3(257),-,44%,Honorable,郭佳樊,蔡佳铭,吴俐伽,余立功,N,N
172,95,华南师范大学,江南开摆野指针梭哈天江遨游海底直至AC,5,854,-,+1(28),-,-,+1(70),+1(190),-,-,-,-,+2(248),+2(278),-,28%,Honorable,李梓健,古嘉诚,朱焕佳,梁军,N,N
173,96,西湖大学,拿牌队长去表白,5,861,-,+2(23),-,-,+2(158),+1(135),-,-,-,-5,+3(215),+2(230),-,50%,Honorable,王宇皓,楼鑫浩,周扬帆,周广成,N,N
174,,华东师范大学,风一样,5,864,-,+1(16),-,-,+2(113),+3(183),-,-,-,-,+3(171),+1(281),-,50%,Honorable,冯中信,谢瑞阳,田亦海,杜育根,N,N
175,,广东工业大学,绿豆沙,5,866,-,+1(20),-,-,+4(114),+2(155),-,-,-10,-,+6(96),+4(241),-,70%,Honorable,林俊耿,肖能翔,杨子弘,孙宣东,N,N
176,,西北工业大学,undo,5,871,-,+2(26),-,-,+1(72),+1(179),-,-,-,-,+4(196),+2(298),-,50%,Honorable,王景珩,牛马思元,闻茁,姜学锋,N,N
177,97,中国矿业大学,三个翻译,5,872,-,+2(34),-,-,+1(74),+1(116),-,-,-,-,+8(256),+1(232),-,61%,Honorable,杨斌涵,肖扬航,黄科海,毕方明,N,N
178,,福州大学,在ACM寻求暴力是否搞错了什么,5,887,-,+1(27),-,-,+2(105),+1(99),-,-,-,-,+3(245),+5(271),-,58%,Honorable,陈建宇,蔡长波,庄宇烽,傅仰耿,N,N
179,98,湖南理工学院,Triple Xor Sum,5,900,-,+1(39),-,-,+1(136),+1(201),-5,-,-,-,+4(188),+1(276),-,37%,Honorable,阳金里,李维逸,李居航,李文彬,N,N
180,99,浙江农林大学,这个彬彬交题超勇的,5,913,-,+1(28),-,-,+1(48),+3(193),-,-,-,-,+5(284),+1(240),-,54%,Honorable,王健彬,朱蕴仪,倪铂涵,童孟军,N,N
181,100,江西理工大学,起名真费劲,5,931,-,+1(22),-,-,+1(59),+1(127),-,-1,-,-,+6(274),+4(289),-,61%,Honorable,王际,吴旭阳,陶哲,管希东,N,N
182,,上海理工大学,一觉醒来 全世界元梦之星水平下降一万倍而你不变 这一世要夺回…,5,949,-,+1(10),-,-,+7(140),+3(130),-,-,-,-8,+3(231),+2(218),-,68%,Honorable,董柯演,吴佳霖,张皓宇,周春樵,N,N
183,,东北大学,东北大学_环形枯竭,5,955,-,+1(24),-,-,+2(61),+1(175),-,-,-,-,+5(272),+3(283),-,58%,Honorable,王子晗,张都,祝云飞,刘小锋,N,N
184,,西北工业大学,学校啥时候通地铁,5,959,-,+1(16),-,-,+2(47),+1(128),-,-,-,-,+5(291),+5(297),-,64%,Honorable,要凌峰,陈玟,马修远,刘君瑞,N,N
185,,四川大学,刀削面的疲倦,5,983,-,+2(61),-,-,+4(30),+1(216),-,-,-2,-4,+7(162),+2(294),-,68%,Honorable,杨欣渝,邓雍,程渝峰,左劼,N,N
186,101,武汉科技大学,悦刻幻影五代PRO,5,988,-,+2(55),-,-,+1(64),+2(165),-,-,-,-1,+10(245),+2(219),-,70%,Honorable,肖依如,孙煜恒,聂泽锴,李顺新,N,N
187,102,安徽大学,融合巨怪,5,989,-,+1(31),-,-,+3(88),+3(205),-,-,-,-4,+6(242),+2(223),-,66%,Honorable,李骋,闵烁,罗欣然,周健,N,N
188,103,山东大学（威海）,主打一个陪伴,5,1007,-,+1(30),-,-,+4(137),+2(197),-,-,-,-4,+4(178),+4(265),-,66%,Honorable,严一涵,尚棋浩,张胜熙,孔晓明,N,N
189,,天津大学,区域赛铁了一场（⊙⊿⊙）,5,1021,-,+1(76),-,-,+2(52),+2(187),-,-,-,-1,+6(217),+4(289),-,66%,Honorable,黄敏行,牟泓锦,张忠清,赵满坤,N,N
190,,浙江师范大学,白洞、白色的明天在等着我们,5,1047,-,+1(45),-,-,+1(73),+1(198),-,-,-,-,+8(289),+2(282),-,61%,Honorable,张煜,郑可,章可仲,于娟,N,N
191,104,燕山大学,塔山之巅,5,1058,-,+1(21),-,-,+3(77),+1(164),-,-,-1,-,+7(252),+6(284),-,72%,Honorable,孙振轩,李一阳,吴亚楠,穆运峰,N,N
192,105,杭州师范大学,何乐而不米哈游,5,1083,-1,+3(71),-1,-1,+1(93),+1(198),-1,-1,-1,-1,+5(285),+2(296),-1,58%,Honorable,戴泽耀,余家帅,刘书凡,单振宇,N,N
193,106,昆山杜克大学,奖金什么时候发,4,323,-,+1(35),-,-,+2(33),+2(64),-,-,-,-11,-13,+2(131),-,42%,Honorable,沈知远,袁天骏,王钧澎,龙江,N,N
194,,福州大学,西南饺子馆,4,327,-,+1(18),-,-,+2(44),+1(83),-,-,-,-,-5,+1(162),-,20%,Honorable,陈昊旸,邓宇凡,庄佳霖,傅仰耿,N,N
195,,中国科学技术大学,蓝桥春雪,4,346,-,+1(17),-,-,+1(30),+2(107),-,-,-,-14,-7,+3(132),-,42%,Honorable,冯正桦,邵晓玮,李俊辰,李春生,N,N
196,,复旦大学,你先别急，让我调DP,4,398,-,+1(37),-,-,+1(46),+1(81),-,-,-,-7,+2(214),-4,-,20%,Honorable,陈佳鹏,何友瑭,邹畅,孙未未,N,N
197,107,湖南师范大学,栀晓,4,402,-,+1(23),-,-,+1(39),+1(137),-,-,-,-,-13,+2(183),-,20%,Honorable,唐熙林,魏佳蕾,马嘉豪,罗迅,N,N
198,108,山东理工大学,清纯白毛小萝莉,4,411,-,+1(33),-,-,+1(57),+2(174),-,-,-,-,+1(127),-12,-,20%,Honorable,王鹤翱,孙童乐,从文杰,张先伟,N,N
199,109,浙江科技大学,djwcb,4,417,-,+1(21),-,-2,+1(46),+2(125),-,-,-,-,-9,+1(205),-,20%,Honorable,范思哲,杨之川,丁好,林志洁,N,N
200,110,台州学院,沧浪之水--为梦而战,4,426,-,+1(36),-,-,+1(64),+2(113),-,-,-,-1,-12,+1(193),-,20%,Honorable,孙宇飞,陈景钧,任敏浩,华晓锋,N,N
201,111,集美大学,抱歉，这没有集美,4,434,-,+1(16),-,-,+1(43),+1(96),-,-,-,-,-3,+1(279),-,0%,Honorable,林贝宁,周鑫,吴杰,贺冰琰,N,N
202,,山东大学,四小时下班,4,473,-,+1(26),-,-,+2(54),+1(120),-,-,-,-,+5(173),-13,-,55%,Honorable,禚安垣,王天竹,王艺臻,汪云海,N,N
203,112,广州大学,奇迹于你,4,519,-,+1(24),-,-,+1(50),+1(153),-,-,-,-,+2(272),-,-,20%,Honorable,吴昊原,柯俊宇,庄鹏鑫,丘凯伦,N,N
204,113,福建理工大学,福宝来了,4,532,-,+1(19),-,-,+1(58),+2(137),-,-,-,-,-11,+1(298),-,20%,Honorable,郑晟睿,林舜华,陈鹏,许雪林,N,N
205,114,东华大学,西西里的柳汁,4,533,-,+1(37),-,-,+2(74),+1(125),-,-,-,-,-3,+1(277),-,20%,Honorable,郭旭阳,杨文杰,孙逸凡,黄永锋,N,N
206,,北京交通大学,Infinity,4,535,-,+1(42),-,-,+1(59),+1(201),-,-,-,-,+2(213),-1,-,20%,Honorable,殷澄宇,曾钦阳,周一鸣,许华婷,N,N
207,,华中科技大学,冬眠不觉晓,4,538,-,+1(40),-,-,+2(73),+1(138),-,-,-,-2,-5,+3(227),-,42%,Honorable,黄浚源,陈开宇,刘东阳,何琨,N,N
208,,华东师范大学,少卿，杂役，今日公案何时毕,4,564,-,+1(14),-,-,+2(87),+1(225),-,-,-,-3,-10,+3(178),-,42%,Honorable,冯顾炜,冯嘉一,许乐,肖春芸,N,N
209,115,南京师范大学,我Python怎么又超时了,4,568,-,+3(61),-,-,+1(88),+1(155),-,-,-,-,-3,+1(224),-,33%,Honorable,彭章荣,季润民,周旻硕,王琼,N,N
210,,福州大学,浴室踩订书机,4,570,-,+2(31),-,-,+3(170),+1(92),-,-,-,-1,-5,+2(197),-,50%,Honorable,游世伟,江滢怡,王奕然,傅仰耿,N,N
211,,国防科技大学,青铜时代号,4,576,-,+1(74),-,-,+1(79),+1(120),-,-,-,-4,+6(203),-,-,55%,Honorable,李泽锴,王荣航,蒋卓彧,尹良泽,N,N
212,116,长春理工大学,那就好好道个别吧,4,584,-,+1(23),-,-,+2(80),+2(150),-,-,-,-,-11,+2(271),-,42%,Honorable,任鑫,刘万超,魏龙飞,王睿,N,N
213,,香港理工大学,鲨蜂树（退役版）,4,600,-,+1(27),-,-,+1(66),+1(196),-,-,-,-,-5,+2(291),-,20%,Honorable,陈俊儒,张昊霖,付冠赫,李博,N,N
214,,安徽大学,众梦之聚,4,603,-,+4(53),-,-,+1(71),+1(130),-,-,-,-,-12,+1(289),-,42%,Honorable,许钧剑,吴昌盛,龙源徽,李春春,N,N
215,,中国矿业大学,火树银花,4,606,-,+1(20),-,-,+1(74),+1(135),-,-,-,-,+6(277),-2,-,55%,Honorable,周佳炜,陈溪远,张梓渝,毕方明,N,N
216,,南京理工大学,流满猫猫头,4,607,-,+2(93),-,-,+1(100),+1(140),-,-,-,-,+3(214),-,-,42%,Honorable,何丰辰,王一萌,丁则文,余立功,N,N
217,117,浙江万里学院,MikuFans,4,611,-,+1(22),-,-,+2(97),+3(187),-,-,-,-,-8,+2(225),-,50%,Honorable,周启鸿,竺夏,赵之钰,柴本成,N,N
217,117,浙江中医药大学,滨文路548号,4,611,-,+1(37),-,-,+1(81),+1(195),-,-,-,-,-2,+1(298),-,0%,Honorable,盛子阳,赵天骏,姚冠宇,罗杰,N,N
219,119,中国计量大学,我不想加入Ranking俯冲,4,615,-,+1(33),-,-,+3(69),+2(143),-,-,-,-,-9,+2(290),-,50%,Honorable,吴志存,杨晗,章霄宇,陈晓竹,N,N
220,120,沈阳理工大学,自己退群,4,617,-,+1(20),-,-,+1(36),+6(124),-,-,-,-,-2,+5(257),-,69%,Honorable,茅泉浩,金典,冯壮(教练),,N,N
221,121,桂林电子科技大学,无名之辈,4,637,-,+1(30),-,-,+2(72),-3,-,-,-,-,+2(252),+1(243),-,33%,Honorable,张蓝天,刘思语,陈星宇,王子民,N,N
222,,华中师范大学,金色天际线,4,650,-,+2(70),-,-,+3(105),+1(220),-,-,-,-,+2(175),-2,-,50%,Honorable,张宏辉,史承钰,蒋国华,叶俊民,N,N
223,,杭州师范大学,为什么不忘原神,4,659,-,+2(35),-,-,+1(75),+1(176),-,-,-,-,+5(273),-1,-,55%,Honorable,童春琦,王图南,戴钒宇,单振宇,N,N
224,,苏州大学,AK自动机,4,660,-,+2(39),-,-,+3(103),+1(75),-,-,-,-,+7(263),-2,-,69%,Honorable,史华睿,顾俊辉,林昱彤,刘安,N,N
225,122,上海纽约大学,如果你行,4,669,-,+1(20),-,-4,-1,+1(214),-,-,-,-,+3(136),+1(259),-,33%,Honorable,刘濮铭,陈智谦,张书恺,顾贤斌,N,N
226,123,安徽工业大学,帮大忙了,4,688,-,+2(32),-,-,+2(59),+2(146),-,-,-,-,+7(271),-3,-,69%,Honorable,林仁杰,林昊,翟智伟,王喜凤,N,N
227,,南方科技大学,南方科技大学-埃斯波,4,725,-,+2(30),-,-,+3(168),+2(113),-,-,-6,-,-,+4(274),-,63%,Honorable,张书玮,郑轶滔,周益贤,唐博,N,N
228,,浙江理工大学,邪恶泡泡与射线恶魔,4,732,-,+1(18),-,-,+3(183),+1(149),-,-,-,-,+5(262),-4,-,60%,Honorable,钟昀铮,肖泽宇,王显龙,叶海荣,N,N
229,,北京交通大学,蓝色线段树,4,736,-,+1(20),-,-,+3(216),+1(158),-,-,-,-,-7,+3(262),-,50%,Honorable,俞贤皓,邓人嘉,金恒柘,许华婷,N,N
230,124,云南大学,！再见YNU,4,753,-,+3(102),-,-,+1(124),+4(194),-,-,-,-,-3,+1(233),-,55%,Honorable,杨佳祺,林逸泉,李明康,刘金卓,N,N
231,125,宁波大学,樱白之歌,4,799,-,+1(19),-,-,+2(64),+2(151),-,-,-,-,+15(245),-2,-,80%,Honorable,李嘉琪,朱文豪,赵瑞杰,陈叶芳,N,N
232,126,北京林业大学,队友说EC拿金就玩十年元梦之星,4,800,-,+3(55),-,-,+1(162),+3(114),-,-,-,-,+7(269),-,-,71%,Honorable,黄硕,余行健,梅涵,徐艳艳,N,N
233,127,东南大学,UKE自动机,4,849,-,+2(115),-,-,+4(60),+1(182),-,-1,-,-,+8(272),-1,-,73%,Honorable,刘一鸣,王俊迪,何辰玮,倪庆剑,N,N
234,128,福建师范大学,夜幕降临,4,869,-,+1(23),-,-,+1(168),+1(243),-,-,-,-,+8(295),-1,-,63%,Honorable,林骅,林泰良,周奕帆,肖如良,N,N
235,129,河南工业大学,Decretum,3,168,-,+1(18),-,-,+1(41),+1(109),-,-,-,-,-4,-,-,0%,Honorable,黄鹏宇,高顺,高以宁,李磊,N,N
236,130,乐山师范学院,漫云征途,3,171,-,+1(13),-,-,+2(42),+1(96),-,-,-,-,-6,-6,-,25%,Honorable,罗明杨,魏杰,杜佳蔚,项伟,N,N
237,131,长沙学院,最后一舞,3,194,-,+1(23),-,-,+1(60),+1(111),-,-,-,-,-9,-2,-,0%,Honorable,肖天赐,张孝玉,陈俊豪,何可可,N,N
238,132,西南民族大学,我将终究顺流入大海,3,202,-,+1(42),-,-,+1(63),+1(97),-,-,-,-,-6,-1,-,0%,Honorable,刘家乐,潘浩霖,韦懂生,周绪川,N,N
239,,华中科技大学,关注盖亚，谢谢喵,3,206,-,+1(31),-,-,+1(51),+1(124),-,-,-,-,-11,-3,-,0%,Honorable,刘兆硕,万睿朋,郭瑚瑞,何琨,N,N
240,,杭州师范大学,树形DP一下就过了,3,209,-,+2(28),-,-,+1(43),+1(118),-,-,-,-,-9,-3,-,25%,Honorable,陈科舟,殷吴辉,杨嘉福,单振宇,N,N
241,133,合肥大学,打个表吧,3,243,-,+1(17),-,-,+1(41),+1(185),-,-,-,-,-6,-,-,0%,Honorable,汪一明,汪少鸿,王星力,胡春玲,N,N
242,,北京理工大学,Epsilon,3,255,-,+1(25),-,-,+2(70),+1(140),-,-,-,-,-13,-,-,25%,Honorable,苏彤睿,彭田栩,冯韵涵,付莹,N,N
243,,暨南大学,追追光者者,3,256,-,+1(22),-,-,+1(74),+2(140),-,-,-,-,-2,-,-,25%,Honorable,李安宁,郭骏东,曾琪瑶,蔡秋雯,N,N
244,134,澳门大学,蓝色耶稣轻涟余梦,3,258,-,+1(37),-,-,+1(89),+1(132),-,-,-,-,-4,-3,-,0%,Honorable,麦家俊,席跃,高淼悦,王也,N,N
245,,西北工业大学,报销就是胜利,3,264,-,+3(22),-,-,-5,+2(102),-,-,-,-1,+1(80),-,-,50%,Honorable,袁江引,龚熙尧,尹新祥,刘君瑞,N,N
246,135,常熟理工学院,CYZ,3,266,-,+1(50),-,-,+1(76),+1(140),-,-,-,-,-8,-1,-,0%,Honorable,常博豪,曾谷优,杨淳智,聂盼红,N,N
247,136,绍兴文理学院,破晓,3,275,-,+1(24),-,-,+2(94),+1(137),-,-,-,-,-1,-,-,25%,Honorable,范康鑫,郑柏成,孟嘉政,黄龙军,N,N
248,137,北方工业大学,好坏小姐,3,278,-,+1(54),-,-,+1(83),+1(141),-,-,-,-,-6,-,-,0%,Honorable,郑元兴,王北辰,周易,李源,N,N
249,138,衡阳师范学院,无留意,3,313,-,+1(19),-,-,+4(108),+1(126),-,-,-,-,-12,-6,-,50%,Honorable,文福强,王方涵,肖哲,刘新宇,N,N
250,,西安电子科技大学,红枣树,3,317,-,+1(26),-,-,+2(72),+2(179),-,-,-,-,-9,-,-,40%,Honorable,孙振元,胡宇航,赵人毅,万波,N,N
251,139,齐鲁工业大学,举牌喵喵机,3,320,-,+1(12),-,-,+2(154),+1(134),-,-,-,-,-1,-4,-,25%,Honorable,郑博维,张明超,杨梓睿,鹿文鹏,N,N
252,140,新疆大学,逆旅,3,327,-,+1(71),-,-,+1(94),+2(142),-,-,-,-,-5,-,-,25%,Honorable,章凇瑜,金展博,包喆权,郑炅,N,N
253,,东华大学,%不可视境界线%,3,354,-,+2(28),-,-,+1(56),-,-,-,-,-,+1(250),-4,-,25%,Honorable,侯迦得,杨韵清,黄城帆,黄永锋,N,N
254,141,阿坝师范学院,火攻Plus,3,369,-,+1(42),-,-,+1(108),+1(219),-,-,-,-,-,-,-,0%,Honorable,李先笙,胡航,陈李鑫,向昌成,N,N
255,142,湖南农业大学,冬眠不觉晓,3,382,-,+1(18),-,-,+2(93),+2(231),-,-,-,-,-2,-,-,40%,Honorable,邱麒桦,黎锦阳,李佰炎,李佰炎,N,N
256,143,石河子大学,什么，你染上XCPC了？！,3,389,-,+1(17),-,-1,+4(99),+2(193),-,-,-,-,-2,-,-,57%,Honorable,曾祥阔,牛洋洋,王晨旭,张欣,N,N
257,144,上海科技大学,新建文件夹,3,405,-,+1(44),-,-,+1(147),+3(174),-,-,-,-,-7,-2,-,40%,Honorable,胡港枫,滕致浩,单子维,杨思蓓,N,N
258,,上海大学,夜航星,3,451,-,+1(39),-,-,+3(107),+3(225),-,-,-,-,-10,-3,-,57%,Honorable,房辰燏,张学鹏,松浩然,沈俊,N,N
258,,东北大学秦皇岛分校,名字取好了吗,3,451,-,+2(38),-,-,+3(56),+3(257),-,-,-,-,-10,-,-,62%,Honorable,李正天,张裕博,刘峻畅,王和兴,N,N
260,,西安交通大学,Aqm今天买什么,3,456,-,+2(63),-,-,+1(192),+1(181),-,-,-,-,-13,-,-,25%,Honorable,栾家骏,林沫非,胡辰同,王龙翔,N,N
261,145,天津理工大学,明理湖水怪,3,475,-,+3(43),-,-,+2(74),-2,-,-,-,-,+5(218),-7,-,70%,Honorable,向东,李衍硕,龚志杰,张洪豪,N,N
262,146,东北师范大学,RuntimeError,3,493,-,+6(89),-,-,+3(146),+1(118),-,-,-,-,-1,-,-,70%,Honorable,齐昊坤,曹勇麟,于紫洋,李宏博,N,N
263,147,河南理工大学,还真是,3,520,-,+1(22),-,-,+3(103),+4(295),-,-,-,-,-6,-,-,62%,Honorable,付旭闯,符建昊,李羽佳,王建芳,N,N
264,148,西南石油大学,考研390 但div4 3题,3,684,-,+9(176),-,-,+2(114),+1(214),-,-,-,-,-2,-,-,75%,Honorable,李冉曦,周佳俊,吴一凡,刘小玲,N,N
265,149,嘉兴大学,现在站在你面前的是，异世相逢尽享美味·长野原烟花匠的女儿·夏……,3,963,-,+1(20),-,-,+18(255),+4(288),-,-,-,-,-,-,-,86%,Honorable,罗琦稚,吴淘,吕晓琳,陈滨   张素兰,N,N
266,150,华北理工大学,不玩原神导致的,2,124,-,+1(17),-,-,+3(67),-1,-,-,-,-,-1,-,-,50%,Honorable,尹尚龙,张恒旭,丰文政,阎红灿,N,N
267,151,中国传媒大学,无限弹跳弼马温大脑墨西哥免费停车场,2,156,-,+1(24),-,-,+3(92),-1,-,-,-,-,-2,-,-,50%,Honorable,王思远,黄屹,刘禹熹,杨丽芳,N,N
268,,厦门大学,瞎打XCPC,2,204,-,+3(87),-,-,+1(77),-1,-,-,-,-,-4,-9,-,50%,Honorable,栾英石,倪家乐,蔡培,林文水,N,N
269,152,西南科技大学,能别挂我Java/概率论/计基吗,2,210,-,+2(27),-,-,+1(163),-16,-,-,-,-,-,-,-,33%,Honorable,刘炅珺,何明成,游克峰,杨春明,N,N
270,,澳门大学,Brain Byte Blasters,2,232,-,+1(27),-,-,-6,-1,-,-,-,-,+2(185),-,-,33%,Honorable,陳泉睿,梁梓圖,钟晓健,王也,N,N
271,,天津大学,CLAY,2,257,-,+3(43),-,-,+4(114),-13,-,-,-,-,-,-,-,71%,Honorable,吕一然,祝沙,温梓昕,赵满坤,N,N
272,,齐鲁工业大学,神里绫华的忠实粉丝,2,272,-,+1(23),-,-,-3,+3(209),-,-,-,-,-,-,-,50%,Honorable,王励翔,陆涵宁,刘起铭,鹿文鹏,N,N
273,,南京航空航天大学,逆风之旅,2,326,-,+1(31),-,-,+3(255),-1,-,-,-,-,-,-,-,50%,Honorable,沈运之,张炜钿,金朔平,邹春然,N,N
274,,南京航空航天大学,水冷头不撕膜,2,358,-,+4(97),-,-,+3(161),-1,-,-,-,-,-1,-,-,71%,Honorable,王锴,谢骏鑫,施文韬,邹春然,N,N
275,153,南昌大学,Book思议,2,386,-,+4(204),-,-1,+1(122),-4,-,-,-,-,-5,-,-,60%,Honorable,赵赟,吴佳炜,李书羽,于海雯,N,N
276,154,齐齐哈尔大学,欢迎报考齐齐哈尔大学,1,14,-,+1(14),-,-,-7,-,-,-,-,-,-6,-,-,0%,Honorable,邹建楠,胡永顺,卢宇亮,王硕,N,N
277,,哈尔滨理工大学,哈理工06队SH,1,18,-,+1(18),-,-,-7,-1,-,-,-,-,-,-,-,0%,Honorable,黄忆杭,林如愿,冉渝旭,叶飞,N,N
278,155,武汉纺织大学,阿基米德螺旋,1,33,-,+1(33),-,-,-5,-,-,-,-,-,-5,-,-,0%,Honorable,蒋沈浩,胡劲睿,苏宇曦,张自力,N,N
279,156,江苏理工学院,正在加载中...,1,74,-1,+1(74),-1,-1,-6,-2,-,-,-,-,-,-,-,0%,Honorable,齐智暄,孙家伟,成嘉艺,朱明放,N,N
280,,香港浸会大学,浸会观光团,0,0,-,-7,-,-,-,-,-,-,-,-,-,-,-,0%,Honorable,李卓聰,Abhinav Hang Rai,沈子栋,黄欣,N,N
