Rank,Organization Rank,Organization,Team,Solved,Penalty,A,B,C,D,E,F,G,H,I,J,K,L,M,Dirt,Medal,Member1,Member2,Member3,Coaches,Unofficial,Girl
1,1,北京大学,一步之遥,10,1145,+2(12),+3(197),+1(182),-,+1(23),+1(18),+2(162),+2(71),+1(255),-6,+1(92),-,+1(33),33%,Gold,钱易,彭博,施开成,罗国杰,N,N
2,2,清华大学,momomorphism,10,1311,+2(125),+2(188),+2(91),+3(296),+1(15),+1(24),+1(142),+1(97),-,-,+1(158),-,+1(75),33%,Gold,闫陈效,曹立,陈实,邬晓钧,N,N
3,3,中山大学,中山大学-游客模式,9,1107,+1(40),+1(186),+3(135),-,+3(24),+1(12),+3(288),+3(87),-1,-,+1(102),-,+1(73),47%,Gold,陈景泰,吴永聪,薛炜鹏,张子臻,N,N
4,,北京大学,抹茶小蛋糕,8,869,+1(133),+1(233),+1(117),-,+3(26),+1(21),-5,+3(105),-6,-,+1(59),-,+2(75),38%,Gold,孙培轩,章弥炫,陈哲章,张勤健,N,N
5,,北京大学,随机匹配,8,881,-3,+1(194),+3(158),-,+1(37),+1(11),+2(245),+1(88),-,-,+1(28),-,+1(60),27%,Gold,柯绎思,柯怿憬,谢梓涵,张勤健,N,N
6,4,哈尔滨工业大学,上海蓬莱法国荷兰西藏京都伦敦俄罗斯奥尔良人形,8,974,+1(224),+1(247),+2(154),-,+2(37),+1(20),-9,+1(49),-,-,+2(133),-,+1(50),27%,Gold,张彭凯,张城玮,丁文涛,赵文博,N,N
7,5,吉林大学,故障吉奇人,8,992,+1(243),+1(186),+1(170),-,+1(29),+1(23),-3,+4(140),-,-,+1(100),-,+1(41),27%,Gold,于之航,陈鹏旭,徐梓博,吕帅,N,N
8,6,香港中文大学,酒心魚蛋派,8,1088,-7,+1(225),+2(136),-,+1(19),+2(43),+2(282),+2(97),-,-,+2(139),-,+1(47),38%,Gold,謝昶豪,黃進,盧沂鋒,麦伟豪,N,N
9,,清华大学,进行一个象的抽,8,1116,+1(213),+2(295),+2(90),-,+2(41),+1(16),-,+1(139),-,-,+2(187),-,+1(55),33%,Gold,王锦博,张睿阳,张怀沙,邬晓钧,N,N
10,7,浙江大学,十发罚时,8,1292,-9,+1(150),+3(162),-,+1(30),+1(17),+16(292),+1(109),-,-,+2(120),-,+1(52),69%,Gold,徐锐扬,吴与伦,万弘,王灿,N,N
11,,北京大学,请输入文本,8,1408,-5,+1(218),+7(140),-,+3(33),+2(58),+2(278),+5(181),-,-,+1(142),-,+1(78),63%,Gold,苏泓燃,陆梓炀,刘佳未,罗国杰,N,N
12,,清华大学,青一色,8,1417,-3,+3(283),+6(193),-,+3(28),+1(52),+4(227),+1(88),-,-,+2(148),-,+1(138),61%,Gold,陈紫阳,胡昊,褚轩宇,邬晓钧,N,N
13,,清华大学,惊觉往事历历已经年,8,1458,+1(210),+1(298),+9(225),-,+1(68),+1(36),-3,+3(134),-,-,+3(177),-,+1(70),60%,Gold,郭米乐,苏明阳,李宁远,刘敬晗,N,N
14,8,复旦大学,所以我们队名叫啥,7,734,+1(183),-9,+1(134),-,+2(31),+1(25),-,+1(162),-,-,+3(55),-,+1(84),30%,Gold,曾添琪,李天呈,郑杞珩,孙未未,N,N
15,9,上海交通大学,青蘋之末,7,789,-1,+1(222),+1(170),-,+1(63),+1(23),-6,+1(154),-,-,+1(91),-,+1(66),0%,Gold,谭钧豪,江若泓,朱添翼,俞勇,N,N
16,10,电子科技大学,UESTC_undefined_WiFi,7,834,-12,+1(194),+3(184),-,+1(27),+2(18),-,+1(65),-,-,+1(253),-,+1(33),30%,Gold,陈奕可,汪澄,梁育诚,杨鹏,N,N
17,,复旦大学,倒头就睡,7,837,-7,+2(176),+5(276),-,+2(16),+1(35),-26,+2(86),-,-,+2(32),-,+1(56),53%,Gold,张圣皓,朱翔宇,王瑞藻,孙未未,N,N
18,11,中国人民大学,字节无虞,7,919,+1(91),-,+4(297),-,+1(34),+1(22),-,+1(124),-,-,+2(210),-,+1(61),36%,Gold,陈礼邦,钱泽瑄,刘嘉俊,汪云海,N,N
19,12,西湖大学,world.execute(me);,7,976,-2,+1(272),+1(174),-,+1(36),+1(21),-,+3(178),-,-,+1(198),-,+1(57),22%,Gold,严密,汪阳,俞开,周广成,N,N
20,13,同济大学,于离别之朝束起约定之花,7,1009,-1,+2(281),+1(293),-,+1(29),+1(15),-,+4(165),-,-,+2(55),-,+1(71),41%,Gold,高胜寒,靳嘉成,刘诗奇,叶晨,N,N
21,14,华中科技大学,落叶知秋,7,1029,-,+2(180),+3(133),-,+2(47),+1(26),-,+2(106),-1,-,+3(282),-,+2(95),53%,Gold,麦骏,俞仲遥,臧业乾,何琨,N,N
22,,浙江大学,幻想时刻,7,1043,-,+1(252),+3(210),-,+2(40),+2(38),-,+2(168),-,-,+1(157),-,+1(78),41%,Gold,朱睿哲,柯怀俊,张厚华,王灿,N,N
23,15,东北大学,东北大学_瑞狩展摊一发抽中抱枕望周知,7,1048,-,+2(267),+1(191),-,+2(33),+1(15),-,+4(63),-,-,+1(298),-,+1(81),41%,Gold,谢天石,张佳栋,苏焜,刘小锋,N,N
24,16,暨南大学,真得想个队名了,7,1051,-4,+2(262),+5(255),-,+1(39),+1(21),-,+1(170),-,-,+2(100),-,+1(84),46%,Gold,刘昌源,王宇涛,王星钱,周德华,N,N
25,17,杭州电子科技大学,杭电1队,7,1057,-,+3(195),+4(191),-,+2(25),+2(36),+4(271),+1(64),-,-,-2,-,+1(75),58%,Gold,马文浩,何卓锟,黄光升,刘春英,N,N
26,,中山大学,中山大学-中大25一队,7,1060,-14,+5(234),+3(114),-,+1(15),+1(21),-,+2(134),-,-,+1(152),-,+2(230),53%,Gold,董睿嘉,孔德锐,刘铭仁,张子臻,N,N
27,,北京大学,注意到不难发现,7,1084,+1(91),+2(278),+2(176),-,+1(28),+2(75),-,+4(216),-,-,-2,-,+1(100),46%,Gold,刘洋,聂于涵,罗锐,罗国杰,N,N
28,18,四川大学,超级洋医,7,1139,-1,+2(290),+1(224),-1,+2(19),+2(45),-1,+2(236),-1,-1,+2(91),-1,+1(134),41%,Gold,王鹏超,杨轶涵,熊一鸣,左劼,N,N
29,,清华大学,报名晚了,7,1154,-,+3(284),+7(251),-,+1(28),+1(17),+6(174),+2(56),-1,-,-9,-,+1(64),66%,Gold,董亦骐,钟自厚,崔隽章,金奕江,N,N
30,,华中科技大学,糖果酱,7,1434,-3,+4(237),+4(276),-,+1(30),+1(56),-,+1(256),-,-,+1(253),-,+2(186),50%,Gold,赵亮亮,李嘉明,丁易然,何琨,N,N
31,19,南京大学,我们仍未知道那天所看见的acmer的名字,6,555,+2(60),-3,+2(170),-,+1(13),+1(22),-4,+5(110),-,-,-1,-,+1(60),50%,Gold,张瑞珉,朱羽宽,陈子达,马骏,N,N
32,20,西安交通大学,六兆年零一夜的 ACM,6,568,-,-,+3(94),-,+1(16),+1(26),-,+1(146),-,-,+1(180),-,+1(66),25%,Gold,薛楠恺,黄万平,李子涵,王龙翔,N,N
33,21,中国科学技术大学,中科大少女班代表队,6,578,-20,-,+2(157),-,+1(33),+1(20),-,+2(131),-,-,+2(117),-,+1(60),33%,Gold,邵晓玮,冯正桦,李俊辰,卢建良,N,N
34,22,东北大学秦皇岛分校,三日凌空,6,617,-,-,+1(179),-,+2(64),+1(25),-,+1(102),-,-,+1(135),-,+1(92),14%,Gold,肖轲闻,冯阳阳,刘峻畅,王和兴,N,N
35,23,福州大学,惡·即·斬,6,670,-,-,+3(240),-,+2(42),+1(40),-,+1(133),-,-,+1(73),-,+1(82),33%,Gold,陈宇,陈建涛,程棋晖,傅仰耿,N,N
36,24,山东大学,电话微波炉（暂定）,6,696,-,-1,+2(251),-,+1(37),+1(24),-,+2(141),-,-,+2(98),-,+1(85),33%,Gold,詹靖杰,宿子腾,董家豪,崔学峰,N,N
37,25,大连理工大学,关注带工喵，关注带工谢谢喵 (≧^.^≦),6,752,-,-,+1(282),-,+1(47),+1(18),-,+1(134),-,-,+1(211),-,+1(60),0%,Gold,徐昊天,毛谦韵,李泽与,陆坤,N,N
38,26,温州大学,温大一队,6,763,-,-,+2(203),-,+1(53),+1(32),-,+1(79),-,-,+1(274),-,+1(102),14%,Gold,陈宇锋,何卓睿,莫皓翔,胡明晓,N,N
39,27,华东师范大学,Let Cloud Root,6,777,-,-1,+2(240),-,+1(84),+1(34),-,+1(228),-,-,+2(40),-,+1(111),25%,Gold,谢书骁,冯中信,陈涵,肖春芸,N,N
40,28,南京信息工程大学,能不能别干什么都带着你那破棉花小人了,6,778,-,-,+4(203),-,+1(30),+1(37),-,+2(130),-,-,+1(233),-,+1(65),40%,Gold,刘一鸣,龚敏,崔嘉豪,郑关胜,N,N
41,29,湖南大学,112358,6,778,-1,-1,+2(73),-,+3(43),+1(53),-,+1(254),-,-,+1(168),-,+2(107),40%,Gold,朱名扬,吕乐,张世东,吴昊,N,N
42,30,武汉理工大学,树下猫猫虫,6,802,-,-,+6(250),-,+1(57),+1(32),-,+1(158),-,-,+1(109),-,+2(76),50%,Gold,朱振傲,段宇坤,朱选文,赵冬冬,N,N
43,,武汉理工大学,不再曼波,6,803,-,-,+5(265),-,+1(29),+1(24),-,+1(154),-,-,+2(167),-,+1(64),45%,Gold,周泽鹏,孙晨奥,邢家童,石兵,N,N
44,31,东南大学,三英荟寝室,6,817,-,-7,+2(206),-,+4(58),+1(26),-,+3(200),-,-,+1(143),-,+1(64),50%,Gold,靳赫涛,杜鑫研,毛周祥,倪庆剑,N,N
45,32,济南大学,花开之夜,6,831,-,-,+2(187),-,+1(38),+2(23),-2,+2(88),-,-,+3(292),-,+1(103),45%,Gold,肖远志,丁浩宇,程明达,蒋彦,N,N
46,,哈尔滨工业大学,北风与秋水,6,835,-,-1,+3(238),-,+2(38),+1(24),-,+3(218),-,-,+2(123),-,+1(74),50%,Silver,王羽婷,朱峰,谢书泱,赵文博,N,N
47,33,北京航空航天大学,我咬死你,6,871,-,-1,+4(207),-,+2(44),+1(34),-,+3(138),-,-,+3(247),-,+1(41),57%,Silver,孙健钧,黄伟宁,李澎瑞,宋友,N,N
48,,电子科技大学,UESTC_等下掉线一会,6,875,-,-1,+5(160),-,+2(35),+1(18),-,+2(267),-,-,+1(188),-,+1(87),50%,Silver,赵锐枫,王东威,蔡锦哲,汪小平,N,N
49,,西安交通大学,麒麟王,6,888,-,-1,+5(239),-,+4(55),+1(36),-,+1(126),-,-,+2(220),-,+1(52),57%,Silver,姜宇骋,王君睿,林子涵,王龙翔,N,N
50,,浙江大学,乘着西风出发咯,6,895,-,+2(277),+4(227),-,+3(52),+1(30),-2,+2(106),-,-,-2,-,+1(63),53%,Silver,严子轩,张湫阳,侯之远,王灿,N,N
51,34,西北工业大学,D.D.D.,6,900,-,-,+2(130),-,+2(60),+3(68),-,+1(253),-,-,+1(238),-,+1(71),40%,Silver,吴语,严诚治,武守恒,刘君瑞,N,N
52,,华中科技大学,过去软糯的我已经死了,6,908,-,-1,+3(229),-,+1(39),+2(31),-,+3(126),-,-,+2(254),-,+1(109),50%,Silver,严原一,盖政华,赖明恺,何琨,N,N
53,,西安交通大学,过往的画面全都是我不队,6,912,-,-,+5(271),-,+2(41),+1(17),-,+5(191),-,-,+2(112),-,+2(60),64%,Silver,石皓文,王博想,邱宇成,王龙翔,N,N
54,,电子科技大学,UESTC_雪色光晕,6,914,-,-,+2(273),-,+1(45),+1(31),-,+2(248),-,-,+2(178),-,+1(79),33%,Silver,吕书武,陈治臻,李毅远,杨鹏,N,N
55,35,北京交通大学,绮罗星距离,6,950,-,-1,+3(260),-,+1(34),+1(16),-,+5(179),-,-,+1(285),-,+1(56),50%,Silver,陈可致,杨展宇,李沛桐,黄华,N,N
56,36,中国计量大学,兄弟，我还想拿牌,6,959,-,-1,+4(239),-,+1(39),+1(34),-,+3(157),-,-,+1(258),-,+1(132),45%,Silver,曹炳涛,吴仁钘,何劭弘,陈晓竹,N,N
57,,浙江大学,北极星,6,991,-3,+7(280),+3(190),-,+3(39),+2(29),-,+3(133),-,-,-,-,+1(60),68%,Silver,王羽立,余承恩,尤佳骏,王灿,N,N
58,37,浙江师范大学,姜还是老的辣知道不,6,1019,-,-,+4(268),-,+1(56),+2(33),-,+1(179),-,-,+3(250),-,+1(113),50%,Silver,童培峻,刘思源,许凯胤,蒋云良,N,N
59,38,河海大学,罚时之羽如深渊相伴 血色acm人生！,6,1033,-1,-,+4(98),-,+2(38),+1(57),-1,+1(169),-,-,+4(282),-,+1(249),53%,Silver,林桁,周厚望,吕广信,张雪洁,N,N
60,39,南开大学,数智省身_比起xcpc我更喜欢拿铁,6,1042,-,-,+2(266),-,+4(97),+2(24),-,+2(151),-,-,+3(236),-,+1(108),57%,Silver,郭军凯,刘沛鑫,廖望,李忠伟,N,N
61,40,中国传媒大学,再演,6,1061,-,-,+5(142),-,+3(58),+1(41),-,+2(196),-,-,+1(223),-,+1(261),53%,Silver,陈旻庚,朱霁,叶阳,杨丽芳,N,N
62,,福州大学,我喜欢你,6,1062,-,-1,+6(279),-,+2(35),+1(40),-,+4(220),-,-,+2(161),-,+1(127),62%,Silver,叶志杰,王志浩,邱镇海,傅仰耿,N,N
63,41,南京理工大学,你怎么知道我在四级考试得了433分,6,1075,-,-,+7(205),-,+2(42),+1(39),-,+3(265),-,-,+1(276),-,+1(68),60%,Silver,刘懿臻,彭锐政,陈静波,余立功,N,N
64,,中国科学技术大学,故事的下一页,6,1173,-,-,+11(291),-,+3(55),+3(50),-,+2(255),-,-,+3(123),-,+1(59),73%,Silver,汪晨曦,殷跃然,常铭,卢建良,N,N
65,42,广东工业大学,加睡,6,1268,-2,-1,+9(269),-,+1(53),+2(65),-,+2(121),-,-,+5(272),-,+1(208),70%,Silver,梁若飞,梁伟,倪润东,孙宣东,N,N
66,43,哈尔滨工业大学（威海）,昨日圆车,6,1367,-,-,+4(293),-,+5(107),+1(22),-,+11(280),-,-,+3(172),-,+1(113),76%,Silver,李欣鹏,焦浩清,廖航,董开坤,N,N
67,44,集美大学,童话乡,5,473,-,-,-1,-,+1(47),+1(36),-,+1(201),-,-,+1(107),-,+1(82),0%,Silver,洪韩毅,陈华弘,廖杰如,张庆,N,N
68,45,哈尔滨工业大学（深圳）,会赢吗？,5,545,-,-,-4,-,+1(55),+1(32),-,+2(238),-,-,+1(102),-,+1(98),16%,Silver,秦绍竣,任德阳,王一鸣,唐琳琳,N,N
69,,南开大学,数智省身_难开题开题难,5,552,-,-5,+1(188),-,+1(56),+2(48),-,+2(131),-,-,-2,-,+1(89),28%,Silver,陈彦兴,何闻硕,张宇墨,刘晓光,N,N
70,46,武汉科技大学,RELX悦刻幻影Mini,5,559,-,-,-1,-,+1(18),+1(29),-,+2(147),-,-,+2(254),-,+1(71),28%,Silver,孙煜恒,肖依如,彭睿,李顺新,N,N
71,,中山大学,中山大学-爱谁打谁打,5,586,-,-,+4(134),-,+1(55),+1(27),-,+1(220),-,-,-5,-,+1(90),37%,Silver,陈鸿睿,卓郅杰,黄淇轩,林瀚,N,N
72,47,香港中文大学（深圳）,正在验证该队是否是真人。,5,594,-,-,+3(260),-,+2(48),+1(24),-,-1,-,-,+1(107),-,+1(95),37%,Silver,孙超逸,张力文,周天,方一向,N,N
73,48,浙江工业大学,ZJUT2,5,639,-,-,+1(279),-,+1(50),+1(25),-,+2(150),-,-,-2,-,+1(115),16%,Silver,周泳良,周睿,闵士轩,韩姗姗,N,N
74,49,江西师范大学,Wrong_answer_on_test_1,5,651,-,-,-7,-,+1(51),+2(63),-,+1(193),-,-,+1(243),-,+1(81),16%,Silver,杨扬骁,刘俊豪,叶潮辉,曾雪强,N,N
75,,北京航空航天大学,你染上四暗刻了,5,656,-,-,+4(155),-,+2(56),+1(27),-,+1(272),-,-,-1,-,+1(66),44%,Silver,邓宇翔,彭瑞璋,张振羽,宋友,N,N
76,50,杭州师范大学,救救GGBond,5,657,-,+7(218),-,-,+3(28),+1(40),-,-8,-,-,+1(86),-,+1(125),61%,Silver,徐鑫懿,王昊琛,王科然,单振宇,N,N
77,51,厦门大学,请输入文本,5,669,-,-,-3,-,+1(37),+1(27),-,+2(266),-,-,+1(233),-,+1(86),16%,Silver,谢舜天,陈浩泽,郑榜韬,林文水,N,N
78,52,中国科学院大学,通关,5,671,-,-,+3(140),-,+1(68),+1(25),-,+1(251),-,-,-3,-,+1(147),28%,Silver,石曜铭,吕安哲,尤俊翔,孙晓明,N,N
79,,中国科学技术大学,六,5,672,-1,-,+4(228),-,+2(59),+2(48),-,+2(161),-,-,-4,-,+2(36),58%,Silver,王歆喆,许傲施,蔡敦行,卢建良,N,N
80,,东南大学,西西弗斯,5,675,-,-,+4(253),-,+1(55),+1(37),-,+1(176),-,-,-,-,+1(94),37%,Silver,刘一鸣,何辰玮,王俊迪,倪庆剑,N,N
81,53,中南大学,你抚琵琶奏琴弦,5,676,-,-,-4,-,+2(48),+1(26),-,+3(200),-,-,+2(241),-,+1(81),44%,Silver,文启智,刘鸣晓,叶楷,陈再良,N,N
82,54,山东大学（威海）,进击的奶龙,5,677,-,-,+3(272),-,+1(20),+1(40),-,-1,-,-,+1(223),-,+1(82),28%,Silver,温泽林,陈汶泽,赵禹权,孔晓明,N,N
83,,中国科学院大学,面无波澜,5,688,-,-1,+3(159),-,+2(107),+1(42),-,+1(187),-,-,-1,-,+1(133),37%,Silver,马宇骏,邱宇峰,蔡钟渔,孙晓明,N,N
84,55,上海大学,树上猫猫头,5,693,-,-,+6(224),-,+2(83),+1(28),-,+2(152),-,-,-1,-,+1(66),58%,Silver,松浩然,潘铧超,房辰燏,沈俊,N,N
85,56,重庆邮电大学,蓝桥杯喵之队,5,703,-,-,+4(109),-,+1(49),+1(33),-,-8,-,-,+3(281),-,+1(131),50%,Silver,李悦,陈楷文,朱易轩,谢竞博,N,N
86,57,西南财经大学,狼狼狼,5,710,-,-,-,-,+2(56),+1(54),-,+1(173),-,-,+3(292),-,+1(75),37%,Silver,吴晗,匡政宇,杨龙皓,陈智,N,N
87,58,天津大学,^v^,5,717,-,-,+1(232),-,+2(55),+3(61),-,-11,-,-,+1(168),-,+1(141),37%,Silver,王嘉晨,张翔智,万文彬,喻梅,N,N
88,59,华南师范大学,残暴的兽蝇,5,731,-,-,+2(239),-,+2(57),+1(26),-,+2(237),-,-,-,-,+1(112),37%,Silver,陈华昊,古嘉诚,陈育瀚,梁军,N,N
89,60,江苏大学,我们需要一个队名,5,734,-,-,+1(156),-,+3(44),+3(43),-,+3(238),-,-,-5,-,+1(133),54%,Silver,张道正,薛志康,任屹涵,潘雨青,N,N
90,,电子科技大学,UESTC_在理工学校想邂逅艺术学妹搞错了什么,5,734,-,-,+4(285),-,+1(71),+1(32),-,+3(180),-,-,-6,-,+1(66),50%,Silver,冉泽宇,许庆山,王振波,汪小平,N,N
91,61,华南理工大学,不喝可乐,5,743,-,-,+3(289),-,+1(68),+1(46),-,+2(182),-,-,-,-,+1(98),37%,Silver,李霖峰,崔东旭,胡轩瑞,冼楚华,N,N
92,,山东大学,圆一定要是圆形的,5,746,-,-,+3(268),-,+1(46),+1(38),-,+3(263),-,-,-,-,+1(51),44%,Silver,孙更欣,高士轩,叶世昕,崔学峰,N,N
93,,北京交通大学,幻梦成真,5,747,-,-,+1(291),-,+3(68),+2(36),-,-,-,-,+2(151),-,+1(121),44%,Silver,邬健翔,王欣洋,方瑞年,许华婷,N,N
94,,上海交通大学,蛹,5,748,-,-,+6(269),-,+3(58),+1(54),-,+1(152),-,-,-7,-,+1(75),58%,Silver,徐君翊,蒋宇涵,张铭轩,俞勇,N,N
95,,四川大学,打ACM从没开心过,5,750,-,-,-7,-,+1(65),+1(25),-,+3(251),-,-,+2(222),-,+1(127),37%,Silver,钟诚,刘泽勋,许圳达,左劼,N,N
96,,广东工业大学,打灰猫猫虫,5,761,-,-,+1(293),-,+1(24),+1(109),-,+1(206),-,-,-4,-,+1(129),0%,Silver,徐非池,林琮皓,张炜,孙宣东,N,N
97,62,宁波大学,泥巴动物园,5,763,-,-,-4,-,+2(65),+6(61),-,+4(239),-,-,+1(133),-,+1(85),64%,Silver,吴镇桥,沈天佑,胡健山,陈叶芳,N,N
98,63,南昌航空大学,那一天的算法，算法起来,5,792,-,-,-,-,+1(69),+1(44),-,+4(276),-,-,+1(216),-,+1(127),37%,Silver,林培豪,张进超,黄心磊,陈英,N,N
99,,中山大学,中山大学-512526,5,792,-,-,-1,-,+2(69),+2(33),-,+4(295),-,-,+2(193),-,+1(82),54%,Silver,陈睿泓,何杨炀,毛子弘,林瀚,N,N
100,64,北京邮电大学,金牌厨师,5,794,-,-,-1,-,+1(54),+2(35),-,+4(280),-,-,+2(199),-,+1(126),50%,Silver,乔函祺,李思远,马铂凯,杨亚,N,N
101,,大连理工大学,我将点燃大海,5,795,-,-,+5(106),-,+2(75),+1(58),-,+1(293),-,-,-,-,+1(163),50%,Silver,金晟,蒋佳炀,时佳骏,梁冰,N,N
102,,山东大学,wa自动机,5,806,-,-,+5(170),-,+1(90),+1(86),-,-,-,-,+4(207),-,+1(113),58%,Silver,吴思宁,杨卓,宋佳奇,鹿旭东,N,N
103,65,华中师范大学,兄弟，我来助你,5,816,-,-,+2(295),-,+1(38),+3(87),-,-,-,-,+3(188),-,+1(108),50%,Silver,郑壹腾,张凯文,杨哲灏,叶俊民,N,N
104,,江苏大学,耄耋的icpc之旅,5,828,-,-,+1(267),-,+1(56),+1(36),-,-,-,-,+4(193),-,+3(176),50%,Silver,杨皓煜,杨宇骞,周文杰,潘雨青,N,N
105,66,西安电子科技大学,风起鹰翔,5,843,-,-,-,-,+1(35),+1(22),-,+4(210),-,-,+1(297),-,+1(219),37%,Silver,陈俊睿,洪龙颖,王骏杰,李辉,N,N
106,,香港中文大学（深圳）,禁忌「O(1)の弹幕结界」,5,857,-,-,+4(281),-,+1(37),+1(53),-,+3(289),-,-,-,-,+1(97),50%,Silver,周信言,叶嘉泓,Adam Tejasukmana,方一向,N,N
107,,南京大学,平流层,5,858,-,-,+7(247),-,+1(54),+1(41),-,+8(179),-,-,-7,-,+1(77),72%,Silver,潘谟天,陆华均,陈梓睿,马骏,N,N
108,67,兰州大学,今晚来我床上打三国杀,5,871,-,-,+1(60),-,+2(92),+4(97),-,+4(264),-,-,-1,-,+2(198),61%,Silver,曹家硕,沈天辰,张照博,马俊,N,N
109,,中国科学技术大学,氯化银,5,877,-4,-,+6(279),-,+1(55),+1(27),-,-1,-,-,+3(270),-,+1(106),58%,Silver,尹思源,何书宇,林绍棠,卢建良,N,N
110,68,湘潭大学,无名之辈,5,878,-,-,+3(234),-,+2(91),+2(74),-,+1(273),-,-,-1,-,+1(126),44%,Silver,王兮,谭诚,吴凡雨,谢勇,N,N
111,69,华东理工大学,飞向边界杯,5,880,-,-,+3(253),-,+3(89),+1(33),-,+1(242),-,-,-1,-,+3(143),54%,Silver,傅正航,朱晨煊,胡观复,罗勇军,N,N
112,70,南京农业大学,青山,5,882,-,-,+3(264),-,+1(43),+4(50),-,+4(195),-,-,-,-,+1(170),61%,Silver,顾慎之,戴昕宇,邵筠淇,车建华,N,N
113,71,成都信息工程大学,冷焰,5,896,-,-,+1(249),-,+2(101),+2(41),-,-7,-,-,+2(287),-,+1(158),37%,Silver,陈帅,袁铭远,王浩然,黄健,N,N
114,,杭州电子科技大学,杭电4队,5,932,-,-,+7(298),-,+2(75),+1(51),-,+2(231),-,-,-,-,+1(117),61%,Silver,帅嘉洋,王麒润,刘翔,刘春英,N,N
115,,南京理工大学,流明猫猫头,5,938,-,-,+4(270),-,+1(32),+3(82),-,+4(272),-,-,-,-,+1(122),61%,Silver,谢景帆,黄苏闽,郭思易,余立功,N,N
116,72,上海科技大学,队名++;,5,948,-,-,+8(186),-,+1(45),+2(137),-,-1,-,-,+1(199),-,+2(201),64%,Silver,陈籽安,何宗原,伍行,屠可伟,N,N
117,,河海大学,三重积分,5,962,-,-,+6(256),-,+1(71),+1(54),-,+2(290),-,-,-1,-,+1(171),54%,Silver,杨帆,蔡松廷,江晟东,张雪洁,N,N
118,,中国科学院大学,原神启动队,5,1046,-,-,+9(193),-,+3(40),+2(58),-,+8(296),-,-,-,-,+1(99),78%,Silver,胡格致,唐睿,黄铮舸,李瑞,N,N
119,73,北京化工大学,北极熊,5,1085,-,-,+3(195),-,+1(51),+1(70),-,+6(252),-,-,-,-,+5(297),68%,Silver,彭天祺,陈昊然,熊家怡,刘勇,N,N
120,74,哈尔滨工程大学,备用账号0721,4,303,-,-1,-,-,+1(29),+1(21),-,+2(152),-,-,-2,-,+1(81),20%,Silver,蒋渡,金炜东,李昀轩,国林,N,N
121,75,河南大学,自由发挥,4,311,-,-,-1,-,+1(38),+1(22),-,-1,-,-,+2(176),-,+1(55),20%,Silver,尤铭,李锦辉,魏文博,闫永航,N,N
122,,上海交通大学,华丽收场+,4,316,-,-,+3(160),-,+1(19),+1(38),-,-1,-,-,-4,-,+1(59),33%,Silver,梁航宇,黄烨威,蒋天杭,俞勇,N,N
123,,重庆邮电大学,蓝桥杯汪之队,4,330,-,-,+3(146),-,+1(37),+1(42),-,-1,-,-,-,-,+1(65),33%,Silver,赵俊超,吴志煜,汪涛,雷大江,N,N
124,,华中科技大学,黄叶换秋色,4,377,-,-,-6,-,+1(71),+1(57),-1,+2(198),-,-,-,-,+1(31),20%,Silver,张俊焕,黄子齐,徐烨,何琨,N,N
125,76,西南大学,SWU-Mygo,4,378,-,-,-2,-,+1(39),+1(69),-,-,-,-,+1(105),-,+1(165),0%,Silver,游斯惟,盛明睿,韩清泉,韩先锋,N,N
126,,中国人民大学,三人行,4,393,-,-,+1(143),-,+2(44),+1(65),-,-2,-,-,-,-,+1(121),20%,Silver,孙安江,蔡松洋,马咏翔,汪云海,N,N
127,,北京邮电大学,LAA is ALL,4,414,-,-,-2,-,+1(54),+1(40),-,-2,-,-,+1(205),-,+1(115),0%,Silver,林米乐,安奕轩,安澍,杨亚,N,N
128,77,浙江科技大学,看不懂英文,4,422,-,-,-2,-,+2(54),+1(37),-,-4,-,-,+1(185),-,+1(126),20%,Silver,赵科竣,朱睿哲,杨佳涵,薛林林,N,N
129,,南京大学,呢喃得了mvp,4,426,-,+5(208),-,-,+1(36),+1(23),-,-5,-,-,-1,-,+1(79),50%,Silver,王意诚,卢泰烨,荣恒嬉,马骏,N,N
130,,吉林大学,一发猜对,4,431,-,-,-,-,+1(38),+2(67),-,+3(175),-,-,-,-,+1(91),42%,Silver,拱垲,张健哲,袁英麒,吕帅,N,N
131,,杭州师范大学,夜明和萤火,4,436,-,-,-,-,+1(58),+1(36),-,-,-,-,+1(247),-,+1(95),0%,Silver,黄焰,吴睿萱,尤馨然,虞剑波,N,N
132,,华东师范大学,英文队名逆序对,4,441,-,-,-8,-,+1(26),+1(7),-,+2(277),-,-,-,-,+1(111),20%,Silver,单敏杰,江楠,程籽实,肖春芸,N,N
133,78,西南民族大学,永远都像初次见你那样使我心荡漾,4,444,-,-,+4(219),-,+2(40),+1(46),-,-2,-,-,-,-,+1(59),50%,Silver,王海潮,石珈豪,张伟模,周绪川,N,N
134,,中山大学,中山大学-深度睡眠,4,445,-,-,-4,-,+1(27),+2(72),-,+3(192),-,-,-,-,+1(94),42%,Silver,刘亘煊,许钢帆,黄一凡,万海,N,N
135,79,北京科技大学,队友十年单身换区域赛银牌,4,452,-,-,-4,-,+1(55),+1(35),-,+2(245),-,-,-,-,+1(97),20%,Silver,张顺,彭心雨,国林泉,洪源,N,N
136,80,浙江财经大学,压缩饼干,4,465,-,-,+3(217),-,+2(58),+1(34),-,-,-,-,-,-,+1(96),42%,Bronze,陈君豪,林煜超,王强,陈琰宏,N,N
137,81,香港科技大学（广州）,#define long long long,4,469,-,-,+3(143),-,+2(128),+1(31),-,-,-,-,-,-,+1(107),42%,Bronze,张晋杰,叶秉宪,郑凯文,熊辉,N,N
138,82,南京工业大学,我太想进步了,4,474,-,-,+4(140),-,+1(62),+3(38),-,-,-,-,-3,-,+1(134),55%,Bronze,叶劭伟,钱致宁,汪海涛,刘斌,N,N
139,83,浙江理工大学,幻葬「夜雾幻影杀人鬼」,4,480,-,-,+2(199),-,+3(62),+2(32),-,-3,-,-,-,-,+1(107),50%,Bronze,胡涛,陈足楷,颜林浩,叶海荣,N,N
140,,华南理工大学,请你吃好吃的,4,491,-,-,-4,-,+3(181),+1(20),-,-6,-,-,+1(79),-,+1(171),33%,Bronze,王烁云,徐烨辉,黄仕填,冼楚华,N,N
141,84,深圳大学,待甲为四才弊,4,492,-,-,-5,-,+1(58),+1(64),-,+3(226),-,-,-,-,+1(104),33%,Bronze,张博汉,姜顺元,梅刚浩,罗笑玲,N,N
142,85,湖南师范大学,你想来一碗辣椒炒热干面拌肉吗,4,497,-,-,-4,-,+3(60),+1(53),-,+2(240),-,-,-,-,+1(84),42%,Bronze,高嘉鑫,殷浩文,朱雯娜,瞿绍军,N,N
143,86,广州大学,无条件相信草神,4,498,-,-,+3(260),-,+2(52),+1(36),-,-2,-,-,-,-,+1(90),42%,Bronze,杨逍,王承宇,谢宇峰,丘凯伦,N,N
144,,东北大学秦皇岛分校,Fire Bird,4,499,-,-,-4,-,+1(44),+1(22),-,+2(218),-,-,-,-,+2(175),33%,Bronze,尹瀚磊,段俊宏,邓逸飞,王和兴,N,N
145,87,南通大学,复制黏贴,4,499,-,-,+3(275),-,+1(14),+2(54),-,-,-,-,-,-,+1(96),42%,Bronze,牛小帅,魏炜宸,陈乾,陈翔,N,N
146,88,浙大宁波理工学院,倒头就睡,4,506,-,-,-7,-,+1(52),+1(39),-,+2(238),-,-,-,-,+1(157),20%,Bronze,陈洪逸,张奔晟,钱晨,郭新友,N,N
147,,哈尔滨工业大学（深圳）,溢出,4,514,-,-,-3,-,+3(73),+2(39),-,+2(230),-,-,-,-,+1(92),50%,Bronze,李俊铖,谢明啸,李有维,卢瑶,N,N
148,89,南昌大学,雪月花,4,515,-,-,-1,-,+2(75),+1(45),-,-,-,-,+1(253),-,+1(122),20%,Bronze,何超,满曜嘉,吴帅兵,于海雯,N,N
149,90,大连理工大学盘锦校区,亡命之徒,4,522,-,-,-5,-,+1(79),+1(40),-,+1(263),-,-,-,-,+1(140),0%,Bronze,杨镇熙,曹瀚文,陈嘉佑,焦力宾,N,N
150,,天津大学,玩三角洲玩的,4,524,-,-,-5,-,+1(35),+2(94),-,-,-,-,+2(241),-,+1(114),33%,Bronze,黄文聪,山武弘,王煜杰,赵满坤,N,N
151,,湖南师范大学,你想来一碗辣椒炒肉拌热干面吗,4,525,-,-,+2(246),-,+2(52),+1(62),-,-2,-,-,-1,-,+1(125),33%,Bronze,陶子杨,董爵硕,陈碧晖,罗迅,N,N
152,91,武汉纺织大学,2007,4,535,-,-,+3(259),-,+3(36),+1(30),-,-4,-,-,-,-,+2(110),55%,Bronze,费文伟,孔浩杰,刘洋,张自力,N,N
153,,中南大学,少猪哭泣乐队,4,538,-,-,+4(253),-,+1(56),+1(33),-,-4,-,-,-,-,+1(136),42%,Bronze,吴让尧,裴心童,吴俊杰,张健,N,N
154,92,上海财经大学,我们 AK ICPC,4,538,-,-,-,-,+1(53),+1(55),-,+4(295),-,-,-,-,+1(75),42%,Bronze,史靖玮,陶晟昱,禚安垣,郭子超,N,N
155,93,中国民航大学,星星之火,4,544,-,-,+2(272),-,+2(53),+1(71),-,-7,-,-,-,-,+1(108),33%,Bronze,梁永琰,王璟鸿,孙皓,张智,N,N
156,94,新疆大学,队长说拿到银牌就回老家结婚,4,555,-,-,-1,-,+3(88),+1(28),-,+2(227),-,-,-,-,+1(152),42%,Bronze,张立,邱桐,陶文喆,田生伟,N,N
157,95,澳门大学,銀霜流萤,4,556,-,-,-2,-,+3(55),+1(34),-,+7(222),-,-,-,-,+1(85),66%,Bronze,席跃,高淼悦,张容嘉,林泽瀚,N,N
158,96,重庆大学,嘉陵江有色金属货轮,4,559,-,-,+3(263),-,+1(63),+2(51),-,-,-,-,-3,-,+1(122),42%,Bronze,李欣悦,鲁永卓,陈泆君,李佳,N,N
159,,同济大学,过了样例就算队,4,562,-,-,-2,-,+1(53),+3(117),-,-3,-,-,+2(221),-,+1(111),42%,Bronze,郑梓健,邓双南,张丞玮,叶晨,N,N
160,97,香港理工大学,不见空,4,563,-,-,-10,-,+3(53),+1(42),-,-1,-,-,+3(292),-,+1(96),50%,Bronze,孙涵松,张浩越,闵泽宇,李博,N,N
161,98,天津工业大学,良田满穗,4,565,-,-,-5,-,+3(80),+1(24),-,-,-,-,+1(244),-,+1(177),33%,Bronze,侯仁正,应嘉宇,李翊萌,任淑霞,N,N
162,99,浙江工商大学,珂朵莉,4,571,-,-,+6(234),-,+2(45),+2(24),-,-5,-,-,-,-,+1(128),63%,Bronze,林仁豪,郑铁峥,陈孝乐,胡毓励,N,N
163,,湘潭大学,赢赢赢,4,574,-,-,-,-,+2(54),+1(60),-,+2(273),-,-,-,-,+1(147),33%,Bronze,陈波,宋仕凯,颜伟斌,谢勇,N,N
164,100,长安大学,斑斓色彩,4,576,-2,-,-2,-,+1(44),+1(29),-,+4(277),-,-,-,-,+1(166),42%,Bronze,胡艺瀚,钱麦曲,周乐恒,荆树旭,N,N
165,101,南京师范大学,没钱报名了怎么办,4,578,-,-,+7(217),-,+2(58),+1(30),-,-,-,-,-,-,+2(113),66%,Bronze,周译顺,陆昊宇,徐杰克,王琼,N,N
166,102,国防科技大学,巴别塔,4,579,-6,-,+5(248),-,+4(90),+1(24),-,-2,-,-,-,-,+1(77),63%,Bronze,焦天歌,何嘉良,董坤鹏,张元良,N,N
167,103,南京邮电大学,汀岸垂柳，神清骨秀，澄心静气，蓄势而击 XCPC | 报销 （崭新出厂）,4,580,-,-,-5,-,+2(86),+2(59),-,+4(152),-,-,-,-,+1(183),55%,Bronze,王瑞阳,廖梓轩,陈华柯焱,陈志,N,N
168,,哈尔滨工业大学（威海）,神秘客,4,581,-,-,-8,-,+2(65),+1(73),-,+4(195),-,-,-,-,+1(168),50%,Bronze,顾伟宸,李泳明,易子杰,董开坤,N,N
169,,香港中文大学,愛心魚蛋派,4,591,-,-,-5,-,+2(51),+1(31),-,+6(180),-,-,-,-,+1(209),60%,Bronze,龍瑞希,周禮言,Thanapon Maiseaumsook,麦伟豪,N,N
170,,哈尔滨工程大学,西呀修阿噗咯派,4,593,-,-,-5,-,+2(67),+1(42),-,+2(188),-,-,-,-,+3(216),50%,Bronze,赵文定,冯望,杨一鸣,国林,N,N
171,,山东大学,我不曾忘记,4,596,-,-,+3(163),-,+4(52),+2(66),-,-1,-,-,-,-,+1(195),60%,Bronze,燕学烨,孙语聪,杨师玉,鹿旭东,N,N
172,,上海大学,i64,4,596,-,-,-2,-,+2(100),+1(40),-,+3(236),-,-,-1,-,+1(160),42%,Bronze,陈勇,邱吉睿,韦杰恒,沈俊,N,N
173,104,上海电力大学,沉入奈落之底,4,606,-,-,-2,-,+2(73),+3(61),-,+2(276),-,-,-1,-,+1(116),50%,Bronze,朱凯年,胡凌,王鼎皓,李博,N,N
174,105,河南师范大学,起个简单点的吧,4,607,-,-,+6(189),-,+2(90),+1(44),-,-8,-,-,-,-,+1(164),60%,Bronze,荆文超,许恩铎,骆怡娉,李文凤,N,N
175,106,湖南工业大学,武汉之梦,4,607,-,-,-2,-,+2(84),+1(92),-,-,-,-,+1(187),-,+1(224),20%,Bronze,肖明阳,肖凝果,胡家兴,曹步清,N,N
176,,华南师范大学,风依旧在,4,611,-,-,-2,-,+1(79),+2(57),-,+2(255),-,-,-,-,+2(160),42%,Bronze,李嘉鼎,林楷楠,严雍泽,梁军,N,N
177,107,上海纽约大学,原神,4,615,-,-,+5(191),-,+2(47),+2(84),-,-1,-,-,-,-,+1(173),60%,Bronze,Martin Khachatryan,Artemii Mavlitov,Pavel Nikolaitchev,顾贤斌,N,N
178,,华南理工大学,喵喵队立大功,4,617,-,-,-2,-,+1(41),+2(94),-,-,-,-,+2(192),-,+1(250),33%,Bronze,陈照睿,姚嘉晟,陈浩宇,冼楚华,N,N
179,108,上海师范大学,AI可以取代程序员但无法取代家里蹲,4,619,-,-,+4(282),-,+2(59),+1(55),-,-,-,-,-,-,+1(143),50%,Bronze,危祎,王刚,王祎慜,郭庆林,N,N
180,109,成都理工大学,我嘞个豆豆啊,4,621,-,-,-1,-,+2(88),+1(64),-,-,-,-,+1(239),-,+1(210),20%,Bronze,张晨瑀,向坪君,陈家宝,李军,N,N
181,110,广西大学,奇迹与你,4,624,-,-,-,-,+1(40),+1(47),-,-,-,-,+8(239),-,+1(158),63%,Bronze,曾佳宁,杨明辉,李周详,詹锋,N,N
182,,浙江师范大学,ACM（★）| 花开富贵（崭新出厂）,4,624,-,-,+3(143),-,+1(98),+3(57),-,-,-,-,-,-,+1(246),50%,Bronze,李燕斌,张之娴,吴昂泽,陈敏,N,N
183,,河南大学,雨,4,625,-,-,+5(292),-,+1(74),+1(57),-,-,-,-,-,-,+1(122),50%,Bronze,朱德良,陈俊峰,刘永斌,王建林,N,N
184,111,西安邮电大学,琪露诺带喵喵藜再飞一次,4,626,-,-,+4(264),-,+1(119),+1(51),-,-4,-,-,-1,-,+1(132),42%,Bronze,毋至晨,薛昊坤,周剑鑫,周元哲,N,N
185,112,华北电力大学（保定）,红绿色奶黄,4,633,-,-,+4(120),-,+1(77),+1(214),-,-,-,-,-,-,+1(162),42%,Bronze,刘强,黄佳乐,王宇灿,崔宝京,N,N
186,,西北工业大学,阿比斯深渊,4,635,-,-,-3,-,+4(81),+1(29),-,-1,-,-,+3(222),-,+1(203),55%,Bronze,黄知远,欧阳家杰,吕昊临,刘君瑞,N,N
187,113,华中农业大学,闪光袋鼠哥哥,4,639,-,-,-,-,+1(93),+2(130),-,+1(253),-,-,-,-,+2(123),33%,Bronze,雷博琦,艾子鸣,胡泽宇,李嘉位,N,N
188,,哈尔滨工业大学,CQOI Flames,4,644,-,-,-4,-,+3(79),+8(94),-,+3(145),-,-,-4,-,+1(106),73%,Bronze,杜沛键,方智鉴,雷钧森,赵文博,N,N
189,114,东华大学,不可视境界线,4,647,-,-,-3,-,+1(68),+2(73),-,+3(236),-,-,-,-,+1(210),42%,Bronze,杨韵清,沈兴波,金浩帆,黄永锋,N,N
190,115,中国矿业大学,抽奖,4,651,-,-,+5(276),-,+2(44),+1(39),-,-,-,-,-2,-,+1(192),55%,Bronze,龚子贤,黄科海,梁浩均,毕方明,N,N
191,116,山东师范大学,爆零就去玩原神,4,651,-,-,+2(298),-,+2(75),+1(52),-,-,-,-,-,-,+1(186),33%,Bronze,李佳恒,吕俊东,孙智毅,李圣涛,N,N
192,,中南大学,对吗?对的:哦不对;,4,656,-,-,+7(297),-,+1(35),+1(64),-,-2,-,-,-,-,+2(120),63%,Bronze,龚垚淼,李奕儒,许宸哲,冯启龙,N,N
193,117,中国农业大学,CAU_CiAllo University,4,658,-1,-1,+4(259),-1,+2(110),+2(51),-1,-1,-1,-1,-1,-1,+1(138),55%,Bronze,杨维昊,王曦田,桑浩翔,马钦,N,N
194,118,香港城市大学（东莞）,在cityu-dg要港补冬袜,4,661,-,-,+5(291),-,+2(58),+2(41),-,-,-,-,-,-,+1(151),60%,Bronze,唐朝,李浩罡,郭刘翰文,张祎凡,N,N
195,,华东理工大学,华理算法皇帝霸气侧漏毁天灭地,4,670,-1,-,+7(281),-,+1(55),+1(54),-,-8,-,-,-,-,+1(160),60%,Bronze,丁文翰,曾子航,景梓云,罗勇军,N,N
196,,重庆邮电大学,流离之人追逐幻影,4,677,-,-,-4,-,+3(58),+1(23),-,-3,-,-,+4(277),-,+1(219),55%,Bronze,欧阳馨,任明乾,孙艺恒,郑申海,N,N
197,,华中师范大学,射杀太阳,4,685,-,-,+6(265),-,+3(94),+2(47),-,-,-,-,-,-,+1(119),66%,Bronze,李坤霖,史家业,陈晓鸣,叶俊民,N,N
198,119,河北工业大学,正联退,4,685,-,-,-7,-,+3(69),+3(59),-,-,-,-,+2(283),-,+1(174),55%,Bronze,刘弈廷,李瀚文,黄思惟,石陆魁,N,N
199,,浙江工业大学,彗星猫猫,4,690,-,-,-,-,+5(101),+1(52),-,-9,-,-,+3(238),-,+2(159),63%,Bronze,蔡柏航,雷昊喆,王池康,侯向辉,N,N
200,,湘潭大学,机魂大悦,4,690,-,-,+8(247),-,+1(63),+2(72),-4,-2,-,-,-,-,+1(148),66%,Bronze,刘璟轩,郑智彬,范文涵,谢勇,N,N
201,,杭州电子科技大学,杭电9队,4,691,-,-,+3(258),-,+4(148),+2(32),-,-2,-,-,-,-,+1(133),60%,Bronze,黄泽彬,吴宝欣,金品曦,刘春英,N,N
202,,中国人民大学,人咪小学,4,699,-,-,-6,-,+5(93),+1(39),-,+7(240),-,-,-,-,+1(127),71%,Bronze,李昊森,熊洋铭,童奕涵,孙辉,N,N
203,120,上海理工大学,爆一发只是在测数据强度,4,701,-1,-1,+3(218),-1,+2(108),+2(46),-1,-3,-1,-1,-1,-1,+1(249),50%,Bronze,胡术淇,周正杰,李健,周春樵,N,N
204,121,武汉轻工大学,acmer学长不会遇见oi学弟,4,702,-,-,+8(254),-1,+1(39),+1(84),-,-,-,-1,-,-,+1(185),63%,Bronze,肖子龙,余伟琦,刘俊泽,李皞,N,N
205,,江西师范大学,梨蛋汤,4,704,-,-,+8(248),-,+2(44),+1(57),-,-,-,-,-,-,+2(175),69%,Bronze,汤海峰,黎朔鸣,何建伟,李萍,N,N
206,122,浙江万里学院,海伯利安,4,708,-,-,+7(288),-,+1(16),+1(56),-,-1,-,-,-,-,+1(228),60%,Bronze,奚舒雯,马康博,陈子墨,柴本成,N,N
207,,上海大学,全做不队,4,715,-,-,-,-,+2(64),+3(92),-,-1,-,-,+1(294),-,+1(205),42%,Bronze,郭懿涵,陈亦善,赵文宇,沈俊,N,N
208,123,西安科技大学,来财,4,736,-,-,-,-,+4(70),+1(100),-,+1(197),-,-,-2,-,+3(269),55%,Bronze,李姜帅,罗元,袁伯琦,史晓楠,N,N
209,,武汉纺织大学,我的青春AC果然物语,4,740,-,-,+5(298),-,+1(61),+2(110),-,-,-,-,-,-,+1(171),55%,Bronze,周黄灏,裘贺宝,王鑫,张自力,N,N
210,,深圳大学,只是参加xcpc就被管家打断了双腿,4,741,-,-,-,-,+2(89),+1(54),-,-5,-1,-,+5(299),-,+1(199),55%,Bronze,曾圳烽,潘宝怡,吕鹏,罗笑玲,N,N
211,,香港城市大学（东莞）,香港城市大学（东莞）,4,745,-,-,+2(263),-,+3(57),+2(61),-,-,-,-,-,-,+5(204),66%,Bronze,袁庚麒,陈志铭,李冉曦,张祎凡,N,N
212,124,武汉工程大学,我想吃掉你的金牌,4,791,-,-,+6(271),-,+1(46),+2(61),-,-1,-,-,-,-,+4(233),69%,Bronze,乔翊展,曾宪理,邓文豪,陈灯,N,N
213,,电子科技大学,UESTC_EndlessEmbrace,4,814,-,-,+6(278),-,+5(128),+1(34),-,-6,-,-,-,-,+1(194),69%,Bronze,余天羽,王鹏,王彬丞,吴磊,N,N
214,125,丽水学院,月相人生,4,819,-,-,-3,-,+2(58),+5(94),-,-,-,-,+9(260),-,+1(147),76%,Bronze,杨楠,孙愉超,江安煜,卢诚波,N,N
215,,东北大学,东北大学_氕氘氚氦氖氩氪氙氡鿫,4,841,-,-,+4(288),-,+4(190),+2(70),-,-1,-,-,-,-,+1(153),63%,Bronze,吴皓天,李天宇,施禛祾,刘小锋,N,N
216,126,宁波财经学院,你不能拿我们和那些强队比,4,841,-,-,-,-,+1(29),+1(42),-,+16(298),-,-,-,-,+4(112),81%,Bronze,张泽洋,王泽宇,李辉鸿,蔡尚真,N,N
217,,中国传媒大学,嗷呜呜呜,4,850,-,-,+6(288),-,+3(120),+1(113),-,-,-,-,-,-,+1(189),63%,Bronze,李鑫贺,吕梓扬,常行健,黄玮,N,N
218,127,西北大学,赢！,4,993,-,-,+8(265),-,+6(140),+2(211),-,-,-,-,-,-,+1(117),76%,Bronze,朱珈成,梁家瑞,罗穰杰,邢雅琼,N,N
219,128,安徽师范大学,天码行空,4,1084,-,-,+3(177),-,+4(93),+1(55),-,+19(299),-,-,-,-,-3,85%,Bronze,张春龙,吕金霖,梁峻铭,赵诚,N,N
220,129,National University of Mongolia,NUM-B2D,4,1129,-,-,+15(297),-,+4(97),+1(106),-,-,-,-,-,-,+1(289),80%,Bronze,Bazarragchaa Orgilon,buyndorj bayrtai,Dalaitseren Boldbaatar,Bagabold Gendensuren,N,N
221,,香港科技大学（广州）,过了样例就能队,4,1132,-,-,+6(187),-,+4(207),+3(252),-,-,-,-,-,-,+1(286),71%,Bronze,黄方哲,廖家民,郑杨一轩,熊辉,N,N
222,130,长春理工大学,是长理不是厂里,3,166,-,-,-7,-,+1(46),+1(28),-,-3,-,-,-,-,+1(92),0%,Bronze,罗卫泽,徐瑞奇,骆柏荣,王睿,N,N
223,,四川大学,OG-C,3,170,-,-,-4,-,+1(24),+1(34),-,-,-,-,-4,-,+1(112),0%,Bronze,吴卓琦,黄奕浩,江来,左劼,N,N
224,,浙江理工大学,兄弟，你怎么还没过,3,171,-,-,-1,-,+2(43),+1(35),-,-2,-,-,-,-,+1(73),25%,Bronze,贺宇昊,余江辉,江子豪,叶海荣,N,N
225,,宁波大学,骨钉斩奎隆,3,183,-,-,-4,-,+1(37),+1(53),-,-,-,-,-,-,+1(93),0%,Bronze,金施成,刘洁,赵晨翔,陈叶芳,N,N
226,,武汉理工大学,爱抖露码死他,3,202,-,-,-,-,+2(31),+1(48),-,-1,-,-,-2,-,+1(103),25%,Bronze,李晨,俞烨宸,李意峰,陶曙光,N,N
227,,厦门大学,握草，绝密icpc保险出金了,3,206,-,-,-2,-,+1(51),+1(41),-,-,-,-,-,-,+1(114),0%,Bronze,彭泽喜,王业盛,吴俊豪,蔡炳跃,N,N
228,,深圳大学,古故菇,3,211,-,-,-5,-,+1(56),+1(39),-,-3,-,-,-2,-,+1(116),0%,Bronze,李子炫,林文伟,李晗,孙玉玺,N,N
229,,天津大学,你们好啊，我是铁墓，我要感染评测机了,3,213,-,-,-,-,+1(45),+1(40),-,-2,-,-,-,-,+2(108),25%,Bronze,沈陈林,王琳瑄,秦成信,李雪威,N,N
230,131,浙江农林大学,哦飞机阿瑟东金佛爱撒娇覅,3,215,-,-,-,-,+2(36),+1(58),-,-5,-,-,-,-,+1(101),25%,Bronze,黄志腾,赵亭旭,陈镇锋,童孟军,N,N
231,,华中师范大学,兄弟，兄弟,3,218,-,-,-,-,+1(45),+2(48),-,-,-,-,-,-,+1(105),25%,Bronze,杨波,严展翔,汪祺祺,叶俊民,N,N
232,,兰州大学,樱井路初学,3,221,-,-,-,-,+1(62),+1(35),-,-6,-,-,-5,-,+1(124),0%,Bronze,吕宁,张潇锋,任宇航,马俊,N,N
233,,东北大学,东北大学_实在不行输出随机数吧,3,222,-,-,-,-,+2(38),+1(46),-,-5,-,-,-,-,+1(118),25%,Bronze,董新畅,施博文,王百汇,刘小锋,N,N
234,132,中国地质大学（北京）,O泡果奶要要要,3,231,-,-,-5,-,+1(46),+1(73),-,-,-,-,-,-,+1(112),0%,Bronze,林珈丞,秦郅涵,熊凌玉,张玉清,N,N
235,133,华南农业大学,开O4应该能过吧,3,243,-,-,-5,-,+2(67),+1(29),-,-,-,-,-,-,+1(127),25%,Bronze,阮贵鹏,叶子琦,邹炜泉,陈湘骥,N,N
236,134,广东外语外贸大学,Fe++,3,244,-,-,-,-,+3(64),+1(26),-,-,-,-,-3,-,+1(114),40%,Bronze,罗梓元,甄浩鹏,钟振宇,郑琪,N,N
237,135,绍兴理工学院,讨厌字符串数论构造,3,244,-,-,-5,-,+2(44),+1(23),-,-,-,-,-2,-,+1(157),25%,Bronze,陈佳俊,谢琳涵,马莉斯,张祎江,N,N
238,136,合肥大学,Amusing Cat,3,247,-,-,-1,-,+3(70),+1(36),-,-4,-,-,-,-,+1(101),40%,Bronze,杨仕超,许志航,吕文杰,胡春玲,N,N
239,,西北工业大学,注意力不太好,3,248,-,-,-,-,+1(55),+1(38),-,-5,-,-,-,-,+1(155),0%,Bronze,罗隆华,刘锦奇,王钎屹,刘君瑞,N,N
240,,北京邮电大学,以上队伍通过图灵测试,3,249,-,-,-,-,+2(74),+1(41),-,-1,-,-,-,-,+1(114),25%,Bronze,吴宇锴,施岩焜,李子俊,杨亚,N,N
241,,福州大学,没想法,3,250,-,-,-,-,+1(35),+1(73),-,-7,-,-,-1,-,+1(142),0%,Bronze,傅世杰,何顺康,饶凯辰,傅仰耿,N,N
242,,杭州师范大学,尽欣杰力还是做不到吗,3,254,-,-,-,-,+1(87),+1(40),-,-2,-,-,-,-,+1(127),0%,Bronze,黄子力,龚俊杰,黄欣怡,虞剑波,N,N
243,,华南师范大学,哈基山的曼波打不打瓦,3,254,-,-,-3,-,+1(43),+1(82),-,-,-,-,-,-,+1(129),0%,Bronze,王紫凡,梁琼尹,林昊,梁军,N,N
244,137,郑州大学,你不笑我笑,3,257,-,-,-,-,+2(67),+1(32),-,-1,-,-,-,-,+1(138),25%,Bronze,程申夫,郭易哲,刘开阳,吴云鹏,N,N
245,,西安电子科技大学,GXB，我们喜欢你,3,258,-,-,-4,-,+2(60),+1(27),-,-7,-,-,-,-,+1(151),25%,Bronze,陈奕玮,洪怀博,邓思哲,张淑平,N,N
246,,东北大学秦皇岛分校,你从来没觉得打算法竞赛快乐过,3,261,-,-,-3,-,+1(58),+1(49),-,-1,-,-,-,-,+2(134),25%,Bronze,焦一晟,秦浩越,张景皓,王和兴,N,N
247,138,中央财经大学,Blinding Accepts,3,263,-,-,-6,-,+1(51),+1(74),-,-5,-,-,-,-,+2(118),25%,Bronze,李思桐,罗嘉洋,徐守正,王焱,N,N
248,,广东工业大学,GDUT_做的都队,3,263,-,-,-5,-,+1(52),+1(79),-,-,-,-,-,-,+1(132),0%,Bronze,彭文昊,齐思贤,石飏,孙宣东,N,N
249,,哈尔滨工业大学（威海）,小伙defineintLL就被管家活活打断腿,3,264,-4,-,-3,-,+1(69),+2(72),-,-4,-,-,-,-,+1(103),25%,Bronze,詹柏川,郭嘉豪,卜家骏,董开坤,N,N
250,,南开大学,数智省身_缺乏灵感的菇,3,267,-,-,-3,-,+2(89),+2(51),-,-2,-,-,-,-,+1(87),40%,Bronze,李佳璞,黄尚扬,张宸笛号,李忠伟,N,N
251,139,成都大学,妹相随～黑白世界的缤纷冒险～,3,268,-,-,-2,-,+3(70),+2(30),-,-9,-,-,-,-,+1(108),50%,Bronze,万名森,冉天祺,赵嘉源,鄢涛,N,N
252,140,黄冈师范学院,好喜欢你怎么办,3,274,-,-,-,-,+1(54),+1(66),-,-1,-,-,-,-,+1(154),0%,Bronze,刘闻科,张舒恒,周康禧,关玉蓉,N,N
253,141,江西财经大学,别开香槟开早了,3,275,-,-,-,-,+3(62),+1(50),-,-,-,-,-4,-,+1(123),40%,Bronze,孙天成,罗文轩,周政,陈爱国,N,N
254,142,北京林业大学,深度烧烤,3,277,-,-,-,-,+1(55),+1(32),-,-4,-,-,-,-,+3(150),40%,Bronze,戴正宇,李振梁,陈嘉轩,徐艳艳,N,N
255,143,北京师范大学,高坂丽奈还没投票,3,280,-,-,-3,-,+1(83),+1(59),-,-,-,-,-,-,+1(138),0%,Bronze,张明杨,徐雁洲,陈博,徐鹏飞,N,N
256,,武汉理工大学,WA出三室一厅,3,287,-,-,-,-,+1(84),+2(67),-,-6,-,-,-,-,+1(116),25%,Bronze,罗韬,倪锋,杨发通,郭小兵,N,N
257,,浙江农林大学,计算练习生,3,288,-,-,-,-,+1(91),+1(64),-,-,-,-,-,-,+1(133),0%,Bronze,赵利泺,熊奕炫,徐凯杭,王国英,N,N
258,144,北京信息科技大学,狗全坏大战张抽，你们知道吗,3,290,-,-,-2,-,+3(60),+2(23),-,-,-,-,-4,-,+2(127),57%,Bronze,朱默涵,房承烨,方梓谦,周淑一,N,N
259,145,山东科技大学,渡鸦,3,291,-,-,-,-,+1(93),+1(63),-,-,-,-,+1(135),-,-,0%,Bronze,邢子建,李屹然,宋明翰,吴振寰,N,N
260,146,三峡大学,WA无涯，AC是岸,3,294,-,-,-2,-,+1(78),+3(56),-,-5,-,-,-,-,+1(120),40%,Bronze,吴世恺,冯成宽,吴潇,徐义春,N,N
261,,兰州大学,黄河远上白云间,3,294,-1,-,-4,-,+1(58),+1(87),-,-,-,-,-,-,+1(149),0%,Bronze,邵逸帆,时哲涵,吴平,马俊,N,N
262,147,北京工业大学,啊对对队,3,295,-,-,-,-,+1(81),+1(48),-,-,-,-,-,-,+1(166),0%,Bronze,张乐天,范韶博,贾熠,高红雨,N,N
263,148,苏州大学,RE 手动机,3,306,-,-,-7,-,+1(62),+3(84),-,-3,-,-,-,-,+1(120),40%,Bronze,刘昕宇,陈顾漪,沈杨卓凡,朱晓旭,N,N
264,149,西安工业大学,流光似箭,3,308,-,-,-5,-,+2(36),+1(67),-,-1,-,-,-,-,+1(185),25%,Bronze,邓琦文,肖若航,肖兴隃,赵莉,N,N
265,150,云南大学,我的二个两次元队友,3,309,-,-,-6,-,+1(48),+3(92),-,-,-,-,-,-,+1(129),40%,Bronze,张鑫宇,林知非,马永琦,刘金卓,N,N
266,,湘潭大学,可爱柚子厨,3,309,-,-,-5,-,+1(43),+2(96),-,-,-,-,-,-,+1(150),25%,Bronze,邹瑞,黄文乐,逯锦湘,谢勇,N,N
267,151,湖北工业大学,小丑派对,3,309,-,-,-2,-,+1(61),+3(44),-,-1,-,-,-1,-,+1(164),40%,Bronze,解哲曦,梅子恒,张忆周,徐承志,N,N
268,152,郑州轻工业大学,石中剑,3,310,-,-,-4,-,+1(83),+2(72),-,-2,-,-,-,-,+1(135),25%,Bronze,任展麟,董孟欣,胡胜杰,常化文,N,N
269,,上海理工大学,澄净闪耀,3,311,-,-,-1,-,+1(49),+2(52),-,-,-,-,-,-,+2(170),40%,Bronze,李俊毅,王嘉程,周天昊,周春樵,N,N
270,153,西华大学,宝宝宝宝，晚上好！@思静学姐,3,312,-,-,-,-,+1(64),+3(94),-,-,-,-,-,-,+1(114),40%,Bronze,石浩楠,肖代阳,刘馨阳,陈红红,N,N
271,154,中国矿业大学（北京）,邪恶三角形,3,312,-,-,-,-,+2(52),+1(31),-,-4,-,-,-,-,+1(209),25%,Bronze,梁凯,崔文水,杜若琳,周法国,N,N
272,,重庆大学,次元沸腾,3,313,-,-,-1,-,+3(80),+1(26),-,-6,-,-,-,-,+1(167),40%,Honorable,陈孙一硕,包函睿,韩金东,李佳,N,N
273,155,中国地质大学（武汉）,请输入文本,3,316,-,-,-,-,+1(102),+1(57),-,-,-,-,-,-,+1(157),0%,Honorable,鲍炳辰,王佳豪,刘耀楠,马钊,N,N
274,156,安徽大学,神秘WA学弟,3,316,-,-,-2,-,+1(31),+2(68),-,-,-,-,-,-,+2(177),40%,Honorable,李子涵,高源,吴元斌,周健,N,N
275,157,河南工业大学,夜 向日葵,3,319,-,-,-,-,+1(89),+2(56),-,-,-,-,-,-,+1(154),25%,Honorable,张宏泽,马贺,马家硕,程立,N,N
276,,北京航空航天大学,恭迎大手子,3,323,-,-,-6,-,+4(66),+2(98),-,-2,-,-,-2,-,+1(79),57%,Honorable,周子尧,王迦毅,杨睿彬,宋友,N,N
277,158,湖南城市学院,灰姑娘的故事,3,324,-,-,-,-,+1(39),+1(62),-,+1(223),-,-,-,-,-4,0%,Honorable,王钦荣,张文杰,周忠武,廖枝平,N,N
278,,香港科技大学（广州）,仲夏夜之金梦,3,325,-,-,-3,-,+3(79),+2(47),-,-,-,-,-4,-,+1(139),50%,Honorable,钟嘉宸,王语诺,吴星智,熊辉,N,N
279,,东北大学,东北大学_黄金罗盘,3,325,-,-,-,-,+3(96),+1(36),-,-,-,-,-,-,+1(153),40%,Honorable,黄宇帆,潘炼,罗子涵,刘小锋,N,N
280,,西北工业大学,众神眷恋的幻想乡,3,327,-,-,-,-,+1(54),+1(95),-,-1,-,-,-,-,+1(178),0%,Honorable,邵嘉豪,王彦淞,郭知宇,刘君瑞,N,N
281,,上海大学,黑化肥非黑灰肥黑化肥混黑灰肥发灰肥灰分化会灰飞,3,330,-,-,-2,-,+1(49),+2(106),-,-,-,-,-,-,+1(155),25%,Honorable,王博成,全静颖,黄彦磊,沈俊,N,N
282,,华中科技大学,终帆,3,332,-,-,-4,-,+3(100),+1(64),-1,-5,-,-,-,-,+1(128),40%,Honorable,朱雨程,吴高宇,阮弘毅,何琨,N,N
283,,云南大学,无敌galgame大王,3,332,-,-,-4,-,+1(43),+2(60),-,-,-,-,-,-,+1(209),25%,Honorable,李健阳,王毅豪,张祖翊,刘金卓,N,N
284,,国防科技大学,那么这一时刻又有老铁问了,3,339,-,-,-5,-,+1(133),+2(79),-,-6,-,-,-,-,+1(107),25%,Honorable,曹思源,谢天一,刘杭宇,张元良,N,N
285,159,天津仁爱学院,看样例猜结论,3,346,-,-,-1,-,+1(36),+2(187),-,-,-,-,-,-,+1(103),25%,Honorable,陈博,段立泰,廖志强,冉娟,N,N
286,160,西安理工大学,AC.cpp,3,347,-,-,-5,-,+4(85),+1(30),-,-4,-,-,-,-,+1(172),50%,Honorable,韩明轩,周彦泽,留昊,柳宇,N,N
287,161,齐鲁工业大学,负重越野,3,349,-,-,-6,-,+2(70),+1(39),-,-,-,-,-,-,+4(160),57%,Honorable,吴斌,廉昌业,魏文泽,鹿文鹏,N,N
288,162,南阳理工学院,思考一下就AC,3,349,-,-,-,-,+1(91),+2(60),-,-,-,-,-,-,+1(178),25%,Honorable,刘晧,杨京昊,于超凡,陈可,N,N
289,,武汉科技大学,样例过了就AC,3,351,-,-,-1,-,+1(64),+1(40),-,-,-,-,-,-,+1(247),0%,Honorable,施卓凡,李文卓,荣成,李顺新,N,N
290,163,东北林业大学,其实我更会种树,3,359,-,-,-,-,+1(52),+2(69),-,-,-,-,-,-,+2(198),40%,Honorable,吕亮,王中宇,李轶,陈宇,N,N
291,164,湖北汽车工业学院,打a是好的,3,363,-,-,-4,-,+1(58),+4(92),-,-,-,-,-1,-,+1(153),50%,Honorable,李振超,曾宇恒,陈子杨,谢晋,N,N
292,,山东科技大学,白羊号,3,363,-,-,-,-,+2(95),+1(54),-,-,-,-,-,-,+2(174),40%,Honorable,吴佳璇,冯湛博,杨永智,吴振寰,N,N
293,,郑州大学,猴子打字机,3,365,-,-,-1,-,+1(59),+1(95),-,-,-,-,-,-,+1(211),0%,Honorable,唐博,王朔淇,胡宏波,吴云鹏,N,N
294,,华中农业大学,藏题的时候在干什么？能别笑吗？有点AC数吧,3,372,-,-,-,-,+2(121),+2(54),-,-13,-,-,-,-,+1(157),40%,Honorable,苏森阳,王敬淞,张毅,李嘉位,N,N
295,,郑州轻工业大学,最近公共烙饼,3,373,-,-,-7,-,+1(41),+2(75),-,-,-,-,+2(217),-,-,40%,Honorable,王梓博,曾郭康,吴宇扬,常化文,N,N
296,,武汉理工大学,灵感枯竭,3,377,-,-,-,-,+3(106),+1(52),-,-,-,-,-,-,+1(179),40%,Honorable,詹万炜,苏文康,吴习凡,罗芳,N,N
297,165,合肥工业大学,天天做早操队,3,379,-,-,-6,-,+2(87),+1(115),-,-,-,-,-4,-,+1(157),25%,Honorable,韩昆桦,王腾昊,舒雨飞,曹力,N,N
298,,华南农业大学,其实错完了,3,379,-1,-,-,-,+1(82),+1(38),-,-,-,-,-,-,+4(199),50%,Honorable,钟启航,江煊杰,袁菱,陈湘骥,N,N
299,166,徐州工程学院,奶龙的最后抽抽XZIT01,3,380,-,-,-,-,+1(64),+4(77),-,-1,-,-,-,-,+2(159),57%,Honorable,尹基胜,陈光雨,顾宇耀,鞠训光,N,N
300,,北京林业大学,助力六级听力全队,3,380,-,-,-9,-,+1(66),+2(80),-,-,-,-,-,-,+1(214),25%,Honorable,陈昊然,黄泽升,应旭东,徐艳艳,N,N
301,,上海科技大学,南泵,3,390,-,-,-1,-,+3(105),+1(74),-,-5,-,-,-,-,+1(171),40%,Honorable,马锐泽,钟睿丹,周小攀,屠可伟,N,N
302,167,南京航空航天大学,透明,3,390,-,-,-,-,+1(77),+2(113),-,-,-,-,-2,-,+1(180),25%,Honorable,付孜逸,唐观乾,桑浩然,邹春然,N,N
303,168,北方工业大学,落榜程序员,3,396,-,-,-3,-,+3(89),+1(79),-,-3,-,-,-,-,+3(148),57%,Honorable,王思诚,周易,邵奕涵,李源,N,N
304,169,台州学院,三乌鲁鲁赌铜牌,3,403,-,-,-2,-,+2(87),+2(65),-,-,-,-,-2,-,+1(211),40%,Honorable,韩松霖,陈逸轩,戴于皓,陈荣钦,N,N
305,,东北大学,东北大学_夏日的口袋是三等分TLE的金牌,3,405,-3,-,-,-,+1(44),+4(179),-,-,-,-,-6,-,+1(122),50%,Honorable,李京洲,张绍宸,华俊澄,刘小锋,N,N
306,,北京化工大学,WA时在做什么,3,405,-,-,-,-,+1(51),+2(40),-,-,-,-,-,-,+2(274),40%,Honorable,倪亚伦,常钦保,林梓沛,周晓琳,N,N
307,170,长江大学,一发入魂,3,409,-,-,-2,-,+5(89),+3(50),-,-4,-,-,-1,-,+1(150),66%,Honorable,柯业鑫,郑建斌,陈迪路,崔艳荣,N,N
308,171,河北师范大学,指尖破晓,3,413,-,-,-2,-,+3(117),+2(62),-,-2,-,-,-,-,+1(174),50%,Honorable,曾云昊,贺雪杭,秦晓,王烨,N,N
309,172,阜阳师范大学,爆裂黎明,3,415,-,-,-3,-,+1(44),+2(150),-,-,-,-,-,-,+1(201),25%,Honorable,张鹏程,严航,刘欣怡,范建中,N,N
310,173,山西大学,寂寞的人听着伤心的歌,3,415,-,-,-,-,+2(29),+2(71),-,-,-,-,-13,-,+3(235),57%,Honorable,王盛宇,王嘉硕,于亚玄,曹学飞,N,N
311,,杭州电子科技大学,杭电12队,3,416,-,-,-,-,+1(64),+2(87),-,-,-,-,-2,-,+1(245),25%,Honorable,吴俞寰,林苏阳,潘俊龙,刘春英,N,N
312,,安徽大学,似乎没有能够令人AC的隐藏指令,3,417,-,-,-2,-,+2(53),+1(45),-,-,-,-,-,-,+1(299),25%,Honorable,许子桢,刘圆博,吕建强,周健,N,N
313,,长江大学,破晓,3,418,-,-,-8,-,+2(96),+2(55),-,-,-,-,-,-,+2(207),50%,Honorable,纪方嘉,任文,童炎,雷鸣,N,N
314,,香港理工大学,Ad astra abyssosque,3,418,-,-,-,-,+1(77),+1(55),-,-,-,-,-,-,+1(286),0%,Honorable,付冠赫,徐铭悦,张兆和,王骏峣,N,N
315,,南京邮电大学,穿梭在银河的火箭队,3,430,-,-,-4,-,+2(142),+2(47),-,-,-,-,-,-,+1(201),40%,Honorable,王魁博,王淦禄,马思博,陈志,N,N
316,,济南大学,暴力出奇迹联盟,3,435,-,-,-,-,+1(67),+3(122),-,-,-,-,-,-,+1(206),40%,Honorable,王基懿,丁子祥,孙孟琦,蔺永政,N,N
317,174,四川师范大学,写都写了，交一发吧,3,436,-,-,-3,-,+2(88),+1(107),-,-1,-,-,-,-,+1(221),25%,Honorable,唐宇,武恒,李嘉乐,徐勇,N,N
318,175,中国石油大学（华东）,茉莉雨,3,437,-,-,-9,-,+1(70),+1(88),-,-,-,-,-,-,+1(279),0%,Honorable,俞桐,尹瑞阳,庄坤鹏,张学辉,N,N
319,,中国石油大学（华东）,中石大1969,3,440,-,-,-,-,+1(75),+1(42),-,-,-,-,-,-,+3(283),40%,Honorable,刘志恒,钱智昊,黄阔,张学辉,N,N
320,176,山东理工大学,夜航星,3,451,-,-,-8,-,+3(123),+2(53),-,-,-,-,-,-,+1(215),50%,Honorable,汤星宇,吴文斌,吕宏业,曲志坚,N,N
321,177,长沙理工大学,神马都是浮云,3,452,-,-,-,-,+1(105),+5(97),-,-1,-,-,-,-,+1(170),57%,Honorable,王凯旋,李欢麒,易子寒,邓泽林,N,N
322,,河海大学,我是森林之夜的歌手，蛙王酷宝,3,455,-,-,-3,-,+1(50),+4(131),-,-,-,-,-,-,+1(214),50%,Honorable,赵俊儒,杜珈颖,仵柳飒,张雪洁,N,N
323,,南京航空航天大学,那一天的AC，AC起来,3,460,-,-1,-5,-,+1(44),+4(137),-,-,-,-,-,-1,+1(219),50%,Honorable,王思雨,刘金颜,赵天屹,邹春然,N,N
324,178,湖北大学,HUBU-涉海蜉蝣,3,467,-,-,-1,-,+1(144),+1(97),-,-,-,-,-,-,+1(226),0%,Honorable,朱俊好,冯念杰,万睿晞,孙斌,N,N
325,,长沙理工大学,美好的事可不可以发生在我身上,3,468,-,-,-6,-,+4(115),+2(89),-,-,-,-,-1,-,+1(184),57%,Honorable,葛邵云,刘培,向超,邓广慧,N,N
326,,成都信息工程大学,还在为她患得患失吗,3,479,-,-,-,-,+1(60),+4(161),-,-15,-,-,-,-,+1(198),50%,Honorable,张顺军,杨鹏,权雨帆,黄健,N,N
327,,河南大学,O（1）团队,3,485,-,-,-5,-,+2(38),+3(160),-,-,-,-,-,-,+1(227),50%,Honorable,李想,吴逸轩,献超前,王震,N,N
328,179,厦门理工学院,firevsice with his boyfriends,3,486,-,-,-,-,+1(93),+1(140),-,-,-,-,-,-,+1(253),0%,Honorable,黄伟彬,丁尔为,郑炜钦,谢彦麒,N,N
329,,南京理工大学,队长不想打铁了,3,486,-,-,-,-,+1(70),+2(109),-,-5,-,-,-,-,+2(267),40%,Honorable,仇星博,汪立洪,王宏伟,余立功,N,N
330,,东华大学,句点，终焉扭转,3,487,-,-,-,-,+1(107),+2(114),-,-5,-,-,-,-,+1(246),25%,Honorable,鲍威凌,张晓高,蔡晋,黄永锋,N,N
331,,武汉纺织大学,证明自己更像码农而非织者,3,493,-,-,-4,-,+2(61),+1(96),-,-,-,-,-,-,+2(296),40%,Honorable,林舒乐,张智宇,饶林辉,张自力,N,N
332,180,河南理工大学,呆头呆脑,3,499,-,-,-,-,+3(104),+1(64),-,-10,-,-,-,-,+1(291),40%,Honorable,张立攀,宋幸威,张科文,孙江峰,N,N
333,,湖南大学,三枪队,3,505,-,-,-,-,+2(53),+2(78),-,-3,-,-,-,-,+3(294),57%,Honorable,李江浩,刘良锐,周键泷,吴昊,N,N
334,,广州大学,ODT暴徒,3,515,-,-,-,-,+3(210),+1(52),-,-2,-,-,-,-,+1(213),40%,Honorable,郭子锋,同舒泽,黄明海,赵睿,N,N
335,,江西师范大学,嘻嘻，我要赢口牙,3,528,-,-,-,-,+2(63),+6(162),-6,-,-,-,-,-,+3(143),72%,Honorable,张志伟,冯尉旺,徐磊,李萍,N,N
336,181,大连海事大学,放不下绩点,3,531,-,-,-4,-,+2(96),+2(199),-,-,-,-,-,-,+1(196),40%,Honorable,谢镕腾,庄思煜,卞一名,曹志英,N,N
337,,东南大学,DNA计算,3,536,-,-,-4,-,+4(187),+2(66),-,-1,-,-,-,-,+1(203),57%,Honorable,潘亦新,林祥威,严静萱,倪庆剑,N,N
338,182,湖南科技大学,告诉我为什么,3,537,-,-,+8(273),-,+1(75),+1(49),-,-,-,-,-,-,-,70%,Honorable,旷豪杰,易刚,张帅,张世文,N,N
339,183,南方科技大学,南方科技大学-卡拉巴赫,3,552,-,-,-7,-,+2(101),+4(122),-,-,-,-,+2(229),-,-5,62%,Honorable,侯宇轩,娄午尘,李钰曦,唐博,N,N
340,184,临沂大学,重新排序大师励志考研,3,553,-,-,-,-,+5(248),+1(29),-,-,-,-,-24,-1,+1(196),57%,Honorable,黑乃骁,费秋翔,宋承洋,丁林花,N,N
341,,广东工业大学,静声,3,554,-,-,-,-,+2(114),+4(145),-,-,-,-,-,-,+2(195),62%,Honorable,谢嘉骏,袁镇清,许晓喆,孙宣东,N,N
342,185,北京电子科技学院,学弟将带领电科院走向辉煌,3,559,-,-,-16,-,+2(99),+2(91),-,-7,-,-,-,-,+6(229),70%,Honorable,于凯,邱贤达,岳金涛,李晓东,N,N
343,,湖南大学,瓦学弟的打铁之旅,3,560,-,-,-2,-,+8(165),+1(34),-,-3,-,-,-,-,+3(181),75%,Honorable,邱琼林,蔡芸涛,刘继云,吴昊,N,N
344,,南京航空航天大学,下班,3,564,-,-,-7,-,+4(199),+1(76),-,-,-,-,-,-,+1(229),50%,Honorable,杨恩祺,张润州,顾一帆,邹春然,N,N
345,186,中北大学,ACMer转生，到了xcpc就拿出0721次罚时,3,566,-1,-,+2(297),-,+2(95),+1(134),-,-,-,-,-,-,-7,40%,Honorable,杨庆伟,李镇道,王泽仁,潘广贞,N,N
346,187,浙大城市学院,不如睡大觉,3,567,-,-,-7,-,+8(149),+1(74),-,-,-,-,-,-,+2(184),72%,Honorable,张雪松,颜硕建,谢尚哲,柯海丰,N,N
347,,宁波大学,棒棒棒棒,3,579,-3,-,-3,-,+3(82),+4(165),-,-,-,-,-,-,+1(232),62%,Honorable,金焕磊,陈昕宇,袁铭都,陈叶芳,N,N
348,188,东北师范大学,重生,3,579,-,-,-1,-,+3(116),+1(131),-,-,-,-,-,-,+3(252),57%,Honorable,梁博芳,张鸿昊,李杰俊,周治国,N,N
349,,南京航空航天大学,原子牌锅贴,3,601,-,-,-6,-,+2(72),+3(180),-,-,-,-,-,-,+3(249),62%,Honorable,黄耘青,张森睿,池明轩,邹春然,N,N
350,,西北工业大学,总湿摇篮,3,624,-,-,-2,-,+3(101),+1(236),-,-,-,-,-,-,+2(227),50%,Honorable,王梓恒,郭浩然,黄奕轩,刘君瑞,N,N
351,,河南师范大学,彩云归,3,632,-,-,-8,-,+6(142),+2(162),-,-1,-,-,-,-,+1(208),66%,Honorable,陈春宇,孙胜锺,董天逸,李文凤,N,N
352,189,浙江机电职业技术大学,麦秋,3,639,-,-,+6(271),-,+2(70),+4(118),-,-,-,-,-,-,-24,75%,Honorable,陈宗全,陈泽澎,孙宇帆,邹会来,N,N
353,,杭州师范大学,调和线束,3,648,-,-,+5(239),-,+5(210),+1(39),-,-,-,-2,-,-,-6,72%,Honorable,张卓,何敏璐,温从锭,单振宇,N,N
354,,浙江农林大学,再给我十分钟,3,653,-,-,-,-,+6(269),+1(35),-,-3,-,-,-,-,+2(229),66%,Honorable,庞军,郑灵轩,余和喆,王国英,N,N
355,,河南师范大学,独行侠,3,668,-2,-,-4,-,+4(181),+1(233),-,-,-,-,-,-,+1(194),50%,Honorable,孙易飞,赵振安,董健豪,李文凤,N,N
356,190,四川农业大学,我们有铁牌,3,678,-,-,-,-,+6(127),+3(170),-,-5,-,-,-,-,+1(241),70%,Honorable,江雅奥,李鑫,刁戈,危疆树,N,N
357,,香港中文大学（深圳）,saber，saber，什么时候吃完饭,3,678,-,-,-,-,+3(113),+5(127),-,-2,-,-,-,-,+3(278),72%,Honorable,梁皓,许可捷,余哲伟,方一向,N,N
358,191,江西农业大学,你的存在是一个奇迹,3,682,-,-,-1,-,+5(123),+3(158),-,-,-,-,-,-,+3(241),72%,Honorable,胡艺,罗光明,贺子豪,钟表,N,N
359,192,莆田学院,口胡金牌题,3,695,-,-,-2,-,+1(93),+7(265),-,-,-,-,-,-,+1(217),66%,Honorable,许庆华,龚磊,柳永康,黄治国,N,N
360,193,深圳技术大学,SZTU_睡一觉就AC,3,749,-,-,+4(236),-,+2(76),+5(277),-,-2,-,-,-,-,-,72%,Honorable,邓浩盛,孟晖,王枫,郭云镝,N,N
361,,南阳理工学院,CCA困难解决小分队,3,768,-,-,+6(283),-,+4(154),+3(131),-,-,-,-,-,-,-,76%,Honorable,崔恺林,陈凯乐,艾家兴,陈可,N,N
362,,温州大学,温大十队,3,873,-7,-,-,-,+6(257),+2(264),-,-10,-,-,-,-,+1(232),66%,Honorable,管焌羽,是凯宁,周圣涵,胡明晓,N,N
363,,东北师范大学,鼠鼠猛攻ACM,2,83,-,-,-,-,+1(34),+1(49),-,-4,-,-,-4,-,-2,0%,Honorable,张步豪,郭宇政,刘向涛,李宏博,N,N
364,194,福建理工大学,fjoi我爱你,2,105,-,-,-7,-,+1(65),+1(40),-,-,-,-,-,-,-,0%,Honorable,林舜华,颜嘉民,邹连晟,许雪林,N,N
365,195,中南民族大学,夜枕青山,2,121,-,-,-7,-,+1(46),+1(75),-,-,-,-,-,-,-2,0%,Honorable,林俊彦,魏子杰,陈宇轩,刘卫平,N,N
366,196,湖南人文科技学院,#define if while,2,129,-,-,-,-,+1(78),+1(51),-,-11,-,-,-,-,-2,0%,Honorable,周念祖,朱佳悦,李泽哲,肖敏雷,N,N
367,197,安阳师范学院,舞舞舞（全队拉条）,2,136,-,-,-3,-,+2(93),+1(23),-,-1,-,-,-4,-,-,33%,Honorable,周兴科,余卓豪,王枫,刘凌霞,N,N
368,198,鲁东大学,三只珍妮,2,151,-,-,-,-,+2(80),+1(51),-,-,-,-,-,-,-,33%,Honorable,孙健强,袁正杰,李俊锋,张小峰,N,N
369,,江西师范大学,Genshin Impact start,2,156,-,-,-,-,+2(42),+2(74),-,-,-,-,-,-,-2,50%,Honorable,刘家福,罗一鸣,龚向阳,漆志群,N,N
370,,西南民族大学,竹栈,2,157,-,-,-2,-,+1(104),+1(53),-,-,-,-,-,-,-,0%,Honorable,苗家纯,张楚豪,詹宁康,王琳,N,N
371,199,江南大学,无牌转生，来到ACM就拿出真本事,2,158,-,-,-1,-,+1(101),+1(57),-,-3,-,-,-,-,-,0%,Honorable,徐兢,陈一鸣,杨学钊,蒋敏,N,N
372,,长安大学,鸡煲宇宙第一，鸡煲宇宙第一,2,162,-,-,-3,-,+2(62),+3(40),-,-,-,-,-,-,-,60%,Honorable,石瑶,吴宇伦,贺一恒,荆树旭,N,N
373,,云南大学,/kill @e,2,164,-1,-,-,-,+2(109),+1(35),-,-2,-,-,-,-,-6,33%,Honorable,史哲轩,唐嘉骏,姜凡,刘金卓,N,N
374,200,南京工程学院,NJIT_0队：银狼,2,178,-,-,-6,-,+2(107),+1(51),-,-,-,-,-,-,-,33%,Honorable,丁昊,崔东靖,陈昱安,徐金宝,N,N
375,201,绍兴文理学院,可爱星星飞天撞,2,191,-,-,-,-,+2(119),+1(52),-,-,-,-,-,-,-3,33%,Honorable,李明轩,葛至洲,洪振博,黄龙军,N,N
376,,华南农业大学,想队名这种事情不要啊,2,206,-1,-1,-1,-1,+2(85),+2(81),-1,-1,-1,-1,-1,-1,-3,50%,Honorable,陈伟鹏,刘晓宇,辛运滋,陈湘骥,N,N
377,,中国传媒大学,return inv(wa);,2,208,-,-,-,-,+2(77),+3(71),-,-6,-,-,-,-,-1,60%,Honorable,范金旭,杜可,刘钰,杨丽芳,N,N
378,,浙江师范大学,面向样例贪心,2,214,-,-,-7,-,+2(121),+1(73),-,-,-,-,-,-,-,33%,Honorable,陈智,周纪恺,姜翔元,于娟,N,N
379,,中国地质大学（北京）,AC搬运机,2,215,-,-,-5,-,+2(60),+1(135),-,-,-,-,-,-,-,33%,Honorable,吴浩炀,文浩名,翁子竣,张玉清,N,N
380,202,苏州工学院,暴力出奇迹，打表过样例,2,216,-,-,-,-,+1(79),+1(137),-,-,-,-,-1,-,-,0%,Honorable,张威,黄尔嘉,陈家瑞,聂盼红,N,N
381,203,武汉商学院,枫,2,216,-,-,-,-,+1(52),+2(144),-,-,-,-,-,-,-,33%,Honorable,陈群强,赵立,赵士冲,曲成璋,N,N
382,,香港理工大学,我不是小茂密,2,217,-,-,-5,-,+1(75),-,-,-3,-,-,-,-,+1(142),0%,Honorable,卢昱辰,薛腾,黄瑞满,李博,N,N
383,204,广州华商学院,夏日终曲,2,218,-,-,-,-,+1(112),+2(86),-,-,-,-,-,-,-,33%,Honorable,陈业勤,罗凯滨,文昊,袁灏,N,N
384,205,安阳工学院,让我AC好不好,2,221,-,-,-,-,+1(67),+2(134),-,-,-,-,-,-,-8,33%,Honorable,刘浩楠,张金博,冯鼎,朱丽华,N,N
385,,中国地质大学（武汉）,拖拖拉拉会变成拖拉机,2,225,-,-,-7,-,+1(87),+2(118),-,-,-,-,-,-,-6,33%,Honorable,江烁,吴易凡,王晗宇,马钊,N,N
386,,中南民族大学,好难,2,227,-,-,-3,-,+1(144),+1(83),-,-,-,-,-,-,-,0%,Honorable,雷雨禾,刘冠权,曾安琪,侯睿,N,N
387,,大连海事大学,雀魂低手,2,239,-2,-,-1,-,+1(94),-4,-,-,-,-,-,-,+1(145),0%,Honorable,刘震,戈晟年,王满阳,曹志英,N,N
388,,浙大城市学院,二三四,2,242,-,-,-7,-,+1(54),+5(108),-,-,-,-,-,-,-9,66%,Honorable,许航杰,林盛,宋珂鑫,柯海丰,N,N
389,,成都信息工程大学,BanG Dream! It's MyALGO!!!!!,2,242,-,-,-5,-,+1(31),+3(171),-,-,-,-,-,-,-,50%,Honorable,陈礼烨,常旭海,吴沂谦,黄健,N,N
390,,台州学院,学了等于没学,2,246,-,-,-,-,+2(168),+1(58),-,-,-,-,-,-,-,33%,Honorable,曾阳,陈奕阳,鲍威龙,华晓锋,N,N
391,206,浙江育英职业技术学院,育英五队,2,250,-,-,-7,-,+1(62),+3(148),-,-,-,-,-,-,-,50%,Honorable,胡壹楠,吴玥葳,陈旌,张驰,N,N
392,,武汉工程大学,宿命天成命中败,2,252,-,-,-,-,+1(130),+2(102),-,-,-,-,-,-,-1,33%,Honorable,廖圣羽,李浩东,汤宇辉,陈灯,N,N
393,207,武汉软件工程职业学院,仿星器,2,261,-,-,-4,-,+2(55),+3(146),-,-,-,-,-2,-,-,60%,Honorable,郭臣希,樊洪涛,吴伟凡,余放,N,N
394,208,贵州大学,保研大佬带我飞,2,265,-,-,-,-,+3(109),+4(56),-,-3,-,-,-,-,-1,71%,Honorable,史昌盛,傅锦灿,黄康,徐晶,N,N
395,209,杭州电子科技大学信息工程学院,爱鸡TV之我不要爱我要麦,2,278,-,-,-,-,+2(61),+2(177),-,-,-,-,-,-,-,50%,Honorable,徐俊豪,兰德涵,黄楚彬,李钧,N,N
396,210,重庆城市科技学院,No Game No Life,2,282,-,-2,-,-,+4(141),+2(61),-,-,-,-,-,-,-5,66%,Honorable,吴广平,刘英凯,张鲜慕,颜烨,N,N
397,,黄冈师范学院,407 力量,2,283,-1,-,-,-,+2(75),+2(168),-,-,-,-,-,-,-8,50%,Honorable,张嘉毅,何国权,张宇轩,关玉蓉,N,N
398,,北京工业大学,队名,2,283,-,-,-4,-,+3(196),+1(47),-,-,-,-,-,-,-,50%,Honorable,周若辰,黄励文,王玺荣,高红雨,N,N
399,211,江汉大学,往你热干面里倒蛋酒,2,294,-,-,-,-,+1(69),+5(145),-,-1,-,-,-,-,-3,66%,Honorable,熊振庭,李尧斐,焦子霖,陶俊,N,N
400,212,青岛农业大学,手写的从前,2,310,-,-,-8,-,+3(145),+1(125),-,-,-,-,-,-,-4,50%,Honorable,张方博,刘世征,王科锦,王静,N,N
401,,湖北工业大学,Doro 给你带了哦润吉,2,319,-,-,-,-,+4(173),+3(46),-,-1,-,-,-,-,-1,71%,Honorable,梅锦昕,李怡爽,黄胡智宇,徐承志,N,N
402,213,青岛大学,江江无路可退,2,322,-,-,-,-,+6(169),+1(53),-,-,-,-,-,-,-3,71%,Honorable,王隆江,孟祥董,杨景成,杜祥军,N,N
403,,南京航空航天大学,XML,2,339,-,-,-1,-,+5(216),+1(43),-,-,-,-,-,-,-9,66%,Honorable,任衍硕,邵嘉奇,张鑫雨,邹春然,N,N
404,,华中农业大学,一支队伍,2,348,-,-,-,-,+3(104),+5(124),-,-,-,-,-,-,-1,75%,Honorable,蒋志恩,彭传钰,付波,李嘉位,N,N
405,214,信息工程大学,208,2,353,-,-,-,-,+2(103),-5,-,-,-,-,-,-,+1(230),33%,Honorable,唐日文,史秉轩,陈铮,禹璐,N,N
406,215,昆山杜克大学,一个队,2,369,-1,-,-,-,+1(72),+3(257),-,-,-,-,-,-,-,50%,Honorable,仲飞扬,袁启璇,邱喆,黄明畯,N,N
407,,东华大学,不吃蔬菜,2,379,-1,-,-2,-,+3(125),+2(194),-,-,-,-,-,-,-,60%,Honorable,王朝勋,叶起源,赵雨康,黄永峰,N,N
408,,香港科技大学（广州）,惠风和畅，鹏程万里,2,380,-,-,-,-,-5,+2(118),-,-2,-,-,-,-,+1(242),33%,Honorable,李小乐,陈欣怡,黄彦杰,熊辉,N,N
409,,长江大学,扬子江比特,2,380,-,-,-,-,-2,+2(88),-,-,-,-,-,-,+1(272),33%,Honorable,曹轩,杨山峰,刘强,白静盼,N,N
410,,北京交通大学,404NotFound,2,391,-,-,-2,-,+2(65),+6(206),-,-,-,-,-,-,-,75%,Honorable,林怀都,袁明轩,曹司宇,许华婷,N,N
411,216,江西理工大学,神经网络过载,2,394,-,-,-,-,+2(109),-3,-,-1,-,-,-,-,+1(265),33%,Honorable,丁康,黄伟宸,吴吕明,管希东,N,N
412,217,东莞理工学院,大三难铜的最后一舞,2,398,-4,-,-,-,+3(145),-2,-,-,-,-,-1,-,+1(213),50%,Honorable,唐骁霖,姚焕增,邓萌海,陈传祥,N,N
413,,绍兴理工学院,归乡邀约,2,423,-3,-,-,-,+3(87),+2(276),-,-,-,-,-,-,-,60%,Honorable,孙永勇,蔡佳音,胡凯淇,杨婷,N,N
414,,青岛大学,月色回音,2,427,-,-,-,-,-7,+1(133),-,-,-,-,-,-,+3(254),50%,Honorable,曾学钦,代自超,李子涵,张志梅,N,N
415,,西湖大学,42号混凝土施工队,2,449,-,-,-,-,+5(211),+3(118),-,-1,-,-,-,-,-1,75%,Honorable,沈皓天,罗凯腾,潘柯屹,周广成,N,N
416,,山东理工大学,唐龙历险记,2,452,-,-,-,-,+9(186),+2(86),-,-11,-,-,-,-,-3,81%,Honorable,安鹏飞,吴宇威,徐煜峰,王海鹏,N,N
417,,山东科技大学,阿瓦隆号,2,455,-,-,-,-,+2(99),+5(256),-,-,-,-,-,-,-,71%,Honorable,董鑫磊,王浩然,魏恒焱,吴振寰,N,N
418,218,武汉学院,人中赤兔，马中吕布,2,457,-,-,-,-,+4(217),+3(140),-,-,-,-,-,-,-,71%,Honorable,刘佳,沈济操,徐式飞,潘杰,N,N
419,219,吉利学院,吉利太美,2,479,-,-,-,-,+8(181),+3(118),-,-,-,-,-,-,-1,81%,Honorable,罗志豪,何正,严嘉诚,温然,N,N
420,,南京邮电大学,你们的生命不会呐喊吗,2,481,-,-,-,-,+3(151),+3(250),-,-12,-,-,-,-,-,66%,Honorable,韩宇桐,史恬乐,蔡松延,陈志,N,N
421,,华中师范大学,人生何处不青山,2,497,-,-,-2,-,+8(197),+3(120),-,-,-,-,-,-,-,81%,Honorable,余成鸣,赵毅,项思语,叶俊民,N,N
422,,中国石油大学（华东）,中石大2005,2,511,-,-,-,-,+6(225),+2(166),-,-8,-,-,-,-,-,75%,Honorable,王钧泽,吉时渊,黄升钦,张学辉,N,N
423,,上海大学,SHU10,2,517,-,-,-7,-,+1(155),+5(282),-,-,-,-,-,-,-,66%,Honorable,吴天宇,张子馨,姜昊言,沈俊,N,N
424,220,湖北师范大学,新世纪AC战士,2,565,-,-,-,-,+5(150),+5(255),-,-2,-,-,-,-,-,80%,Honorable,华泰达,孙紫阳,肖振顺,董元和,N,N
425,,北京化工大学,牢码队,2,661,-,-,-,-,+6(178),+6(283),-,-,-,-,-,-,-,83%,Honorable,伍宸,王松浩,程泽华,彭冰,N,N
426,,National University of Mongolia,L4ST_DANCE,1,54,-,-,-8,-,+1(54),-2,-,-,-,-,-,-,-,0%,Honorable,Surenjamts Tsedevsuren,Khanbileg Purevdorj,Munkh-orgil Nergui,Bagabold Gendensuren,N,N
427,221,西南科技大学,泊至武汉（）,1,70,-,-,-,-,-9,+1(70),-,-,-,-,-,-,-,0%,Honorable,黄洪杰,李翔宇,邓俊熙,陈淼,N,N
428,222,东北农业大学,ld的最后一武,1,73,-,-,-,-,-7,+1(73),-,-,-,-,-,-,-,0%,Honorable,郝孝彬,王策翔,王亚男,李晓明,N,N
429,223,湖北第二师范学院,yyyzh123不想单身一辈子,1,74,-,-,-,-,+1(74),-4,-,-,-,-,-,-,-,0%,Honorable,贺宇杰,余子晗,陈仕钰,王海军,N,N
430,224,湖南理工学院,梦之AK队,1,105,-1,-,-,-,+2(85),-3,-,-,-,-,-,-,-,50%,Honorable,陈俊鑫,崔振超,邓旭,李文彬,N,N
431,,北京师范大学,火龙狗,1,110,-,-,-,-,-7,+1(110),-,-,-,-,-,-,-,0%,Honorable,谢秋凡,王宇畅,肖梓尧,徐鹏飞,N,N
432,225,东北石油大学,亲手操办24的退役仪式,1,125,-,-,-,-,-3,+2(105),-,-,-,-,-,-,-,50%,Honorable,刘笑语,,,富宇,N,N
433,,大连海事大学,Debug不如喝奶茶,1,127,-,-,-,-,-1,+2(107),-,-,-,-,-,-,-5,50%,Honorable,李涵杨,陆宸熠,童恒奕,曹志英,N,N
434,226,沈阳化工大学,又活一天,1,134,-7,-,-,-,+3(94),-4,-,-,-,-,-,-,-1,66%,Honorable,罗祥,刘洪运,杨鹏瑞,王军,N,N
435,,西南民族大学,奶龙说的队,1,135,-,-,-,-,-3,+1(135),-,-,-,-,-,-,-,0%,Honorable,姚瑞希,董汶奇,付秀杰,周绪川,N,N
436,227,汉江师范学院,一个人的足迹,1,136,-,-,-,-,+1(136),-8,-,-18,-,-,-,-,-,0%,Honorable,杜中豪,赵家棋,宋孝斌,谭伟,N,N
437,,济南大学,风鹏万里,1,162,-,-,-,-,-6,+1(162),-,-,-,-,-,-,-,0%,Honorable,屠泽伟,刘峰旭,文铿,蒋彦,N,N
438,,绍兴理工学院,做题5分钟翻译两小时,1,183,-3,-,-,-,+2(163),-1,-,-,-,-,-,-,-,50%,Honorable,全仪,王李浩,刘思颖,唐晓平,N,N
439,228,湖北中医药大学,我依然故我，于终幕之上,1,214,-,-,-,-,+6(114),-6,-,-,-,-,-,-,-,83%,Honorable,周钲墙,李乐乐,阮鹏宇,肖瑞,N,N
440,229,湖北经济学院,美梦成真,1,232,-,-,-,-,+2(212),-4,-,-,-,-,-,-,-2,50%,Honorable,郑奥,杨佳慧,陈宵阳,周刚,N,N
441,,江西财经大学,三人驭六丸,1,267,-,-,-3,-,+2(247),-6,-,-,-,-,-,-,-2,50%,Honorable,钟明皓,周君,詹宇飞,陈爱国,N,N
442,230,北京建筑大学,QQ星_来自龙国,1,271,-3,-,-,-,+5(191),-6,-,-,-,-,-,-,-,80%,Honorable,苗德清,王谦,郭星甜,张德,N,N
443,231,香港城市大学,Java++3,0,0,-1,-5,-1,-,-7,-6,-,-,-,-,-,-,-,0%,Honorable,張智彥,曾淳謙,陳立浚,左金航,N,N
443,231,河南农业大学,不做无法实现的梦,0,0,-,-,-,-,-3,-,-,-,-,-,-,-,-,0%,Honorable,朱逸菲,李悦,邓海迪,尚俊平,N,N
443,231,重庆工程学院,学弟说带我拿牌,0,0,-1,-,-,-,-6,-5,-,-,-,-,-,-,-,0%,Honorable,陈博恒,杨银,徐飞扬,陈彬,N,N
443,231,华中科技大学文华学院,游戏人生零,0,0,-,-,-,-,-3,-,-,-,-,-,-,-,-,0%,Honorable,方鹏遥,杨周,黎耀杨,王方,N,N
