Rank,School Rank,School,Team,Solved,Penalty,A,B,C,D,E,F,G,H,I,J,K,L,M,Dirt,Medal,Member1,Member2,Member3,Unofficial,Girl
1,1,北京大学,逆十字,11,1616,+1(4),+3(150),+2(40),+2(282),+4(32),-2,+5(141),+4(252),-,+1(120),+2(107),+2(103),+2(45),60%,Gold,周雨扬,孔朝哲,潘骏跃,N,N
2,2,浙江大学,nameless story,10,1501,+1(2),+3(267),+1(73),+1(294),+1(12),-1,+3(131),-2,-1,+7(77),+2(150),+2(195),+2(40),56%,Gold,凌子恒,林响烨,胡家齐,N,N
3,3,北京理工大学,ddl战神,9,1024,+1(11),-,+1(57),+1(275),+2(43),-,+1(130),-,-,+1(76),+1(264),+1(96),+2(32),18%,Gold,朱子林,林恺,邹知秋,N,N
4,,浙江大学,Phantom Threshold,9,1125,+1(3),+1(239),+2(29),+1(186),+2(50),-,+3(98),-,-,+2(129),-,+2(225),+2(26),43%,Gold,唐嘉辰,李昌栋,黎伟诺,N,N
5,4,南京邮电大学,究竟怎么会是呢？,9,1172,+1(3),+2(239),+1(51),-,+2(37),-,+4(130),-,-,+2(125),+3(202),+2(178),+1(27),50%,Gold,何乐晗,赵一舟,陈以信,N,N
6,5,哈尔滨工程大学,下北泽沼气动力学园学园偶像同好会兼恋恋的信仰者教团改二,9,1230,+1(7),+3(289),+1(66),-1,+1(32),-,+3(136),-,-,+2(143),+1(236),+1(177),+1(44),35%,Gold,彭金浩,徐子涵,王昊宇,N,N
7,,浙江大学,Untitled1,9,1308,+1(5),+1(295),+2(63),+2(275),+1(26),-,+2(104),-,-,+2(171),-4,+4(192),+1(37),43%,Gold,严子轩,周轩熠,樊睿,N,N
8,,北京大学,无名氏,9,1384,+1(5),+2(253),+1(54),-,+1(69),-,+3(189),-,-,+2(115),+6(292),+1(154),+3(33),55%,Gold,任柯瑾,林帮才,肖千与,N,N
9,6,清华大学,行胜于言,9,1644,+1(8),+2(171),+2(84),-,+1(40),-,+5(220),-,-,+9(275),+1(261),+3(235),+1(30),64%,Gold,史钰申,张尊喆,邓奕鹏,N,N
10,,清华大学,写得不好，草草睡辽,8,853,+1(8),-,+1(74),+1(295),+1(11),-,+1(54),-,-,+1(98),-6,+1(276),+1(37),0%,Gold,丁其安,孙从博,顾奕成,N,N
11,7,杭州电子科技大学,杭电1队,8,943,+1(6),+1(248),+1(69),-,+1(33),-,+1(99),-,-,+3(197),+2(193),-3,+2(18),33%,Gold,尹吴潇,戴志炜,赵政和,N,N
12,8,国防科技大学,自然选择号,8,1112,+1(4),-,+1(79),-,+2(29),-,+1(208),-,-,+6(238),+1(228),+1(146),+1(60),42%,Gold,亢世嘉,吴佳英,左传奇,N,N
13,9,南方科技大学,南方科技大学-维希,8,1181,+1(4),+2(285),+3(112),+1(229),+1(43),-,+5(137),-,-,-2,-,+2(171),+2(20),52%,Gold,李浩宇,洪朝阳,陈璐瑶,N,N
14,10,哈尔滨工业大学,蛤工业10队,8,1217,+1(2),-1,+2(85),-1,+2(32),-2,+4(177),-1,-1,+3(104),+9(281),+1(192),+1(44),65%,Gold,杜沛键,王续烨,金义扬,N,N
15,11,华东师范大学,SEI1,8,1307,+1(5),-,+1(104),+1(148),+3(51),-,+6(290),-,-,+2(277),-,+2(223),+1(29),52%,Gold,余东桦,漆宇祥,范晨阳,N,N
16,12,天津大学,文化先和初中生同步,8,1333,+2(7),-,+2(109),-,+2(39),-,+5(130),-,-,+2(265),+6(279),+2(163),+2(41),65%,Gold,张博凯,杜鼎勋,谢天驰,N,N
17,13,华中科技大学,加权没了还想打ACM？,7,631,+1(6),-,+1(67),-,+1(25),-,+1(122),-,-,+1(254),-6,+1(113),+1(44),0%,Gold,卞曜洋,罗劲豪,陈开宇,N,N
18,,北京理工大学,内核恐慌,7,809,+1(9),-,+1(77),-,+1(31),-,+2(122),-,-,+5(264),-2,+1(163),+1(43),41%,Gold,张书豪,秦一飞,陈驭祺,N,N
19,14,北京建筑大学,快保底了能出金吗,7,818,+1(5),-,+2(90),-,+1(33),-,+2(210),-,-,+1(131),-,+1(255),+1(54),22%,Gold,王家晟,韩牧云,齐思恺,N,N
20,15,华侨大学,红日初升,7,822,+1(6),-,+2(84),-,+1(24),-,+1(133),-,-,+2(214),-,+1(253),+2(48),30%,Gold,徐聪,赵雨扬,郑量,N,N
21,,南方科技大学,南方科技大学-巴黎,7,823,+1(9),+1(276),+1(78),-,+1(52),-,+3(123),-,-,-5,-8,+1(217),+1(28),22%,Gold,冯照航,曹哲振,田若载,N,N
22,16,武汉理工大学,树上猫猫虫,7,829,+1(5),-1,+1(94),-1,+4(58),-1,+2(147),-1,-1,+1(181),-1,+1(250),+1(14),36%,Gold,易琢然,赵家荣,闫卢昊,N,N
23,17,中山大学,中山大学_破晓,7,847,+1(7),-,+1(80),-,+1(24),-,+2(152),-,-,+2(172),-,+3(297),+1(35),36%,Gold,古鸣浩,吴景图,欧梓洋,N,N
24,18,浙江工业大学,地球猫猫,7,886,+1(8),-,+1(53),-,+3(78),-,+1(137),-,-,+4(283),-,+1(160),+2(47),46%,Gold,张宇翔,李亚伦,陈洁怡,N,N
25,19,华南理工大学,胖头鱼头胖,7,888,+1(5),-,+2(93),-,+2(84),-,+2(154),-,-,+3(272),-4,+1(161),+1(19),41%,Silver,冼昊明,李珲,钱晨炼,N,N
26,,北京大学,cxk,7,897,+1(6),-,+1(114),-,+1(68),-,+3(210),-,-,+1(180),-8,+1(149),+3(90),36%,Silver,张开泰,袁晓坤,陈伯轩,N,N
27,20,吉林大学,柴郡猫猫QuQ,7,921,+1(5),-,+2(99),-,+2(68),-,+3(163),-,-,+2(203),-3,+1(223),+1(60),41%,Silver,李光赫,陈铭豪,黄昌盛,N,N
28,21,北京邮电大学,三只蒟蒻,7,1012,+1(2),-,+2(64),-,+1(37),-,+3(164),-,-,+3(265),-12,+7(204),+1(56),61%,Silver,区庆亮,张天泽,王佳禾,N,N
29,22,湖南大学,金色传说,7,1029,+2(8),-,+3(131),-,+1(67),-,+3(163),-,-,+1(180),-5,+4(272),+1(48),53%,Silver,廖曙康,苏杰,范则鸣,N,N
30,23,电子科技大学,UESTC_HappyCodingLife,7,1036,+1(3),-,+2(46),-,+2(74),-,+4(254),-,-,+3(227),-3,+2(195),+2(57),56%,Silver,吴立俊,山佩永,朱子涵,N,N
31,,电子科技大学,UESTC_地平线,7,1039,+1(4),+1(263),+4(170),-,+1(94),-,+1(201),-,-,+2(190),-,-,+1(37),36%,Silver,吴晓玉,贺皓哲,黄博奕,N,N
32,24,北京交通大学,真有那么难吗？！,7,1112,+2(8),-,+1(197),-,+1(82),-,+4(163),-,-,+5(216),-,+1(251),+1(35),53%,Silver,夏鹤鸣,彭柯岚,郭昱哲,N,N
33,,华中科技大学,鸭鸭鱼鱼虫虫,7,1121,+1(3),-,+3(58),-,+1(83),-,+1(130),-,-,+5(272),-7,+3(143),+4(212),61%,Silver,俞仲遥,郑欣,龚宸,N,N
34,,哈尔滨工程大学,WA自动机Fail树上建可持久化RE树,7,1170,+1(6),-,+2(148),-,+3(91),-,+2(197),-,-,-4,+2(245),+5(259),+2(24),58%,Silver,吴兆昕,杨春昊,黄凯鹏,N,N
35,,华南理工大学,智能码工,7,1209,+1(8),-,+3(180),-,+2(42),-,+4(240),-,-,+3(291),+3(173),-3,+2(55),61%,Silver,严浩文,李亨,谢丰泽,N,N
36,25,哈尔滨工业大学（深圳）,冰糖屋,6,381,+1(2),-,+1(34),-,+1(38),-,+2(121),-,-,-4,-3,+2(100),+1(46),25%,Silver,吴泽楷,唐楷杰,李彬昌,N,N
37,26,北京航空航天大学,欺负人没有数理基础？,6,468,+1(3),-,+1(57),-,+1(38),-,+3(103),-,-,-,+2(186),-,+1(21),33%,Silver,唐怡浜,杨振炜,金炼凯,N,N
38,,北京航空航天大学,XCPC的奇妙冒险,6,747,+1(4),-,+3(117),-,+1(76),-,-3,-,-,+2(257),-2,+1(181),+2(32),40%,Silver,吕诚鑫,韦若皓,韩一,N,N
39,27,中国科学院大学,果壳家的龙ACMer,6,764,+1(4),+1(150),+1(44),-,+5(163),-,+2(289),-,-,-,-6,-,+1(14),45%,Silver,徐步骥,李衍君,楼持恒,N,N
40,28,西安交通大学,渡渡鸟幼儿园,6,768,+1(4),-,+1(69),-,+1(50),-,+5(214),-,-,+3(273),-,-,+1(38),50%,Silver,杨栋,王之坤,陈业元,N,N
41,,中山大学,中山大学-版本之子,6,781,+2(12),-,+1(92),-,+1(64),-,+6(285),-,-,-2,-1,+1(171),+1(37),50%,Silver,梁梓豪,罗以彬,陈银超,N,N
42,29,深圳大学,SZU-Will_Qin,6,800,+1(14),-,+4(117),-,+1(95),-,+2(267),-,-,-,-,+1(183),+1(44),40%,Silver,苏梓瀚,郭泽森,陈俊明,N,N
43,30,东南大学,咕噜咕噜,6,819,+1(6),-,+1(105),-,+1(20),-,+5(276),-,-,-1,-,+2(253),+2(39),50%,Silver,张皓,田昊冬,黄天宇,N,N
44,31,太原理工大学,桂林山水铁天下,6,825,+1(8),-,+1(129),-,+2(118),-,+3(176),-,-,-4,-,+1(216),+3(78),45%,Silver,何奇璋,何玉斌,李沛霖,N,N
45,,北京交通大学,相遇天使,6,848,+1(2),-,+1(76),-,+5(168),-,+2(246),-,-,-2,-,+2(211),+1(25),50%,Silver,杨佳昊,邓人嘉,金恒柘,N,N
46,32,南京大学,钟山风雨,6,849,+1(9),-,+2(33),-,+2(125),-,+4(202),-,-,-2,-,+1(281),+3(59),53%,Silver,王恺翔,陈昊洋,黄梓彦,N,N
47,33,杭州电子科技大学信息工程学院,清蒸狮子头,6,872,+1(3),-,+3(95),-,+3(69),-,+4(244),-,-,-1,-,+2(265),+1(36),57%,Silver,尹凯乐,杨鑫,柳徐吉,N,N
48,,华东师范大学,签到题破防,6,879,+1(6),-,+3(122),-,+2(86),-,-4,-,-,+4(256),-,+1(227),+1(62),50%,Silver,熊高越,祝润天,谈笑枫,N,N
49,34,东北大学秦皇岛分校,NEUQ-SCJ,6,906,+1(4),-,+3(150),-,+2(107),-,+3(232),-,-,-6,-,+2(253),+1(40),50%,Silver,刘琛,胡鸿捷,袁茂恒,N,N
50,35,广东工业大学,猪扒滑蛋饭,6,918,+1(11),-,+2(144),-,+3(123),-,+3(197),-,-,-5,-,+1(281),+1(62),45%,Silver,刘皓瑜,吴董超,梁泽丰,N,N
51,,天津大学,归零,6,929,+3(8),-,+3(85),-,+4(140),-,+1(183),-,-,-3,-,+3(280),+1(53),60%,Silver,叶泽侬,崔奕凡,陈奕池,N,N
52,36,南开大学,幻视之夜,6,948,+1(8),-,+2(154),-,+1(29),-,+5(284),-,-,-,-,+4(258),+1(55),57%,Silver,侯黄博林,华志远,林诗润,N,N
53,,广东工业大学,猫猫吃代码,6,997,+1(6),-,+1(146),-,+2(57),-,+9(298),-,-,-,-,+2(226),+1(64),62%,Silver,严瑞祺,张峻豪,王镇涛,N,N
54,37,南京信息工程大学,跟不上榜,6,1001,+1(4),-,+1(156),-,+2(109),-,-,-,-,+7(237),-,+2(279),+2(36),60%,Silver,洪伟,潘小康,董兆琦,N,N
55,38,兰州大学,真没睡,6,1444,+1(4),-,+2(141),-,+6(275),-,+9(297),-,-,+4(182),-5,-,+1(205),73%,Silver,李大源,李文凯,水源,N,N
56,39,山东大学,黄金滋嘣狗,5,354,+1(6),-,+1(77),-,+1(64),-,+1(141),-,-,-4,-,-,+2(46),16%,Silver,许蕴朴,郭子健,韩雨辰,N,N
57,40,暨南大学,__菜鸟分割线__,5,357,+1(4),-,+1(79),-,+1(36),-,-4,-,-,-2,-,+1(196),+1(42),0%,Silver,余欣妍,柯瑞凯,贾子涵,N,N
58,,南京大学,菜茎合作社,5,380,+1(8),-,+1(87),-,+1(23),-,+3(172),-,-,-9,-1,-,+1(50),28%,Silver,柴浩天,贺柄毓,陈荣锴,N,N
59,41,济南大学,樱之重生,5,463,+1(4),-,+2(110),-,+1(30),-,+3(209),-,-,-,-,-,+1(50),37%,Silver,刘延松,张益铭,龚奕天,N,N
60,42,浙江工商大学,猫猫滚脸,5,479,+1(9),-,+1(85),-,+2(107),-,+4(160),-,-,-2,-,-8,+1(38),44%,Silver,何天益,俞飞洋,汤英杰,N,N
61,43,西南大学,西南大学啦啦队,5,491,+1(4),-,+1(79),-,+1(115),-,+1(251),-,-,-9,-,-,+1(42),0%,Silver,何一,徐畅,陈雯丽,N,N
62,,南京大学,南小鸟,5,513,+1(4),-,+2(45),-,+2(55),-,-5,-,-,-1,-,+2(247),+2(82),44%,Silver,周相羽,朱家辰,贺卓宇,N,N
63,,浙江工业大学,夏,5,519,+1(4),-,+3(98),-,+4(105),-,+2(166),-,-,-,-,-12,+1(26),54%,Silver,吴昊天,胡圣烩,谢洋帆,N,N
64,,电子科技大学,UESTC_Black_Mage,5,534,+1(8),-,+2(122),-,+1(64),-,-6,-,-,-1,-,+1(243),+2(57),28%,Silver,何旭,周雨辰,张子牛,N,N
65,,北京理工大学,凉心做题人,5,536,+1(6),-,+2(103),-,+1(55),-,-10,-,-,-,-,+1(292),+2(40),28%,Silver,何骏,苗沂坤,高浩轩,N,N
66,,杭州电子科技大学,杭电7队,5,553,+2(8),-,+4(83),-,+4(91),-,+1(196),-,-,-,-3,-1,+1(35),58%,Silver,林圣钬,林炜钦,赵铁囝,N,N
67,,东北大学秦皇岛分校,ACE-101,5,564,+1(3),-,+1(126),-,+1(116),-,-,-,-,-1,-,+3(209),+2(50),37%,Silver,吴一玄,王敬群,罗潇阳,N,N
68,44,杭州师范大学,三众全灰,5,596,+1(7),-,+1(167),-,+2(92),-,+1(270),-,-,-3,-,-2,+1(40),16%,Silver,傅贤杨,包嘉城,江宇杰,N,N
69,45,同济大学,理塘最強伝說と絕兇の猛虎純真丁一郎,5,598,+1(5),-,+3(134),-1,+1(22),-,+2(249),-,-,-,-,-5,+4(68),54%,Silver,储德明,季马泽宇,朱泽凯,N,N
70,46,中国矿业大学,矿野之息,5,609,+1(8),-,+1(83),-,+2(51),-,+4(268),-,-,-1,-,-6,+4(59),58%,Silver,杨斌涵,肖扬航,雷毅,N,N
71,47,上海理工大学,胡学姐像阿尼亚一样可爱,5,633,+1(5),-,+2(129),-,+3(146),-,+2(235),-,-,-,-2,-23,+1(38),44%,Silver,刘斌然,胡洁昌,蔡钦成,N,N
72,48,湖北工业大学,Random(name),5,647,+1(8),-,+1(184),-,+1(123),-,+1(286),-,-,-,-,-,+1(46),0%,Silver,徐億祥,贺鑫宇,颜潇冉,N,N
73,49,浙江农林大学,翻斗幼儿园老年班,5,658,+1(7),-,+1(150),-,+2(167),-,-3,-,-,-,-,+1(270),+1(44),16%,Bronze,杨成艺,章恒磊,郑懿,N,N
74,,深圳大学,twilight illusion,5,660,+1(15),-,+2(154),-,+4(79),-,+2(228),-,-,-,-,-,+3(44),58%,Bronze,叶可禾,张艺轩,郑博瀚,N,N
75,50,复旦大学,快速毛茸茸变换,5,664,+1(4),-,+1(115),-,+3(161),-,-4,-,-,-,-,+1(257),+2(67),37%,Bronze,俞嘉琪,周子羽,宋悦荣,N,N
76,,南京邮电大学,拯救世界可太有趣辣,5,682,+1(7),-,+6(154),-,+2(72),-,-,-,-,-6,+1(276),-,+1(53),54%,Bronze,张帅青,蔡振川,金益凡,N,N
77,51,东北电力大学,HAL 9000,5,695,+1(5),-,+1(149),-,+1(74),-,-14,-,-,-,-,+7(296),+1(51),54%,Bronze,关凯铭,徐浩东,李翔宇,N,N
78,52,青岛大学,来杯桂林拿铁(冰),5,701,+2(9),-,+3(173),-,+4(124),-,+1(218),-,-,-,-,-55,+1(57),54%,Bronze,刘乐鹏,毛聿麒,董亚洲,N,N
78,,哈尔滨工业大学,网络热门队名鉴定,5,701,+1(4),-,+1(201),-,+2(42),-,-2,-,-,-,+5(272),-4,+1(82),50%,Bronze,李文豪,王宜平,陈思阳,N,N
80,53,北京师范大学,SOLO,5,759,+2(14),-,+1(165),-,+3(123),-,+4(279),-,-,-,-,-,+1(58),54%,Bronze,张睿琪,徐悦萱,林靖轩,N,N
81,54,武汉大学,猫猫虫果冻！,5,773,+1(5),-,+1(60),-,+6(253),-,+3(251),-,-,-2,-,-3,+1(64),58%,Bronze,林锟扬,王一言,许浩阳,N,N
82,55,哈尔滨理工大学,哈理工09队,5,790,+1(7),-,+1(200),-,+2(176),-,+3(299),-,-,-,-,-,+1(48),37%,Bronze,吕锦泽,邓大路,黄兆宇,N,N
83,56,中国地质大学（武汉）,香水有毒,5,798,+3(12),-,+3(136),-,+2(147),-,+3(252),-,-,-,-,-,+3(71),64%,Bronze,战翔宇,朱天泽,赵霄,N,N
84,,武汉大学,嘤嘤嘤,5,838,+1(10),-,+1(190),-,+2(125),-,+5(231),-,-,-5,-,-7,+4(122),61%,Bronze,冷唯诺,王新喆,王骏峣,N,N
85,57,中国石油大学（华东）,白铃女子学院,5,861,+1(4),-,+1(178),-,+7(250),-,-5,-,-,-,-,+3(253),+1(16),61%,Bronze,徐锦洋,王川,陈恺毅,N,N
86,58,四川大学,基本无害,5,876,+1(5),-,+2(94),-,+5(242),-,-4,-,-,-,+5(284),-2,+2(51),66%,Bronze,李名骕,牛佳文,苏臻,N,N
87,,东北大学秦皇岛分校,小饼卷大葱,5,893,+2(11),-,+4(167),-,+4(103),-,-,-,-,-,-,+7(297),+1(55),72%,Bronze,司伟业,李不凡,董淑睿,N,N
88,59,西南财经大学,前进!冲击!突破!,5,898,+1(6),-,+3(221),-,+4(155),-,+6(241),-,-,-4,-,-,+1(75),66%,Bronze,杨文昊,肖靖祺,钟明汉,N,N
89,,山东大学,梦天使,5,925,+1(4),-,+3(230),-,-6,-,+3(196),-,-,-,+6(292),-4,+1(23),64%,Bronze,张昊雨,耿浩天,蒋裕成,N,N
90,,中山大学,中山大学-三轮车,5,979,+1(6),-,+4(95),-,+8(189),-,+5(295),-,-,-,-,-4,+5(34),78%,Bronze,何宇扬,曾德星,陈冠宏,N,N
91,,暨南大学,速攻同调士,5,991,+1(8),-,+1(222),-,+3(272),-,+3(299),-,-,-,-,-1,+1(110),44%,Bronze,莫祖祥,许文豪,阮炜霖,N,N
92,60,重庆大学,智力9,5,1011,+1(4),-,+2(114),-,+12(269),-,+4(259),-,-,-,-,-2,+1(65),75%,Bronze,于轩,葛轩铭,裘博航,N,N
93,61,上海大学,江海寄余生,5,1020,+1(4),-,+1(263),-,+6(284),-,-6,-,-,+3(215),-,-,+2(94),61%,Bronze,冀昱昊,金之谦,陶钧,N,N
94,62,山东师范大学,大二大三大四,5,1035,+1(11),-,+1(199),-,+4(149),-,-2,-,-,-,-,+8(296),+5(100),73%,Bronze,张立坤,王位毅,聂晓阳,N,N
95,,吉林大学,糖彩屋养了仨复读鸡,5,1264,+1(6),-,+5(232),-,+3(266),-,-,-,-,-,+14(291),-,+1(89),79%,Bronze,李昊桐,李玉海,陈鹏宇,N,N
96,63,浙江师范大学,你不是一个人,4,227,+1(10),-,+1(82),-,+2(72),-,-,-,-,-,-,-,+1(43),20%,Bronze,丁逸飞,郑依佳,陈骏鹏,N,N
97,64,西安电子科技大学,乱码小飞船,4,249,+1(7),-,+2(91),-,+1(54),-,-2,-,-,-5,-,-,+1(77),20%,Bronze,刘焕宇,汪文轩,陶天乐,N,N
98,,北京邮电大学,六目相对,4,283,+1(5),-,+1(118),-,+2(87),-,-10,-,-,-,-,-,+1(53),20%,Bronze,崔家瑞,罗毅锐,谢骞,N,N
99,,同济大学,同寄,4,290,+1(5),-,+1(164),-,+1(80),-,-1,-,-,-,-,-,+1(41),0%,Bronze,任喆轩,朱申哲,栾佳浩,N,N
100,65,华南农业大学,欧若拉,4,320,+1(7),-,+1(167),-,+1(106),-,-2,-,-,-,-,-,+1(40),0%,Bronze,刘创嘉,林逸杰,郑晓楊,N,N
101,,南京大学,ReLife,4,324,+1(9),-,+1(168),-,+1(40),-,-3,-,-,-,-,-,+2(87),20%,Bronze,水兵,蒋潇鹏,陈元旻,N,N
102,66,福州大学,最大费用最小流,4,332,+1(4),-,+1(172),-,+2(86),-,-7,-,-,-,-,-2,+1(50),20%,Bronze,李盈盈,江滢怡,游世伟,N,N
103,,北京邮电大学,三阳开泰,4,345,+1(6),-,+1(125),-,+4(100),-,-5,-,-,-,-,-6,+1(54),42%,Bronze,刘洋,崔骄杨,杨智杰,N,N
104,67,中国海洋大学,黑夜犬人Pro,4,348,+1(8),-,+1(155),-,+1(130),-,-,-,-,-6,-1,-,+1(55),0%,Bronze,张成玺,解正源,蹇浩航,N,N
105,68,南阳理工学院,HaveFun,4,352,+1(6),-,+1(128),-,+1(151),-,-20,-,-,-,-,-,+1(67),0%,Bronze,靳矗,韩金成,魏一豪,N,N
106,69,合肥工业大学宣城校区,随便玩玩,4,367,+1(7),-,+1(115),-,+1(136),-,-6,-,-,-,-,-,+3(69),33%,Bronze,何昕悦,唐志远,姜万磊,N,N
107,,浙江师范大学,猫猫把师傅抓走了,4,378,+1(5),-,+1(134),-,+4(132),-,-5,-,-,-,-1,-,+1(47),42%,Bronze,厉文浩,温启涛,蒋润浩,N,N
108,70,东北农业大学,打ACM两年，罚坐治好了我的电子杨伟,4,379,+1(5),-,+1(195),-,+2(126),-,-1,-,-,-,-10,-,+1(33),20%,Bronze,李子豪,盖永瑞,闫志涛,N,N
109,71,哈尔滨商业大学,先行者,4,384,+2(7),-,+1(163),-,+2(108),-,-3,-,-,-3,-,-,+2(46),42%,Bronze,王梓镔,翁勇辉,葛钦凡,N,N
110,72,浙江理工大学,好起来rua,4,399,+1(5),-,+3(57),-,+3(204),-,-,-,-,-,-,-4,+1(53),50%,Bronze,晏阳英哲,杨子建,翁昊洋,N,N
111,,西安交通大学,亲自读题 亲自通过,4,408,+1(5),-,+2(86),-,+5(160),-,-5,-,-,-,-,-6,+1(57),55%,Bronze,张晓昊,曹思宇,王珩,N,N
112,73,山东大学（威海）,萌新不打铁,4,424,+2(9),-,+2(129),-,+4(133),-,-,-,-,-,-,-,+1(53),55%,Bronze,倪子鉴,张智航,魏志祥,N,N
113,74,厦门大学,更漏子,4,444,+1(2),-,+4(59),-,-12,-,+5(190),-,-,-,-,-,+1(53),63%,Bronze,邹品聪,韩可可,黄凯佳,N,N
114,75,西南科技大学,发落皈依，卿容犹记,4,448,+1(5),-,+5(196),-,+3(77),-,-3,-,-,-1,-,-7,+1(50),60%,Bronze,吴宇宏,张宇含,高源,N,N
115,,哈尔滨工业大学（深圳）,裁雨留虹,4,451,+1(4),-,+2(181),-,+2(129),-,-,-,-,-,-,-3,+2(77),42%,Bronze,伍华东,周大福,陈识曲,N,N
116,,北京师范大学,熊猫,4,468,+1(5),-,+1(179),-,+4(164),-,-,-,-,-,-,-3,+1(60),42%,Bronze,何佳文,段欣然,陈志锐,N,N
117,76,北京化工大学,订阅号,4,469,+1(7),-,+3(205),-,+2(140),-,-1,-,-,-,-,-,+1(57),42%,Bronze,刘祥睿,邱若昕,黄东琦,N,N
118,77,哈尔滨工业大学（威海）,#66CCFF,4,471,+1(15),-,+4(231),-,+1(109),-,-7,-,-,-,-,-,+1(56),42%,Bronze,刘梓竣,孙皓宇,张阳,N,N
118,,福州大学,热带风味冰红茶,4,471,+1(5),-,+2(266),-,+2(139),-,-1,-,-,-,-,-,+1(21),33%,Bronze,叶林忠,李鸿宇,潘泓岳,N,N
120,78,东北师范大学,可燃乌龙茶,4,475,+1(13),-,+1(123),-,+3(227),-,-,-,-,-,-,-6,+1(72),33%,Bronze,吴越洋,张沛毅,陈胤儒,N,N
121,79,西南交通大学,站着挣钱（小学版）,4,481,+1(8),-,+2(197),-,+3(99),-,-,-,-,-1,-,-,+3(77),55%,Bronze,宋明富,王翔宇,陈越,N,N
122,80,北华大学,卧龙,4,485,+1(6),-,+1(162),-,+2(246),-,-,-,-,-,-,-1,+1(51),20%,Bronze,杜琪,袁一骏,陈君杰,N,N
123,81,绍兴文理学院,破晓,4,486,+1(6),-,+2(167),-,+3(216),-,-,-,-,-,-,-2,+1(37),42%,Bronze,孟嘉政,范康鑫,郑柏成,N,N
124,82,西北工业大学,就在今天,4,490,+2(6),-,+1(169),-,+2(198),-,-4,-,-,-,-,-,+1(77),33%,Bronze,杨莫凡,范大卫,要凌峰,N,N
125,83,江西师范大学,ero automaton,4,521,+2(13),-,+3(167),-,+5(164),-,-4,-,-,-,-2,-,+1(37),63%,Bronze,张天福,陈哲,颜玮琦,N,N
126,84,大连理工大学,鹏鹏今天吃什么,4,523,+1(7),-,+1(130),-,+1(170),-,-,-,-,-6,-,-,+2(196),20%,Bronze,赵钧鹏,邓思航,高金鹏,N,N
127,85,合肥工业大学,队伍名健康积极向上,4,531,+1(8),-,+4(161),-,+2(225),-,-,-,-,-,-,-,+1(57),50%,Bronze,徐泽宇,易锦均,黄枭威,N,N
128,86,浙大城市学院,逃跑太阳,4,536,+2(18),-,+4(234),-,+2(111),-,-,-,-,-,-,-,+2(53),60%,Bronze,周思盈,李时博,纪国强,N,N
129,,暨南大学,追追光者者,4,545,+1(6),-,+2(260),-,+2(174),-,-,-,-,-,-,-,+2(45),42%,Bronze,周祝涛,李安宁,,N,N
130,,哈尔滨工业大学（威海）,七仪鹿~,4,548,+1(11),-,-8,-,+2(135),-,+1(205),-,-,-,-,-,+2(157),33%,Bronze,刘金澜,张仪,杨志超,N,N
131,87,天津理工大学,打铁还需自身硬,4,569,+1(5),-,+3(249),-,+7(140),-,-,-,-,-10,-,-,+1(15),66%,Bronze,向东,罗耀宇,陈佳博,N,N
132,,浙江理工大学,赚钱小分队,4,570,+1(6),-,+1(211),-,+3(277),-,-2,-,-,-,-,-,+1(36),33%,Bronze,吴士超,楼家豪,瞿程浩,N,N
133,88,武汉科技大学,典一份恒好喝的胡na汤,4,575,+2(9),-,+5(217),-,+3(126),-,-6,-,-,-,-,-,+2(63),66%,Bronze,孙煜恒,胡可欣,贾金,N,N
134,89,苏州大学,驯服流星,4,577,+1(7),-,+1(248),-,+2(213),-,-1,-,-,-,-,-1,+1(89),20%,Bronze,杨哲元,柯骅,陈夫瑞,N,N
135,,浙江工商大学,老年观光团,4,583,+1(8),-,+5(175),-,+3(214),-,-1,-,-,-,-,-,+2(46),63%,Bronze,傅嘉豪,冯则涛,王铭阳,N,N
136,,同济大学,蓝猪,4,593,+1(7),-,+4(243),-,+3(166),-,-,-,-,-4,-,-,+1(77),55%,Bronze,张弛,杨宇卓,王钧涛,N,N
137,90,广东外语外贸大学,数组初始化了吗,4,602,+1(6),-,+2(272),-,+2(209),-,-,-,-,-,-,-,+1(75),33%,Bronze,吴泳彤,王辕,黄智维,N,N
138,,西南科技大学,满目霜花云弄雪,4,603,+1(7),-,+8(236),-,+1(125),-,-3,-,-,-,-,-,+2(75),66%,Bronze,毛宝文,纪佳宇,陆承长,N,N
139,91,广西科技大学,猫猫头与好朋友们,4,612,+1(5),-,+1(218),-,+3(154),-,-,-,-,-,-,-,+3(155),50%,Bronze,朱尘岳,李欣燃,高业诚,N,N
140,92,长春理工大学,魏 龙 神 正 名,4,615,+1(6),-,+1(154),-,-8,-,+4(280),-,-,-,-,-,+1(115),42%,Bronze,任鑫,铁博文,魏龙飞,N,N
141,93,华中师范大学,五五开,4,622,+1(7),-,-,-,+7(252),-,+1(195),-,-,-,-,-,+1(48),60%,Bronze,刘耀威,张国涛,杨泽坤,N,N
142,94,大连大学,《2022年秋季学期学生返校告知书》,4,632,+1(10),-,+4(108),-,-5,-,+9(260),-,-,-,-,-,+1(34),73%,Bronze,刘逸飞,郭涵涛,魏恒彬,N,N
143,,上海大学,我星之守护者,4,633,+1(4),-,+1(252),-,+3(136),-,-,-,-,-,-,-,+3(161),50%,Bronze,康高熙,李梓航,王静颐,N,N
144,,青岛大学,打铁自动机,4,638,+1(8),-,+2(287),-,+3(209),-,-,-,-,-,-,-,+1(74),42%,Bronze,张泽纬,祝奕骏,马一铭,N,N
145,95,北方工业大学,好运来,4,645,+2(23),-,+1(247),-,+2(191),-,-,-,-,-,-,-,+2(124),42%,Honorable,于新程,林达华,郭志坚,N,N
146,,哈尔滨工业大学（威海）,顺锋起笔,4,649,+1(9),-,+3(151),-,-18,-,+6(248),-,-,-,-,-,+4(41),71%,Honorable,严煜,王子康,纪鑫鹏,N,N
147,96,西北农林科技大学,下次一定换个二次元队名,4,667,+1(5),-4,+1(233),-,+7(235),-,-,-,-,-,-,-,+2(54),63%,Honorable,王明栋,蔡祺峰,龚城圩,N,N
147,96,河海大学,Akers,4,667,+1(15),-,+2(254),-,+4(196),-,-,-,-,-,-,-,+2(102),55%,Honorable,刘洋,张宇,黄兆彬,N,N
149,98,广东工业大学揭阳校区,AC_funny,4,671,+1(9),-,+2(292),-,+5(161),-,-,-,-,-,-,-,+2(89),60%,Honorable,袁畅,钟鸣,黄子扬,N,N
150,,华中科技大学,fufu 吃大米,4,679,+1(5),-,+4(121),-,+15(169),-,-8,-,-,-,-,-5,+1(44),80%,Honorable,冯业齐,胡伟江,黄浚源,N,N
150,,电子科技大学,UESTC_Broforce,4,679,+1(6),-,+3(201),-,+8(246),-,-,-,-,-4,-,-,+1(46),69%,Honorable,李尚融,李林泽,程智涛,N,N
150,99,石家庄铁道大学,留给咱们的时间不多了,4,679,+1(7),-,+4(275),-,+2(268),-,-,-,-,-,-,-,+1(49),50%,Honorable,宋世鹏,李思成,胡赞,N,N
153,100,浙江万里学院,风灵月影,4,691,+1(4),-,+3(239),-,+4(288),-,-,-,-,-10,-,-,+1(60),55%,Honorable,周启鸿,林哲正,郭义杰,N,N
154,,杭州电子科技大学,杭电5队,4,694,+1(10),-,+1(202),-,+8(240),-,-3,-,-,-,-,-,+1(102),63%,Honorable,万扬,张易,金楷鑫,N,N
155,,大连理工大学,给个AC吧,4,695,+1(9),-,+1(238),-,+2(243),-,-1,-,-,-,-,-,+4(125),50%,Honorable,张正礼,石炎东,韦品桓,N,N
156,101,南京师范大学,这么巧，你也是ikun,4,697,+1(5),-,+4(214),-,+5(290),-,-,-,-,-,-,-,+1(48),63%,Honorable,周旻硕,季润民,彭章荣,N,N
157,102,浙江科技学院,浙科五队,4,706,+1(8),-,+5(289),-,+4(219),-,-,-,-,-,-,-,+1(50),63%,Honorable,杨之川,葛伟杰,黄俊豪,N,N
158,103,山东理工大学,重生之只会做假题,4,719,+1(3),-,+10(224),-,+6(164),-,-4,-,-,-,-,-,+2(28),78%,Honorable,徐董鑫,马健文,马润东,N,N
159,104,西安理工大学,德鲁比,4,720,+1(9),-,+2(275),-,+4(279),-,-,-,-,-,-,-,+1(77),50%,Honorable,徐浩然,赵铭骏,金钰奇,N,N
160,,武汉大学,逸远丁真,4,731,+1(20),-,+1(293),-,+2(150),-,-4,-,-,-,-,-,+5(168),55%,Honorable,孙文韬,朱卓远,汪昊楠,N,N
161,,北京化工大学,三人两伞,4,733,+1(6),-,+1(201),-,+11(274),-,-,-,-,-,-,-,+1(52),71%,Honorable,曾梓勋,梁凯星,洪枢适,N,N
162,,天津大学,背着队友偷偷A题,4,743,+2(7),-,+2(272),-,+7(232),-,-2,-,-,-,-,-,+2(52),69%,Honorable,刘汶铮,安外尔艾力西尔,陈曦,N,N
163,105,华南师范大学,梭哈队,4,767,+1(4),-,+5(237),-,+6(273),-,-,-,-,-,-,-,+1(73),69%,Honorable,冼嘉荣,林叶华,覃醒亮,N,N
164,,杭州师范大学,鹤望兰,4,802,+1(5),-,+2(238),-,+6(283),-,-4,-,-,-,-,-,+1(156),60%,Honorable,林宏磊,邵铁夫,陈银桦,N,N
165,106,广西大学,Sakana，你让我陷入疯狂！,4,804,+1(8),-,+4(249),-,+4(295),-,-,-,-,-,-,-,+1(132),60%,Honorable,孙城涛,洪越,蓝秋雨,N,N
166,,武汉科技大学,无星之夜,4,820,+1(4),-,+12(227),-,+2(217),-,-1,-,-,-,-,-,+3(92),77%,Honorable,聂泽锴,胡步,郑天佑,N,N
167,107,宁波大学,三个核桃,4,860,+1(13),-,+4(230),-,+6(284),-,-,-,-,-,-,-,+5(93),75%,Honorable,卢山,李幸尔,林宜鹏,N,N
168,,福州大学,我队友什么时候上紫捏,4,898,+1(6),-,+5(215),-,+15(271),-,-12,-,-,-,-,-,+1(46),81%,Honorable,傅安,李哲,黄腾,N,N
169,108,安徽工业大学,糊涂涂,4,905,+1(9),-,+11(260),-,+6(224),-1,-9,-1,-1,-1,-,-,+3(72),80%,Honorable,张孟来,王锦波,郝思凯,N,N
170,109,河北大学,河北大学云帆一队,4,955,+1(4),-,+3(152),-,+18(267),-,-,-,-,-,-,-,+4(92),84%,Honorable,刘哲轩,王旭,赵润朔,N,N
171,110,燕山大学,塔山之巅,4,1209,+1(6),-,+5(291),-,+11(293),-,-,-,-,-,-,-,+9(179),84%,Honorable,孙振轩,李一阳,赵玉航,N,N
172,111,河南科技大学,jww,3,203,+1(9),-,+2(135),-,-21,-,-,-,-,-,-,-,+1(39),25%,Honorable,王若龙,蒋成冉,钦钊,N,N
173,112,河北师范大学,转生成为邦德公主变阿尼亚小姐的狗,3,216,+1(9),-,-9,-,+1(53),-,-,-,-,-,-,-,+2(134),25%,Honorable,翟一可,赵洪博,陈俊杰,N,N
174,,东南大学,神奇海螺,3,222,+1(4),-,+1(64),-,-,-,-,-,-,-,-2,-,+1(154),0%,Honorable,侯博凡,王俊,胡佳栋,N,N
175,113,齐鲁工业大学,我还寻思你能早点帮我搬下行李呢,3,228,+1(8),-,+1(178),-,-9,-,-,-,-,-,-,-,+1(42),0%,Honorable,刘易凡,王金旭,许一鸣,N,N
176,114,怀化学院,让我继续康康,3,237,+1(7),-,+1(146),-,-7,-,-,-,-,-,-,-,+1(84),0%,Honorable,廖杰炎,方玮麟,王文韬,N,N
177,115,中南大学,T-34,3,250,+1(6),-,+1(187),-,-14,-,-,-,-,-,-,-,+1(57),0%,Honorable,叶则杨,李松佑,谭宇豪,N,N
178,,西南科技大学,生如夏花,3,253,+1(7),-,+1(203),-,-9,-,-2,-,-,-,-,-,+1(43),0%,Honorable,严天羿,朱杰,魏云鹏,N,N
179,116,北京师范大学珠海校区,先特判样例,3,281,+2(12),-,-3,-,+3(138),-,-,-,-,-,-,-,+1(71),50%,Honorable,张民轩,张涵,王昱超,N,N
180,,广西大学,芝士雪豹,3,296,+1(9),-,-,-,+1(225),-,-,-,-,-,-,-,+1(62),0%,Honorable,张一凡,王辰昊,黄连东,N,N
181,,中国石油大学（华东）,Chinanako,3,299,+1(5),-,-9,-,+4(143),-,-,-,-,-3,-6,-,+1(91),50%,Honorable,刘德雨,唐喜,陈冠融,N,N
182,117,东北大学,东北大学_贰佰三十四,3,301,+1(10),-,+2(229),-,-9,-,-,-,-,-,-,-,+1(42),25%,Honorable,王泽宇,董一如,郑彤,N,N
183,118,浙江机电职业技术学院,念念不忘必有回响,3,302,+1(7),-,+1(244),-,-1,-,-,-,-,-,-,-,+1(51),0%,Honorable,周伟剑,张谦,赵郑重,N,N
184,119,齐齐哈尔大学,在想了在想了,3,316,+1(11),-,+2(219),-,-7,-,-,-,-,-,-,-,+2(46),40%,Honorable,卢宇亮,胡永顺,邹建楠,N,N
185,120,中原工学院,你怎么睡得着的呀,3,322,+1(13),-,+1(214),-,-11,-,-,-,-,-,-,-,+1(95),0%,Honorable,李传坤,程子函,郭栋,N,N
186,121,平顶山学院,平顶山学院二队,3,324,+1(10),-,+2(187),-,-12,-,-,-,-,-,-,-,+1(107),25%,Honorable,冯梦星,朱梦飞,胡庆博,N,N
187,122,常熟理工学院,鳖载着理发店,3,331,+1(8),-,+2(201),-,-17,-,-,-,-,-,-,-,+2(82),40%,Honorable,张明旭,林强,陈昭,N,N
188,123,长沙理工大学,3TM,3,336,+1(5),-,-9,-,+6(134),-,-,-,-,-,-,-,+2(77),66%,Honorable,何晶,彭烨青,陈亮,N,N
188,123,电子科技大学中山学院,文君志鸿2022,3,336,+1(4),-,+3(249),-,-3,-,-,-,-,-,-,-,+1(43),40%,Honorable,吴宝,林国杰,陈佳宝,N,N
190,,合肥工业大学,知枚举可而为之,3,339,+1(12),-,+2(243),-,-5,-,-,-,-,-,-,-,+1(64),25%,Honorable,周家俊,葛嘉晨,陈浩杰,N,N
190,125,武汉纺织大学,仿生人会梦到电子羊吗,3,339,+2(10),-,+1(258),-,-7,-,-,-,-,-,-,-,+1(51),25%,Honorable,曹翔宇,祝津一,种佳琪,N,N
192,126,中国计量大学,fufu吃大米,3,344,+1(7),-,-1,-,+3(195),-,-,-,-,-,-,-,+2(82),50%,Honorable,刘昕,裴君辉,金晖,N,N
193,127,湖南师范大学,瞻彼旱麓,3,345,+1(17),-,+1(233),-,-2,-,-,-,-,-,-,-,+1(95),0%,Honorable,何嘉骏,王万福,胡缘,N,N
194,,华南师范大学,天江行者,3,355,+1(8),-,+1(285),-,-9,-,-,-,-,-,-,-,+1(62),0%,Honorable,吴清源,覃梓鑫,黄一肯,N,N
195,,常熟理工学院,按照常理出牌,3,357,+1(3),-,+3(256),-,-10,-,-3,-,-,-,-,-,+1(58),40%,Honorable,常博豪,徐柔,杨淳智,N,N
196,128,盐城工学院,赟赟之队,3,363,+1(9),-,+6(197),-,-4,-,-,-,-,-,-,-,+1(57),62%,Honorable,戴赟,曹鑫,韩逸凡,N,N
197,129,黑龙江大学,69岁扶墙上树,3,376,+3(11),-,+1(261),-,-1,-,-,-,-,-,-,-,+1(64),40%,Honorable,杨启欣,王子旭,邱胜立,N,N
198,130,南京理工大学,猫猫头没有头,3,388,+1(10),-,+4(231),-,-4,-,-11,-,-,-,-,-,+1(87),50%,Honorable,何丰辰,张悦熠,王一萌,N,N
199,131,阜阳师范大学,我就想拿个牌儿,3,397,+2(9),-,+2(285),-,-5,-,-,-,-,-,-,-,+1(63),40%,Honorable,储思晴,谢天意,谢腾飞,N,N
200,132,华中农业大学,给个牌子,3,405,+1(7),-,-,-,+2(244),-,-,-,-,-,-,-,+2(114),40%,Honorable,李俊松,赵彬波,邵晨曦,N,N
201,,华南师范大学,我要过六级,3,412,+1(7),-,+1(258),-,-7,-,-,-,-,-,-,-,+3(107),40%,Honorable,甘一伟,郑子荣,陆锦浩,N,N
202,133,青岛科技大学,斯卡布罗集市,3,450,+1(7),-,+4(288),-,-9,-,-6,-,-,-,-,-,+2(75),57%,Honorable,侯佳文,朱文杰,高英翔,N,N
203,134,华北理工大学,深黑幻想,3,467,+1(5),-,+7(270),-,-9,-,-,-,-,-,-,-,+2(52),70%,Honorable,周广越,尹尚龙,张恒旭,N,N
204,135,上海财经大学,SAKANA,3,469,+1(18),-,+2(279),-,-6,-,-,-,-,-,-,-,+1(152),25%,Honorable,曹人杰,费煜章,郭士纳,N,N
205,,中国计量大学,大恶人组织,3,473,+1(8),-,+1(240),-,+4(165),-,-,-,-,-,-,-,-5,50%,Honorable,杨亦栋,苗先涛,金志韬,N,N
206,,浙江工商大学,菲菲公组,3,564,+1(9),-,-,-,+2(253),-,-,-,-,-,-,-,+3(242),50%,Honorable,朱超宇,李佳谕,江锦文,N,N
207,,大连大学,还想要一个气球,3,637,+1(11),-,+3(272),-,-1,-,-,-,-,-,-,-,+6(214),70%,Honorable,孙文棋,李承昊,李民豪,N,N
208,136,河南财政金融学院,wawa自动机,2,46,+1(8),-,-1,-,-1,-,-,-,-,-,-,-,+1(38),0%,Honorable,李祖卫,王梦贤,秦卓,N,N
209,137,沈阳理工大学,丁真,2,50,+1(6),-,-,-,-16,-,-,-,-,-1,-,-,+1(44),0%,Honorable,茅泉浩,金典,金铉杰,N,N
210,,常熟理工学院,K-ONNN,2,55,+1(9),-,-1,-,-1,-,-,-,-,-,-,-,+1(46),0%,Honorable,严俊华,曾谷优,郭仕杰,N,N
211,138,长沙学院,有向无环图,2,64,+1(7),-,-,-,-5,-,-,-,-,-,-,-,+1(57),0%,Honorable,张政东,李杰,高天宇,N,N
212,139,安阳工学院,各路大佬轻点锤-1,2,84,+1(11),-,-,-,-5,-,-,-,-,-,-,-,+1(73),0%,Honorable,刘浩林,张哲,贾智卓,N,N
213,140,临沂大学,小空洞骑士,2,87,+1(5),-,-6,-,-2,-,-,-,-,-,-,-,+1(82),0%,Honorable,张克嘉,王恒,范朝辉,N,N
214,141,郑州轻工业大学,没有数理基础,2,97,+1(6),-,-,-,-5,-,-,-,-,-,-,-,+2(71),33%,Honorable,刘子豪,卢亚冬,赵清杨,N,N
215,142,浙江中医药大学,ZCMU-滨文路548号,2,102,+2(10),-,-8,-,-6,-,-,-,-,-,-,-,+1(72),33%,Honorable,姚冠宇,毛冬冬,盛子阳,N,N
216,143,惠州学院,using namespace QAQ,2,106,+1(13),-,-,-,-5,-,-,-,-,-,-,-,+1(93),0%,Honorable,杨锦营,王伟炫,陈洋浩,N,N
217,144,合肥学院,菲尼克斯,2,109,+1(10),-,-7,-,-4,-,-,-,-,-,-,-,+1(99),0%,Honorable,张帅,王彩超,王星力,N,N
218,145,黑龙江工程学院,川林打烨,2,110,+2(13),-,-5,-,-2,-,-,-,-,-,-,-,+1(77),33%,Honorable,张烨,陈玉川,黄志烨,N,N
219,146,中南民族大学,雪糕爱学习,2,111,+1(5),-,-,-,-9,-,-,-,-,-4,-,-,+2(86),33%,Honorable,李雪松,罗巧如,闪陆易,N,N
220,147,成都锦城学院,崧崧我的崧崧呜呜呜,2,121,+1(4),-,-11,-,-5,-,-,-,-,-,-,-,+2(97),33%,Honorable,王崧,王睿,赵夕朝,N,N
221,148,湖北第二师范学院,靓神天下第一,2,125,+1(8),-,-2,-,-1,-,-,-,-,-,-,-,+1(117),0%,Honorable,李靓,邵冲,陈路迪,N,N
222,149,新疆大学,可乐炖鸡,2,126,+1(23),-,-4,-,-5,-,-,-,-,-,-,-,+1(103),0%,Honorable,李佳胜,罗逸聪,邹炎均,N,N
223,,华南师范大学,纯爱战士薄纱牛头人,2,130,+1(5),-,-,-,-4,-,-,-,-,-,-,-,+3(85),50%,Honorable,张怡丰,薛昌顺,袁基保,N,N
224,150,云南大学,十字工会,2,144,+1(9),-,-,-,-12,-,-,-,-,-,-,-,+1(135),0%,Honorable,崔耀,杨承松,王宇轩,N,N
225,151,北京林业大学,北林合伙人,2,148,+1(11),-,-,-,-2,-,-1,-,-,-,-,-,+2(117),33%,Honorable,周子涵,肖云鸿,赵硕,N,N
226,152,福建工程学院,太难了姐,2,150,+1(12),-,-,-,-1,-,-,-,-,-,-,-,+2(118),33%,Honorable,刘婧茹,薛振松,邱奕涵,N,N
227,153,北京联合大学,三点一线,2,163,+1(9),-,-2,-,-,-,-,-,-,-,-,-,+3(114),50%,Honorable,王翊伟,钟水清,饶超,N,N
228,154,中国地质大学（北京）,队名已隐藏,2,169,+1(13),-,-,-,-8,-,-,-,-,-,-,-,+2(136),33%,Honorable,万楹凯,侯雨婷,纪永辉,N,N
229,155,厦门理工学院,换行也没用,2,209,+1(12),-,-5,-,-4,-,-,-,-,-,-,-,+3(157),50%,Honorable,杨晨曦,赖荣峰,黄鸿,N,N
230,156,中国传媒大学,智能工人队,2,270,+2(15),-,-5,-,-1,-,-,-,-,-,-,-,+7(115),77%,Honorable,凌海,沈钰欣,许安超,N,N
231,,兰州大学,树堆栈队,2,285,+1(20),-,+1(265),-,-5,-,-,-,-,-,-,-,-9,0%,Honorable,周天硕,孙培然,胡日臻,N,N
232,157,广西民族大学,无语了,2,326,+1(7),-,-,-,-1,-,-,-,-,-,-,-,+5(239),66%,Honorable,吕继民,杨子龙,王志贤,N,N
233,158,长春工业大学,打铁时长两年半想拿金,2,338,+1(15),-,-,-,-3,-,-,-,-,-,-,-,+5(243),66%,Honorable,余欢欢,王闯,高新桂,N,N
234,159,华东理工大学,遇到什么bug都会横眉冷队,1,11,+1(11),-,-,-,-7,-,-,-,-,-,-,-,-5,0%,Honorable,诸建飞,高宇轩,黄赟,N,N
235,,西南科技大学,挂件*3,1,13,+1(13),-,-,-,-,-,-,-,-,-,-,-,-,0%,Honorable,李佳,李先烨,杨艺,N,N
236,160,重庆交通大学,重生之科目三考了七次,1,14,+1(14),-,-1,-,-5,-,-1,-,-,-,-,-1,-6,0%,Honorable,向科城,王靖,陈龙,N,N
237,,新疆大学,xju_03,1,16,+1(16),-,-,-,-4,-,-,-,-,-,-,-,-3,0%,Honorable,张家宝,杨弘毅,申骋昊,N,N
238,161,南京工业职业技术大学,NVUIT AC-1,1,18,+1(18),-,-,-,-10,-,-,-,-,-,-,-,-3,0%,Honorable,卢超月,吴家豪,杜宇洋,N,N
239,162,广州南方学院,狂怒,1,104,+5(24),-,-,-,-6,-,-,-,-,-,-,-3,-7,80%,Honorable,童希玮,谢旭鹏,黄嘉琳,N,N
240,163,阿坝师范学院,卷心菜,0,0,-,-,-,-,-,-,-,-,-,-,-,-,-,0%,Honorable,李先笙,江果益,谢文鹏,N,N
